profile,capacityGrowth,staffingResponse,gainShare,rule,minimumDemandGrowth,maximumEarningsIndex,maximumCareIndex,status
"documentation-heavy",20,0,0,"retained-rights","",98.2,120,"not-reachable"
"documentation-heavy",20,0,0,"growth-only","",98.2,120,"not-reachable"
"documentation-heavy",20,0,0.01,"retained-rights","",98.4,120,"not-reachable"
"documentation-heavy",20,0,0.01,"growth-only","",98.4,120,"not-reachable"
"documentation-heavy",20,0,0.02,"retained-rights","",98.6,120,"not-reachable"
"documentation-heavy",20,0,0.02,"growth-only","",98.6,120,"not-reachable"
"documentation-heavy",20,0,0.03,"retained-rights","",98.8,120,"not-reachable"
"documentation-heavy",20,0,0.03,"growth-only","",98.8,120,"not-reachable"
"documentation-heavy",20,0,0.04,"retained-rights","",99,120,"not-reachable"
"documentation-heavy",20,0,0.04,"growth-only","",99,120,"not-reachable"
"documentation-heavy",20,0,0.05,"retained-rights","",99.2,120,"not-reachable"
"documentation-heavy",20,0,0.05,"growth-only","",99.2,120,"not-reachable"
"documentation-heavy",20,0,0.06,"retained-rights","",99.4,120,"not-reachable"
"documentation-heavy",20,0,0.06,"growth-only","",99.4,120,"not-reachable"
"documentation-heavy",20,0,0.07,"retained-rights","",99.6,120,"not-reachable"
"documentation-heavy",20,0,0.07,"growth-only","",99.6,120,"not-reachable"
"documentation-heavy",20,0,0.08,"retained-rights","",99.8,120,"not-reachable"
"documentation-heavy",20,0,0.08,"growth-only","",99.8,120,"not-reachable"
"documentation-heavy",20,0,0.09,"retained-rights",19.999999999999908,100,120,"reachable"
"documentation-heavy",20,0,0.09,"growth-only",19.999999999999908,100,120,"reachable"
"documentation-heavy",20,0,0.1,"retained-rights",17.99999999999993,100.2,120,"reachable"
"documentation-heavy",20,0,0.1,"growth-only",17.99999999999993,100.2,120,"reachable"
"documentation-heavy",20,0,0.11,"retained-rights",16.363636363636292,100.4,120,"reachable"
"documentation-heavy",20,0,0.11,"growth-only",16.363636363636292,100.4,120,"reachable"
"documentation-heavy",20,0,0.12,"retained-rights",14.999999999999925,100.6,120,"reachable"
"documentation-heavy",20,0,0.12,"growth-only",14.999999999999925,100.6,120,"reachable"
"documentation-heavy",20,0,0.13,"retained-rights",13.846153846153776,100.8,120,"reachable"
"documentation-heavy",20,0,0.13,"growth-only",13.846153846153776,100.8,120,"reachable"
"documentation-heavy",20,0,0.14,"retained-rights",12.857142857142811,101,120,"reachable"
"documentation-heavy",20,0,0.14,"growth-only",12.857142857142811,101,120,"reachable"
"documentation-heavy",20,0,0.15,"retained-rights",11.999999999999943,101.2,120,"reachable"
"documentation-heavy",20,0,0.15,"growth-only",11.999999999999943,101.2,120,"reachable"
"documentation-heavy",20,0,0.16,"retained-rights",11.249999999999961,101.4,120,"reachable"
"documentation-heavy",20,0,0.16,"growth-only",11.249999999999961,101.4,120,"reachable"
"documentation-heavy",20,0,0.17,"retained-rights",10.58823529411761,101.6,120,"reachable"
"documentation-heavy",20,0,0.17,"growth-only",10.58823529411761,101.6,120,"reachable"
"documentation-heavy",20,0,0.18,"retained-rights",9.999999999999964,101.8,120,"reachable"
"documentation-heavy",20,0,0.18,"growth-only",9.999999999999964,101.8,120,"reachable"
"documentation-heavy",20,0,0.19,"retained-rights",9.47368421052628,102,120,"reachable"
"documentation-heavy",20,0,0.19,"growth-only",9.47368421052628,102,120,"reachable"
"documentation-heavy",20,0,0.2,"retained-rights",8.999999999999964,102.2,120,"reachable"
"documentation-heavy",20,0,0.2,"growth-only",8.999999999999964,102.2,120,"reachable"
"documentation-heavy",20,0,0.21,"retained-rights",8.571428571428541,102.4,120,"reachable"
"documentation-heavy",20,0,0.21,"growth-only",8.571428571428541,102.4,120,"reachable"
"documentation-heavy",20,0,0.22,"retained-rights",8.181818181818157,102.60000000000001,120,"reachable"
"documentation-heavy",20,0,0.22,"growth-only",8.181818181818157,102.60000000000001,120,"reachable"
"documentation-heavy",20,0,0.23,"retained-rights",7.826086956521716,102.8,120,"reachable"
"documentation-heavy",20,0,0.23,"growth-only",7.826086956521716,102.8,120,"reachable"
"documentation-heavy",20,0,0.24,"retained-rights",7.499999999999973,103,120,"reachable"
"documentation-heavy",20,0,0.24,"growth-only",7.499999999999973,103,120,"reachable"
"documentation-heavy",20,0,0.25,"retained-rights",7.199999999999984,103.2,120,"reachable"
"documentation-heavy",20,0,0.25,"growth-only",7.199999999999984,103.2,120,"reachable"
"documentation-heavy",20,0,0.26,"retained-rights",6.9230769230768985,103.4,120,"reachable"
"documentation-heavy",20,0,0.26,"growth-only",6.9230769230768985,103.4,120,"reachable"
"documentation-heavy",20,0,0.27,"retained-rights",6.666666666666643,103.60000000000001,120,"reachable"
"documentation-heavy",20,0,0.27,"growth-only",6.666666666666643,103.60000000000001,120,"reachable"
"documentation-heavy",20,0,0.28,"retained-rights",6.428571428571406,103.8,120,"reachable"
"documentation-heavy",20,0,0.28,"growth-only",6.428571428571406,103.8,120,"reachable"
"documentation-heavy",20,0,0.29,"retained-rights",6.206896551724128,104,120,"reachable"
"documentation-heavy",20,0,0.29,"growth-only",6.206896551724128,104,120,"reachable"
"documentation-heavy",20,0,0.3,"retained-rights",5.999999999999983,104.2,120,"reachable"
"documentation-heavy",20,0,0.3,"growth-only",5.999999999999983,104.2,120,"reachable"
"documentation-heavy",20,0,0.31,"retained-rights",5.806451612903207,104.4,120,"reachable"
"documentation-heavy",20,0,0.31,"growth-only",5.806451612903207,104.4,120,"reachable"
"documentation-heavy",20,0,0.32,"retained-rights",5.624999999999991,104.60000000000001,120,"reachable"
"documentation-heavy",20,0,0.32,"growth-only",5.624999999999991,104.60000000000001,120,"reachable"
"documentation-heavy",20,0,0.33,"retained-rights",5.454545454545445,104.80000000000001,120,"reachable"
"documentation-heavy",20,0,0.33,"growth-only",5.454545454545445,104.80000000000001,120,"reachable"
"documentation-heavy",20,0,0.34,"retained-rights",5.294117647058805,105,120,"reachable"
"documentation-heavy",20,0,0.34,"growth-only",5.294117647058805,105,120,"reachable"
"documentation-heavy",20,0,0.35,"retained-rights",5.142857142857138,105.2,120,"reachable"
"documentation-heavy",20,0,0.35,"growth-only",5.142857142857138,105.2,120,"reachable"
"documentation-heavy",20,0,0.36,"retained-rights",4.999999999999982,105.4,120,"reachable"
"documentation-heavy",20,0,0.36,"growth-only",4.999999999999982,105.4,120,"reachable"
"documentation-heavy",20,0,0.37,"retained-rights",4.86486486486486,105.60000000000001,120,"reachable"
"documentation-heavy",20,0,0.37,"growth-only",4.86486486486486,105.60000000000001,120,"reachable"
"documentation-heavy",20,0,0.38,"retained-rights",4.73684210526315,105.80000000000001,120,"reachable"
"documentation-heavy",20,0,0.38,"growth-only",4.73684210526315,105.80000000000001,120,"reachable"
"documentation-heavy",20,0,0.39,"retained-rights",4.615384615384599,106,120,"reachable"
"documentation-heavy",20,0,0.39,"growth-only",4.615384615384599,106,120,"reachable"
"documentation-heavy",20,0,0.4,"retained-rights",4.499999999999993,106.2,120,"reachable"
"documentation-heavy",20,0,0.4,"growth-only",4.499999999999993,106.2,120,"reachable"
"documentation-heavy",20,0,0.41,"retained-rights",4.390243902439006,106.4,120,"reachable"
"documentation-heavy",20,0,0.41,"growth-only",4.390243902439006,106.4,120,"reachable"
"documentation-heavy",20,0,0.42,"retained-rights",4.2857142857142705,106.60000000000001,120,"reachable"
"documentation-heavy",20,0,0.42,"growth-only",4.2857142857142705,106.60000000000001,120,"reachable"
"documentation-heavy",20,0,0.43,"retained-rights",4.1860465116279055,106.80000000000001,120,"reachable"
"documentation-heavy",20,0,0.43,"growth-only",4.1860465116279055,106.80000000000001,120,"reachable"
"documentation-heavy",20,0,0.44,"retained-rights",4.090909090909078,107,120,"reachable"
"documentation-heavy",20,0,0.44,"growth-only",4.090909090909078,107,120,"reachable"
"documentation-heavy",20,0,0.45,"retained-rights",3.9999999999999813,107.2,120,"reachable"
"documentation-heavy",20,0,0.45,"growth-only",3.9999999999999813,107.2,120,"reachable"
"documentation-heavy",20,0,0.46,"retained-rights",3.913043478260869,107.4,120,"reachable"
"documentation-heavy",20,0,0.46,"growth-only",3.913043478260869,107.4,120,"reachable"
"documentation-heavy",20,0,0.47,"retained-rights",3.8297872340425476,107.59999999999998,120,"reachable"
"documentation-heavy",20,0,0.47,"growth-only",3.8297872340425476,107.59999999999998,120,"reachable"
"documentation-heavy",20,0,0.48,"retained-rights",3.7499999999999867,107.80000000000001,120,"reachable"
"documentation-heavy",20,0,0.48,"growth-only",3.7499999999999867,107.80000000000001,120,"reachable"
"documentation-heavy",20,0,0.49,"retained-rights",3.6734693877551017,107.99999999999999,120,"reachable"
"documentation-heavy",20,0,0.49,"growth-only",3.6734693877551017,107.99999999999999,120,"reachable"
"documentation-heavy",20,0,0.5,"retained-rights",3.600000000000003,108.2,120,"reachable"
"documentation-heavy",20,0,0.5,"growth-only",3.600000000000003,108.2,120,"reachable"
"documentation-heavy",20,0,0.51,"retained-rights",3.52941176470587,108.39999999999999,120,"reachable"
"documentation-heavy",20,0,0.51,"growth-only",3.52941176470587,108.39999999999999,120,"reachable"
"documentation-heavy",20,0,0.52,"retained-rights",3.4615384615384492,108.60000000000001,120,"reachable"
"documentation-heavy",20,0,0.52,"growth-only",3.4615384615384492,108.60000000000001,120,"reachable"
"documentation-heavy",20,0,0.53,"retained-rights",3.396226415094339,108.79999999999998,120,"reachable"
"documentation-heavy",20,0,0.53,"growth-only",3.396226415094339,108.79999999999998,120,"reachable"
"documentation-heavy",20,0,0.54,"retained-rights",3.3333333333333215,109.00000000000001,120,"reachable"
"documentation-heavy",20,0,0.54,"growth-only",3.3333333333333215,109.00000000000001,120,"reachable"
"documentation-heavy",20,0,0.55,"retained-rights",3.2727272727272716,109.19999999999999,120,"reachable"
"documentation-heavy",20,0,0.55,"growth-only",3.2727272727272716,109.19999999999999,120,"reachable"
"documentation-heavy",20,0,0.56,"retained-rights",3.214285714285703,109.4,120,"reachable"
"documentation-heavy",20,0,0.56,"growth-only",3.214285714285703,109.4,120,"reachable"
"documentation-heavy",20,0,0.57,"retained-rights",3.157894736842093,109.59999999999998,120,"reachable"
"documentation-heavy",20,0,0.57,"growth-only",3.157894736842093,109.59999999999998,120,"reachable"
"documentation-heavy",20,0,0.58,"retained-rights",3.103448275862064,109.79999999999998,120,"reachable"
"documentation-heavy",20,0,0.58,"growth-only",3.103448275862064,109.79999999999998,120,"reachable"
"documentation-heavy",20,0,0.59,"retained-rights",3.050847457627115,109.99999999999999,120,"reachable"
"documentation-heavy",20,0,0.59,"growth-only",3.050847457627115,109.99999999999999,120,"reachable"
"documentation-heavy",20,0,0.6,"retained-rights",3.0000000000000027,110.19999999999999,120,"reachable"
"documentation-heavy",20,0,0.6,"growth-only",3.0000000000000027,110.19999999999999,120,"reachable"
"documentation-heavy",20,0,0.61,"retained-rights",2.950819672131133,110.39999999999999,120,"reachable"
"documentation-heavy",20,0,0.61,"growth-only",2.950819672131133,110.39999999999999,120,"reachable"
"documentation-heavy",20,0,0.62,"retained-rights",2.9032258064516148,110.6,120,"reachable"
"documentation-heavy",20,0,0.62,"growth-only",2.9032258064516148,110.6,120,"reachable"
"documentation-heavy",20,0,0.63,"retained-rights",2.857142857142847,110.79999999999998,120,"reachable"
"documentation-heavy",20,0,0.63,"growth-only",2.857142857142847,110.79999999999998,120,"reachable"
"documentation-heavy",20,0,0.64,"retained-rights",2.8124999999999956,110.99999999999999,120,"reachable"
"documentation-heavy",20,0,0.64,"growth-only",2.8124999999999956,110.99999999999999,120,"reachable"
"documentation-heavy",20,0,0.65,"retained-rights",2.7692307692307683,111.19999999999999,120,"reachable"
"documentation-heavy",20,0,0.65,"growth-only",2.7692307692307683,111.19999999999999,120,"reachable"
"documentation-heavy",20,0,0.66,"retained-rights",2.7272727272727337,111.39999999999999,120,"reachable"
"documentation-heavy",20,0,0.66,"growth-only",2.7272727272727337,111.39999999999999,120,"reachable"
"documentation-heavy",20,0,0.67,"retained-rights",2.686567164179099,111.6,120,"reachable"
"documentation-heavy",20,0,0.67,"growth-only",2.686567164179099,111.6,120,"reachable"
"documentation-heavy",20,0,0.68,"retained-rights",2.6470588235294024,111.79999999999998,120,"reachable"
"documentation-heavy",20,0,0.68,"growth-only",2.6470588235294024,111.79999999999998,120,"reachable"
"documentation-heavy",20,0,0.69,"retained-rights",2.60869565217392,111.99999999999999,120,"reachable"
"documentation-heavy",20,0,0.69,"growth-only",2.60869565217392,111.99999999999999,120,"reachable"
"documentation-heavy",20,0,0.7,"retained-rights",2.57142857142858,112.19999999999999,120,"reachable"
"documentation-heavy",20,0,0.7,"growth-only",2.57142857142858,112.19999999999999,120,"reachable"
"documentation-heavy",20,0,0.71,"retained-rights",2.5352112676056304,112.39999999999999,120,"reachable"
"documentation-heavy",20,0,0.71,"growth-only",2.5352112676056304,112.39999999999999,120,"reachable"
"documentation-heavy",20,0,0.72,"retained-rights",2.499999999999991,112.6,120,"reachable"
"documentation-heavy",20,0,0.72,"growth-only",2.499999999999991,112.6,120,"reachable"
"documentation-heavy",20,0,0.73,"retained-rights",2.465753424657535,112.79999999999998,120,"reachable"
"documentation-heavy",20,0,0.73,"growth-only",2.465753424657535,112.79999999999998,120,"reachable"
"documentation-heavy",20,0,0.74,"retained-rights",2.43243243243243,112.99999999999999,120,"reachable"
"documentation-heavy",20,0,0.74,"growth-only",2.43243243243243,112.99999999999999,120,"reachable"
"documentation-heavy",20,0,0.75,"retained-rights",2.400000000000002,113.19999999999999,120,"reachable"
"documentation-heavy",20,0,0.75,"growth-only",2.400000000000002,113.19999999999999,120,"reachable"
"documentation-heavy",20,0,0.76,"retained-rights",2.368421052631575,113.39999999999999,120,"reachable"
"documentation-heavy",20,0,0.76,"growth-only",2.368421052631575,113.39999999999999,120,"reachable"
"documentation-heavy",20,0,0.77,"retained-rights",2.3376623376623273,113.6,120,"reachable"
"documentation-heavy",20,0,0.77,"growth-only",2.3376623376623273,113.6,120,"reachable"
"documentation-heavy",20,0,0.78,"retained-rights",2.3076923076922995,113.79999999999998,120,"reachable"
"documentation-heavy",20,0,0.78,"growth-only",2.3076923076922995,113.79999999999998,120,"reachable"
"documentation-heavy",20,0,0.79,"retained-rights",2.278481012658218,113.99999999999999,120,"reachable"
"documentation-heavy",20,0,0.79,"growth-only",2.278481012658218,113.99999999999999,120,"reachable"
"documentation-heavy",20,0,0.8,"retained-rights",2.2499999999999964,114.19999999999999,120,"reachable"
"documentation-heavy",20,0,0.8,"growth-only",2.2499999999999964,114.19999999999999,120,"reachable"
"documentation-heavy",20,0,0.81,"retained-rights",2.2222222222222143,114.39999999999999,120,"reachable"
"documentation-heavy",20,0,0.81,"growth-only",2.2222222222222143,114.39999999999999,120,"reachable"
"documentation-heavy",20,0,0.82,"retained-rights",2.195121951219514,114.6,120,"reachable"
"documentation-heavy",20,0,0.82,"growth-only",2.195121951219514,114.6,120,"reachable"
"documentation-heavy",20,0,0.83,"retained-rights",2.168674698795181,114.8,120,"reachable"
"documentation-heavy",20,0,0.83,"growth-only",2.168674698795181,114.8,120,"reachable"
"documentation-heavy",20,0,0.84,"retained-rights",2.1428571428571352,114.99999999999999,120,"reachable"
"documentation-heavy",20,0,0.84,"growth-only",2.1428571428571352,114.99999999999999,120,"reachable"
"documentation-heavy",20,0,0.85,"retained-rights",2.117647058823535,115.19999999999999,120,"reachable"
"documentation-heavy",20,0,0.85,"growth-only",2.117647058823535,115.19999999999999,120,"reachable"
"documentation-heavy",20,0,0.86,"retained-rights",2.0930232558139528,115.39999999999999,120,"reachable"
"documentation-heavy",20,0,0.86,"growth-only",2.0930232558139528,115.39999999999999,120,"reachable"
"documentation-heavy",20,0,0.87,"retained-rights",2.0689655172413834,115.6,120,"reachable"
"documentation-heavy",20,0,0.87,"growth-only",2.0689655172413834,115.6,120,"reachable"
"documentation-heavy",20,0,0.88,"retained-rights",2.0454545454545503,115.8,120,"reachable"
"documentation-heavy",20,0,0.88,"growth-only",2.0454545454545503,115.8,120,"reachable"
"documentation-heavy",20,0,0.89,"retained-rights",2.0224719101123556,115.99999999999999,120,"reachable"
"documentation-heavy",20,0,0.89,"growth-only",2.0224719101123556,115.99999999999999,120,"reachable"
"documentation-heavy",20,0,0.9,"retained-rights",2.0000000000000018,116.19999999999999,120,"reachable"
"documentation-heavy",20,0,0.9,"growth-only",2.0000000000000018,116.19999999999999,120,"reachable"
"documentation-heavy",20,0,0.91,"retained-rights",1.978021978021971,116.39999999999999,120,"reachable"
"documentation-heavy",20,0,0.91,"growth-only",1.978021978021971,116.39999999999999,120,"reachable"
"documentation-heavy",20,0,0.92,"retained-rights",1.9565217391304346,116.6,120,"reachable"
"documentation-heavy",20,0,0.92,"growth-only",1.9565217391304346,116.6,120,"reachable"
"documentation-heavy",20,0,0.93,"retained-rights",1.9354838709677358,116.8,120,"reachable"
"documentation-heavy",20,0,0.93,"growth-only",1.9354838709677358,116.8,120,"reachable"
"documentation-heavy",20,0,0.94,"retained-rights",1.914893617021285,117,120,"reachable"
"documentation-heavy",20,0,0.94,"growth-only",1.914893617021285,117,120,"reachable"
"documentation-heavy",20,0,0.95,"retained-rights",1.8947368421052602,117.19999999999999,120,"reachable"
"documentation-heavy",20,0,0.95,"growth-only",1.8947368421052602,117.19999999999999,120,"reachable"
"documentation-heavy",20,0,0.96,"retained-rights",1.8750000000000044,117.39999999999999,120,"reachable"
"documentation-heavy",20,0,0.96,"growth-only",1.8750000000000044,117.39999999999999,120,"reachable"
"documentation-heavy",20,0,0.97,"retained-rights",1.855670103092777,117.6,120,"reachable"
"documentation-heavy",20,0,0.97,"growth-only",1.855670103092777,117.6,120,"reachable"
"documentation-heavy",20,0,0.98,"retained-rights",1.8367346938775508,117.8,120,"reachable"
"documentation-heavy",20,0,0.98,"growth-only",1.8367346938775508,117.8,120,"reachable"
"documentation-heavy",20,0,0.99,"retained-rights",1.81818181818183,118,120,"reachable"
"documentation-heavy",20,0,0.99,"growth-only",1.81818181818183,118,120,"reachable"
"documentation-heavy",20,0,1,"retained-rights",1.8000000000000016,118.19999999999999,120,"reachable"
"documentation-heavy",20,0,1,"growth-only",1.8000000000000016,118.19999999999999,120,"reachable"
"documentation-heavy",20,0.5,0,"retained-rights","",89.57000000000001,120,"not-reachable"
"documentation-heavy",20,0.5,0,"growth-only","",89.57000000000001,120,"not-reachable"
"documentation-heavy",20,0.5,0.01,"retained-rights","",89.83159231,120,"not-reachable"
"documentation-heavy",20,0.5,0.01,"growth-only","",89.75274,120,"not-reachable"
"documentation-heavy",20,0.5,0.02,"retained-rights","",90.09318462,120,"not-reachable"
"documentation-heavy",20,0.5,0.02,"growth-only","",89.93548,120,"not-reachable"
"documentation-heavy",20,0.5,0.03,"retained-rights","",90.35477693,120,"not-reachable"
"documentation-heavy",20,0.5,0.03,"growth-only","",90.11822000000001,120,"not-reachable"
"documentation-heavy",20,0.5,0.04,"retained-rights","",90.61636924000001,120,"not-reachable"
"documentation-heavy",20,0.5,0.04,"growth-only","",90.30096,120,"not-reachable"
"documentation-heavy",20,0.5,0.05,"retained-rights","",90.87796155000001,120,"not-reachable"
"documentation-heavy",20,0.5,0.05,"growth-only","",90.4837,120,"not-reachable"
"documentation-heavy",20,0.5,0.06,"retained-rights","",91.13955386,120,"not-reachable"
"documentation-heavy",20,0.5,0.06,"growth-only","",90.66644000000001,120,"not-reachable"
"documentation-heavy",20,0.5,0.07,"retained-rights","",91.40114617,120,"not-reachable"
"documentation-heavy",20,0.5,0.07,"growth-only","",90.84918,120,"not-reachable"
"documentation-heavy",20,0.5,0.08,"retained-rights","",91.66273848,120,"not-reachable"
"documentation-heavy",20,0.5,0.08,"growth-only","",91.03192,120,"not-reachable"
"documentation-heavy",20,0.5,0.09,"retained-rights","",91.92433079000001,120,"not-reachable"
"documentation-heavy",20,0.5,0.09,"growth-only","",91.21466000000001,120,"not-reachable"
"documentation-heavy",20,0.5,0.1,"retained-rights","",92.1859231,120,"not-reachable"
"documentation-heavy",20,0.5,0.1,"growth-only","",91.3974,120,"not-reachable"
"documentation-heavy",20,0.5,0.11,"retained-rights","",92.44751541000001,120,"not-reachable"
"documentation-heavy",20,0.5,0.11,"growth-only","",91.58014000000001,120,"not-reachable"
"documentation-heavy",20,0.5,0.12,"retained-rights","",92.70910772,120,"not-reachable"
"documentation-heavy",20,0.5,0.12,"growth-only","",91.76288,120,"not-reachable"
"documentation-heavy",20,0.5,0.13,"retained-rights","",92.97070003,120,"not-reachable"
"documentation-heavy",20,0.5,0.13,"growth-only","",91.94562,120,"not-reachable"
"documentation-heavy",20,0.5,0.14,"retained-rights","",93.23229234,120,"not-reachable"
"documentation-heavy",20,0.5,0.14,"growth-only","",92.12836000000001,120,"not-reachable"
"documentation-heavy",20,0.5,0.15,"retained-rights","",93.49388465,120,"not-reachable"
"documentation-heavy",20,0.5,0.15,"growth-only","",92.3111,120,"not-reachable"
"documentation-heavy",20,0.5,0.16,"retained-rights","",93.75547696000001,120,"not-reachable"
"documentation-heavy",20,0.5,0.16,"growth-only","",92.49384,120,"not-reachable"
"documentation-heavy",20,0.5,0.17,"retained-rights","",94.01706927000001,120,"not-reachable"
"documentation-heavy",20,0.5,0.17,"growth-only","",92.67658,120,"not-reachable"
"documentation-heavy",20,0.5,0.18,"retained-rights","",94.27866158,120,"not-reachable"
"documentation-heavy",20,0.5,0.18,"growth-only","",92.85932,120,"not-reachable"
"documentation-heavy",20,0.5,0.19,"retained-rights","",94.54025389,120,"not-reachable"
"documentation-heavy",20,0.5,0.19,"growth-only","",93.04206,120,"not-reachable"
"documentation-heavy",20,0.5,0.2,"retained-rights","",94.8018462,120,"not-reachable"
"documentation-heavy",20,0.5,0.2,"growth-only","",93.2248,120,"not-reachable"
"documentation-heavy",20,0.5,0.21,"retained-rights","",95.06343851000001,120,"not-reachable"
"documentation-heavy",20,0.5,0.21,"growth-only","",93.40754,120,"not-reachable"
"documentation-heavy",20,0.5,0.22,"retained-rights","",95.32503082,120,"not-reachable"
"documentation-heavy",20,0.5,0.22,"growth-only","",93.59028,120,"not-reachable"
"documentation-heavy",20,0.5,0.23,"retained-rights","",95.58662313,120,"not-reachable"
"documentation-heavy",20,0.5,0.23,"growth-only","",93.77302,120,"not-reachable"
"documentation-heavy",20,0.5,0.24,"retained-rights","",95.84821544,120,"not-reachable"
"documentation-heavy",20,0.5,0.24,"growth-only","",93.95576,120,"not-reachable"
"documentation-heavy",20,0.5,0.25,"retained-rights","",96.10980775,120,"not-reachable"
"documentation-heavy",20,0.5,0.25,"growth-only","",94.13850000000001,120,"not-reachable"
"documentation-heavy",20,0.5,0.26,"retained-rights","",96.37140006,120,"not-reachable"
"documentation-heavy",20,0.5,0.26,"growth-only","",94.32124,120,"not-reachable"
"documentation-heavy",20,0.5,0.27,"retained-rights","",96.63299237000001,120,"not-reachable"
"documentation-heavy",20,0.5,0.27,"growth-only","",94.50398000000001,120,"not-reachable"
"documentation-heavy",20,0.5,0.28,"retained-rights","",96.89458468000001,120,"not-reachable"
"documentation-heavy",20,0.5,0.28,"growth-only","",94.68672000000001,120,"not-reachable"
"documentation-heavy",20,0.5,0.29,"retained-rights","",97.15617698999999,120,"not-reachable"
"documentation-heavy",20,0.5,0.29,"growth-only","",94.86946,120,"not-reachable"
"documentation-heavy",20,0.5,0.3,"retained-rights","",97.4177693,120,"not-reachable"
"documentation-heavy",20,0.5,0.3,"growth-only","",95.05220000000001,120,"not-reachable"
"documentation-heavy",20,0.5,0.31,"retained-rights","",97.67936161,120,"not-reachable"
"documentation-heavy",20,0.5,0.31,"growth-only","",95.23494,120,"not-reachable"
"documentation-heavy",20,0.5,0.32,"retained-rights","",97.94095392000001,120,"not-reachable"
"documentation-heavy",20,0.5,0.32,"growth-only","",95.41768,120,"not-reachable"
"documentation-heavy",20,0.5,0.33,"retained-rights","",98.20254623,120,"not-reachable"
"documentation-heavy",20,0.5,0.33,"growth-only","",95.60042000000001,120,"not-reachable"
"documentation-heavy",20,0.5,0.34,"retained-rights","",98.46413854000001,120,"not-reachable"
"documentation-heavy",20,0.5,0.34,"growth-only","",95.78316,120,"not-reachable"
"documentation-heavy",20,0.5,0.35,"retained-rights","",98.72573085,120,"not-reachable"
"documentation-heavy",20,0.5,0.35,"growth-only","",95.9659,120,"not-reachable"
"documentation-heavy",20,0.5,0.36,"retained-rights","",98.98732316,120,"not-reachable"
"documentation-heavy",20,0.5,0.36,"growth-only","",96.14864,120,"not-reachable"
"documentation-heavy",20,0.5,0.37,"retained-rights","",99.24891547000001,120,"not-reachable"
"documentation-heavy",20,0.5,0.37,"growth-only","",96.33138,120,"not-reachable"
"documentation-heavy",20,0.5,0.38,"retained-rights","",99.51050778000001,120,"not-reachable"
"documentation-heavy",20,0.5,0.38,"growth-only","",96.51412,120,"not-reachable"
"documentation-heavy",20,0.5,0.39,"retained-rights","",99.77210009,120,"not-reachable"
"documentation-heavy",20,0.5,0.39,"growth-only","",96.69686,120,"not-reachable"
"documentation-heavy",20,0.5,0.4,"retained-rights",19.945976569305166,100.03369239999999,120,"reachable"
"documentation-heavy",20,0.5,0.4,"growth-only","",96.8796,120,"not-reachable"
"documentation-heavy",20,0.5,0.41,"retained-rights",19.531481255380466,100.29528471,120,"reachable"
"documentation-heavy",20,0.5,0.41,"growth-only","",97.06234,120,"not-reachable"
"documentation-heavy",20,0.5,0.42,"retained-rights",19.125548338902654,100.55687702,120,"reachable"
"documentation-heavy",20,0.5,0.42,"growth-only","",97.24508,120,"not-reachable"
"documentation-heavy",20,0.5,0.43,"retained-rights",18.72789572187323,100.81846933,120,"reachable"
"documentation-heavy",20,0.5,0.43,"growth-only","",97.42782000000001,120,"not-reachable"
"documentation-heavy",20,0.5,0.44,"retained-rights",18.338254230284747,101.08006164000001,120,"reachable"
"documentation-heavy",20,0.5,0.44,"growth-only","",97.61056,120,"not-reachable"
"documentation-heavy",20,0.5,0.45,"retained-rights",17.956366853370742,101.34165395000001,120,"reachable"
"documentation-heavy",20,0.5,0.45,"growth-only","",97.7933,120,"not-reachable"
"documentation-heavy",20,0.5,0.46,"retained-rights",17.58198803752333,101.60324625999999,120,"reachable"
"documentation-heavy",20,0.5,0.46,"growth-only","",97.97604000000001,120,"not-reachable"
"documentation-heavy",20,0.5,0.47,"retained-rights",17.214883030249027,101.86483856999999,120,"reachable"
"documentation-heavy",20,0.5,0.47,"growth-only","",98.15878000000001,120,"not-reachable"
"documentation-heavy",20,0.5,0.48,"retained-rights",16.854827269984064,102.12643088,120,"reachable"
"documentation-heavy",20,0.5,0.48,"growth-only","",98.34152,120,"not-reachable"
"documentation-heavy",20,0.5,0.49,"retained-rights",16.501605817990985,102.38802319,120,"reachable"
"documentation-heavy",20,0.5,0.49,"growth-only","",98.52426000000001,120,"not-reachable"
"documentation-heavy",20,0.5,0.5,"retained-rights",16.15501282891596,102.6496155,120,"reachable"
"documentation-heavy",20,0.5,0.5,"growth-only","",98.70700000000001,120,"not-reachable"
"documentation-heavy",20,0.5,0.51,"retained-rights",15.814851056905809,102.91120781000001,120,"reachable"
"documentation-heavy",20,0.5,0.51,"growth-only","",98.88974000000002,120,"not-reachable"
"documentation-heavy",20,0.5,0.52,"retained-rights",15.480931394469488,103.17280012,120,"reachable"
"documentation-heavy",20,0.5,0.52,"growth-only","",99.07248,120,"not-reachable"
"documentation-heavy",20,0.5,0.53,"retained-rights",15.15307244152475,103.43439243000002,120,"reachable"
"documentation-heavy",20,0.5,0.53,"growth-only","",99.25522,120,"not-reachable"
"documentation-heavy",20,0.5,0.54,"retained-rights",14.831100102300908,103.69598474000001,120,"reachable"
"documentation-heavy",20,0.5,0.54,"growth-only","",99.43796,120,"not-reachable"
"documentation-heavy",20,0.5,0.55,"retained-rights",14.514847207974736,103.95757705,120,"reachable"
"documentation-heavy",20,0.5,0.55,"growth-only","",99.6207,120,"not-reachable"
"documentation-heavy",20,0.5,0.56,"retained-rights",14.204153163103129,104.21916936,120,"reachable"
"documentation-heavy",20,0.5,0.56,"growth-only","",99.80344000000001,120,"not-reachable"
"documentation-heavy",20,0.5,0.57,"retained-rights",13.898863614082725,104.48076166999999,120,"reachable"
"documentation-heavy",20,0.5,0.57,"growth-only","",99.98617999999999,120,"not-reachable"
"documentation-heavy",20,0.5,0.58,"retained-rights",13.598830138019103,104.74235398,120,"reachable"
"documentation-heavy",20,0.5,0.58,"growth-only",19.81525018981891,100.16892,120,"reachable"
"documentation-heavy",20,0.5,0.59,"retained-rights",13.303909950523707,105.00394629,120,"reachable"
"documentation-heavy",20,0.5,0.59,"growth-only",19.619308118556567,100.35166,120,"reachable"
"documentation-heavy",20,0.5,0.6,"retained-rights",13.013965631081081,105.26553860000001,120,"reachable"
"documentation-heavy",20,0.5,0.6,"growth-only",19.4273194002087,100.5344,120,"reachable"
"documentation-heavy",20,0.5,0.61,"retained-rights",12.72886486474043,105.52713090999998,120,"reachable"
"documentation-heavy",20,0.5,0.61,"growth-only",19.23916241766075,100.71714,120,"reachable"
"documentation-heavy",20,0.5,0.62,"retained-rights",12.4484801989875,105.78872322,120,"reachable"
"documentation-heavy",20,0.5,0.62,"growth-only",19.054720605764942,100.89988000000001,120,"reachable"
"documentation-heavy",20,0.5,0.63,"retained-rights",12.172688814744536,106.05031552999999,120,"reachable"
"documentation-heavy",20,0.5,0.63,"growth-only",18.87388218659465,101.08262,120,"reachable"
"documentation-heavy",20,0.5,0.64,"retained-rights",11.901372310530656,106.31190784,120,"reachable"
"documentation-heavy",20,0.5,0.64,"growth-only",18.696539921449528,101.26535999999999,120,"reachable"
"documentation-heavy",20,0.5,0.65,"retained-rights",11.634416498890143,106.57350015,120,"reachable"
"documentation-heavy",20,0.5,0.65,"growth-only",18.52259087837038,101.4481,120,"reachable"
"documentation-heavy",20,0.5,0.66,"retained-rights",11.371711214267055,106.83509246,120,"reachable"
"documentation-heavy",20,0.5,0.66,"growth-only",18.35193621402822,101.63084,120,"reachable"
"documentation-heavy",20,0.5,0.67,"retained-rights",11.113150131566618,107.09668477000001,120,"reachable"
"documentation-heavy",20,0.5,0.67,"growth-only",18.18448096894729,101.81358,120,"reachable"
"documentation-heavy",20,0.5,0.68,"retained-rights",10.858630594702689,107.35827708000001,120,"reachable"
"documentation-heavy",20,0.5,0.68,"growth-only",18.020133875107504,101.99632000000001,120,"reachable"
"documentation-heavy",20,0.5,0.69,"retained-rights",10.608053454483102,107.61986939,120,"reachable"
"documentation-heavy",20,0.5,0.69,"growth-only",17.858807175050416,102.17906,120,"reachable"
"documentation-heavy",20,0.5,0.7,"retained-rights",10.361322915233062,107.88146169999999,120,"reachable"
"documentation-heavy",20,0.5,0.7,"growth-only",17.70041645168363,102.36180000000002,120,"reachable"
"documentation-heavy",20,0.5,0.71,"retained-rights",10.118346389601074,108.14305401,120,"reachable"
"documentation-heavy",20,0.5,0.71,"growth-only",17.544880468042656,102.54454,120,"reachable"
"documentation-heavy",20,0.5,0.72,"retained-rights",9.879034361032968,108.40464632,120,"reachable"
"documentation-heavy",20,0.5,0.72,"growth-only",17.392121016328723,102.72728,120,"reachable"
"documentation-heavy",20,0.5,0.73,"retained-rights",9.643300253435939,108.66623863,120,"reachable"
"documentation-heavy",20,0.5,0.73,"growth-only",17.242062775593524,102.91002,120,"reachable"
"documentation-heavy",20,0.5,0.74,"retained-rights",9.41106030758958,108.92783094,120,"reachable"
"documentation-heavy",20,0.5,0.74,"growth-only",17.09463317749158,103.09276,120,"reachable"
"documentation-heavy",20,0.5,0.75,"retained-rights",9.18223346389202,109.18942325,120,"reachable"
"documentation-heavy",20,0.5,0.75,"growth-only",16.949762279564485,103.27550000000001,120,"reachable"
"documentation-heavy",20,0.5,0.76,"retained-rights",8.956741251058077,109.45101555999999,120,"reachable"
"documentation-heavy",20,0.5,0.76,"growth-only",16.807382645562875,103.45823999999999,120,"reachable"
"documentation-heavy",20,0.5,0.77,"retained-rights",8.734507680413305,109.71260786999999,120,"reachable"
"documentation-heavy",20,0.5,0.77,"growth-only",16.66742923234814,103.64098000000001,120,"reachable"
"documentation-heavy",20,0.5,0.78,"retained-rights",8.515459145451775,109.97420018,120,"reachable"
"documentation-heavy",20,0.5,0.78,"growth-only",16.52983928295089,103.82372,120,"reachable"
"documentation-heavy",20,0.5,0.79,"retained-rights",8.299524326349017,110.23579249,120,"reachable"
"documentation-heavy",20,0.5,0.79,"growth-only",16.3945522253937,104.00646,120,"reachable"
"documentation-heavy",20,0.5,0.8,"retained-rights",8.086634099141321,110.49738479999999,120,"reachable"
"documentation-heavy",20,0.5,0.8,"growth-only",16.261509576914413,104.1892,120,"reachable"
"documentation-heavy",20,0.5,0.81,"retained-rights",7.876721449302848,110.75897711,120,"reachable"
"documentation-heavy",20,0.5,0.81,"growth-only",16.130654853253024,104.37194000000001,120,"reachable"
"documentation-heavy",20,0.5,0.82,"retained-rights",7.669721389469242,111.02056942,120,"reachable"
"documentation-heavy",20,0.5,0.82,"growth-only",16.00193348268826,104.55468,120,"reachable"
"documentation-heavy",20,0.5,0.83,"retained-rights",7.465570881073047,111.28216173000001,120,"reachable"
"documentation-heavy",20,0.5,0.83,"growth-only",15.875292724533342,104.73741999999999,120,"reachable"
"documentation-heavy",20,0.5,0.84,"retained-rights",7.264208759671953,111.54375404000001,120,"reachable"
"documentation-heavy",20,0.5,0.84,"growth-only",15.750681591819982,104.92016,120,"reachable"
"documentation-heavy",20,0.5,0.85,"retained-rights",7.065575663764179,111.80534635,120,"reachable"
"documentation-heavy",20,0.5,0.85,"growth-only",15.628050777918823,105.1029,120,"reachable"
"documentation-heavy",20,0.5,0.86,"retained-rights",6.869613966899424,112.06693865999999,120,"reachable"
"documentation-heavy",20,0.5,0.86,"growth-only",15.507352586861668,105.28564,120,"reachable"
"documentation-heavy",20,0.5,0.87,"retained-rights",6.676267712905126,112.32853097,120,"reachable"
"documentation-heavy",20,0.5,0.87,"growth-only",15.388540867147228,105.46838000000001,120,"reachable"
"documentation-heavy",20,0.5,0.88,"retained-rights",6.485482554059696,112.59012328,120,"reachable"
"documentation-heavy",20,0.5,0.88,"growth-only",15.27157094882634,105.65112,120,"reachable"
"documentation-heavy",20,0.5,0.89,"retained-rights",6.297205692054408,112.85171559,120,"reachable"
"documentation-heavy",20,0.5,0.89,"growth-only",15.156399583676805,105.83386000000002,120,"reachable"
"documentation-heavy",20,0.5,0.9,"retained-rights",6.111385821595894,113.11330790000001,120,"reachable"
"documentation-heavy",20,0.5,0.9,"growth-only",15.04298488828999,106.0166,120,"reachable"
"documentation-heavy",20,0.5,0.91,"retained-rights",5.927973076509674,113.37490021,120,"reachable"
"documentation-heavy",20,0.5,0.91,"growth-only",14.931286289903746,106.19933999999999,120,"reachable"
"documentation-heavy",20,0.5,0.92,"retained-rights",5.746918978214288,113.63649251999999,120,"reachable"
"documentation-heavy",20,0.5,0.92,"growth-only",14.821264474826279,106.38208,120,"reachable"
"documentation-heavy",20,0.5,0.93,"retained-rights",5.568176386442714,113.89808482999999,120,"reachable"
"documentation-heavy",20,0.5,0.93,"growth-only",14.712881339306216,106.56482,120,"reachable"
"documentation-heavy",20,0.5,0.94,"retained-rights",5.391699452095855,114.15967714,120,"reachable"
"documentation-heavy",20,0.5,0.94,"growth-only",14.606099942712891,106.74756000000001,120,"reachable"
"documentation-heavy",20,0.5,0.95,"retained-rights",5.217443572119063,114.42126945,120,"reachable"
"documentation-heavy",20,0.5,0.95,"growth-only",14.500884462900032,106.93029999999999,120,"reachable"
"documentation-heavy",20,0.5,0.96,"retained-rights",5.045365346299624,114.68286176,120,"reachable"
"documentation-heavy",20,0.5,0.96,"growth-only",14.397200153633506,107.11304,120,"reachable"
"documentation-heavy",20,0.5,0.97,"retained-rights",4.875422535888374,114.94445407,120,"reachable"
"documentation-heavy",20,0.5,0.97,"growth-only",14.295013303971604,107.29578,120,"reachable"
"documentation-heavy",20,0.5,0.98,"retained-rights",4.707574023955141,115.20604638,120,"reachable"
"documentation-heavy",20,0.5,0.98,"growth-only",14.194291199493048,107.47852,120,"reachable"
"documentation-heavy",20,0.5,0.99,"retained-rights",4.54177977739203,115.46763869,120,"reachable"
"documentation-heavy",20,0.5,0.99,"growth-only",14.095002085274366,107.66126,120,"reachable"
"documentation-heavy",20,0.5,1,"retained-rights",4.378000810483851,115.72923100000001,120,"reachable"
"documentation-heavy",20,0.5,1,"growth-only",13.997115130524396,107.84400000000001,120,"reachable"
"documentation-heavy",20,1,0,"retained-rights","",80.94000000000001,120,"not-reachable"
"documentation-heavy",20,1,0,"growth-only","",80.94000000000001,120,"not-reachable"
"documentation-heavy",20,1,0.01,"retained-rights","",81.24828924000002,120,"not-reachable"
"documentation-heavy",20,1,0.01,"growth-only","",81.10548000000001,120,"not-reachable"
"documentation-heavy",20,1,0.02,"retained-rights","",81.55657848000001,120,"not-reachable"
"documentation-heavy",20,1,0.02,"growth-only","",81.27096000000002,120,"not-reachable"
"documentation-heavy",20,1,0.03,"retained-rights","",81.86486772,120,"not-reachable"
"documentation-heavy",20,1,0.03,"growth-only","",81.43644,120,"not-reachable"
"documentation-heavy",20,1,0.04,"retained-rights","",82.17315696000001,120,"not-reachable"
"documentation-heavy",20,1,0.04,"growth-only","",81.60192000000002,120,"not-reachable"
"documentation-heavy",20,1,0.05,"retained-rights","",82.48144620000001,120,"not-reachable"
"documentation-heavy",20,1,0.05,"growth-only","",81.76740000000001,120,"not-reachable"
"documentation-heavy",20,1,0.06,"retained-rights","",82.78973544000002,120,"not-reachable"
"documentation-heavy",20,1,0.06,"growth-only","",81.93288000000001,120,"not-reachable"
"documentation-heavy",20,1,0.07,"retained-rights","",83.09802468000001,120,"not-reachable"
"documentation-heavy",20,1,0.07,"growth-only","",82.09836000000001,120,"not-reachable"
"documentation-heavy",20,1,0.08,"retained-rights","",83.40631392,120,"not-reachable"
"documentation-heavy",20,1,0.08,"growth-only","",82.26384000000002,120,"not-reachable"
"documentation-heavy",20,1,0.09,"retained-rights","",83.71460316000001,120,"not-reachable"
"documentation-heavy",20,1,0.09,"growth-only","",82.42932000000002,120,"not-reachable"
"documentation-heavy",20,1,0.1,"retained-rights","",84.02289240000002,120,"not-reachable"
"documentation-heavy",20,1,0.1,"growth-only","",82.5948,120,"not-reachable"
"documentation-heavy",20,1,0.11,"retained-rights","",84.33118164000001,120,"not-reachable"
"documentation-heavy",20,1,0.11,"growth-only","",82.76028000000001,120,"not-reachable"
"documentation-heavy",20,1,0.12,"retained-rights","",84.63947088,120,"not-reachable"
"documentation-heavy",20,1,0.12,"growth-only","",82.92576000000001,120,"not-reachable"
"documentation-heavy",20,1,0.13,"retained-rights","",84.94776012000001,120,"not-reachable"
"documentation-heavy",20,1,0.13,"growth-only","",83.09124000000001,120,"not-reachable"
"documentation-heavy",20,1,0.14,"retained-rights","",85.25604936,120,"not-reachable"
"documentation-heavy",20,1,0.14,"growth-only","",83.25672000000002,120,"not-reachable"
"documentation-heavy",20,1,0.15,"retained-rights","",85.56433860000001,120,"not-reachable"
"documentation-heavy",20,1,0.15,"growth-only","",83.42220000000002,120,"not-reachable"
"documentation-heavy",20,1,0.16,"retained-rights","",85.87262784000002,120,"not-reachable"
"documentation-heavy",20,1,0.16,"growth-only","",83.58768,120,"not-reachable"
"documentation-heavy",20,1,0.17,"retained-rights","",86.18091708000001,120,"not-reachable"
"documentation-heavy",20,1,0.17,"growth-only","",83.75316000000001,120,"not-reachable"
"documentation-heavy",20,1,0.18,"retained-rights","",86.48920632000001,120,"not-reachable"
"documentation-heavy",20,1,0.18,"growth-only","",83.91864000000001,120,"not-reachable"
"documentation-heavy",20,1,0.19,"retained-rights","",86.79749556000002,120,"not-reachable"
"documentation-heavy",20,1,0.19,"growth-only","",84.08412000000001,120,"not-reachable"
"documentation-heavy",20,1,0.2,"retained-rights","",87.10578480000001,120,"not-reachable"
"documentation-heavy",20,1,0.2,"growth-only","",84.24960000000002,120,"not-reachable"
"documentation-heavy",20,1,0.21,"retained-rights","",87.41407404000002,120,"not-reachable"
"documentation-heavy",20,1,0.21,"growth-only","",84.41508,120,"not-reachable"
"documentation-heavy",20,1,0.22,"retained-rights","",87.72236328000001,120,"not-reachable"
"documentation-heavy",20,1,0.22,"growth-only","",84.58056000000002,120,"not-reachable"
"documentation-heavy",20,1,0.23,"retained-rights","",88.03065252,120,"not-reachable"
"documentation-heavy",20,1,0.23,"growth-only","",84.74604000000001,120,"not-reachable"
"documentation-heavy",20,1,0.24,"retained-rights","",88.33894176000001,120,"not-reachable"
"documentation-heavy",20,1,0.24,"growth-only","",84.91152000000001,120,"not-reachable"
"documentation-heavy",20,1,0.25,"retained-rights","",88.647231,120,"not-reachable"
"documentation-heavy",20,1,0.25,"growth-only","",85.07700000000001,120,"not-reachable"
"documentation-heavy",20,1,0.26,"retained-rights","",88.95552024000001,120,"not-reachable"
"documentation-heavy",20,1,0.26,"growth-only","",85.24248000000001,120,"not-reachable"
"documentation-heavy",20,1,0.27,"retained-rights","",89.26380948,120,"not-reachable"
"documentation-heavy",20,1,0.27,"growth-only","",85.40796000000002,120,"not-reachable"
"documentation-heavy",20,1,0.28,"retained-rights","",89.57209872000001,120,"not-reachable"
"documentation-heavy",20,1,0.28,"growth-only","",85.57344,120,"not-reachable"
"documentation-heavy",20,1,0.29,"retained-rights","",89.88038796000001,120,"not-reachable"
"documentation-heavy",20,1,0.29,"growth-only","",85.73892000000001,120,"not-reachable"
"documentation-heavy",20,1,0.3,"retained-rights","",90.18867720000001,120,"not-reachable"
"documentation-heavy",20,1,0.3,"growth-only","",85.90440000000001,120,"not-reachable"
"documentation-heavy",20,1,0.31,"retained-rights","",90.49696644000001,120,"not-reachable"
"documentation-heavy",20,1,0.31,"growth-only","",86.06988000000001,120,"not-reachable"
"documentation-heavy",20,1,0.32,"retained-rights","",90.80525568,120,"not-reachable"
"documentation-heavy",20,1,0.32,"growth-only","",86.23536000000001,120,"not-reachable"
"documentation-heavy",20,1,0.33,"retained-rights","",91.11354492000001,120,"not-reachable"
"documentation-heavy",20,1,0.33,"growth-only","",86.40084000000002,120,"not-reachable"
"documentation-heavy",20,1,0.34,"retained-rights","",91.42183416,120,"not-reachable"
"documentation-heavy",20,1,0.34,"growth-only","",86.56632,120,"not-reachable"
"documentation-heavy",20,1,0.35,"retained-rights","",91.73012340000001,120,"not-reachable"
"documentation-heavy",20,1,0.35,"growth-only","",86.73180000000002,120,"not-reachable"
"documentation-heavy",20,1,0.36,"retained-rights","",92.03841264000002,120,"not-reachable"
"documentation-heavy",20,1,0.36,"growth-only","",86.89728000000001,120,"not-reachable"
"documentation-heavy",20,1,0.37,"retained-rights","",92.34670188,120,"not-reachable"
"documentation-heavy",20,1,0.37,"growth-only","",87.06276000000001,120,"not-reachable"
"documentation-heavy",20,1,0.38,"retained-rights","",92.65499112,120,"not-reachable"
"documentation-heavy",20,1,0.38,"growth-only","",87.22824000000001,120,"not-reachable"
"documentation-heavy",20,1,0.39,"retained-rights","",92.96328036000001,120,"not-reachable"
"documentation-heavy",20,1,0.39,"growth-only","",87.39372,120,"not-reachable"
"documentation-heavy",20,1,0.4,"retained-rights","",93.2715696,120,"not-reachable"
"documentation-heavy",20,1,0.4,"growth-only","",87.55920000000002,120,"not-reachable"
"documentation-heavy",20,1,0.41,"retained-rights","",93.57985884000001,120,"not-reachable"
"documentation-heavy",20,1,0.41,"growth-only","",87.72468,120,"not-reachable"
"documentation-heavy",20,1,0.42,"retained-rights","",93.88814808000001,120,"not-reachable"
"documentation-heavy",20,1,0.42,"growth-only","",87.89016000000001,120,"not-reachable"
"documentation-heavy",20,1,0.43,"retained-rights","",94.19643732,120,"not-reachable"
"documentation-heavy",20,1,0.43,"growth-only","",88.05564000000001,120,"not-reachable"
"documentation-heavy",20,1,0.44,"retained-rights","",94.50472656000001,120,"not-reachable"
"documentation-heavy",20,1,0.44,"growth-only","",88.22112000000001,120,"not-reachable"
"documentation-heavy",20,1,0.45,"retained-rights","",94.81301580000002,120,"not-reachable"
"documentation-heavy",20,1,0.45,"growth-only","",88.38660000000002,120,"not-reachable"
"documentation-heavy",20,1,0.46,"retained-rights","",95.12130504000001,120,"not-reachable"
"documentation-heavy",20,1,0.46,"growth-only","",88.55208000000002,120,"not-reachable"
"documentation-heavy",20,1,0.47,"retained-rights","",95.42959428,120,"not-reachable"
"documentation-heavy",20,1,0.47,"growth-only","",88.71756000000002,120,"not-reachable"
"documentation-heavy",20,1,0.48,"retained-rights","",95.73788352000001,120,"not-reachable"
"documentation-heavy",20,1,0.48,"growth-only","",88.88304000000001,120,"not-reachable"
"documentation-heavy",20,1,0.49,"retained-rights","",96.04617276,120,"not-reachable"
"documentation-heavy",20,1,0.49,"growth-only","",89.04852000000001,120,"not-reachable"
"documentation-heavy",20,1,0.5,"retained-rights","",96.35446200000001,120,"not-reachable"
"documentation-heavy",20,1,0.5,"growth-only","",89.21400000000001,120,"not-reachable"
"documentation-heavy",20,1,0.51,"retained-rights","",96.66275124,120,"not-reachable"
"documentation-heavy",20,1,0.51,"growth-only","",89.37948000000002,120,"not-reachable"
"documentation-heavy",20,1,0.52,"retained-rights","",96.97104048,120,"not-reachable"
"documentation-heavy",20,1,0.52,"growth-only","",89.54496,120,"not-reachable"
"documentation-heavy",20,1,0.53,"retained-rights","",97.27932972,120,"not-reachable"
"documentation-heavy",20,1,0.53,"growth-only","",89.71044000000002,120,"not-reachable"
"documentation-heavy",20,1,0.54,"retained-rights","",97.58761896000001,120,"not-reachable"
"documentation-heavy",20,1,0.54,"growth-only","",89.87592000000001,120,"not-reachable"
"documentation-heavy",20,1,0.55,"retained-rights","",97.89590820000001,120,"not-reachable"
"documentation-heavy",20,1,0.55,"growth-only","",90.04140000000001,120,"not-reachable"
"documentation-heavy",20,1,0.56,"retained-rights","",98.20419744000002,120,"not-reachable"
"documentation-heavy",20,1,0.56,"growth-only","",90.20688000000001,120,"not-reachable"
"documentation-heavy",20,1,0.57,"retained-rights","",98.51248668000001,120,"not-reachable"
"documentation-heavy",20,1,0.57,"growth-only","",90.37236,120,"not-reachable"
"documentation-heavy",20,1,0.58,"retained-rights","",98.82077592,120,"not-reachable"
"documentation-heavy",20,1,0.58,"growth-only","",90.53784000000002,120,"not-reachable"
"documentation-heavy",20,1,0.59,"retained-rights","",99.12906516,120,"not-reachable"
"documentation-heavy",20,1,0.59,"growth-only","",90.70332,120,"not-reachable"
"documentation-heavy",20,1,0.6,"retained-rights","",99.4373544,120,"not-reachable"
"documentation-heavy",20,1,0.6,"growth-only","",90.86880000000002,120,"not-reachable"
"documentation-heavy",20,1,0.61,"retained-rights","",99.74564364,120,"not-reachable"
"documentation-heavy",20,1,0.61,"growth-only","",91.03428000000001,120,"not-reachable"
"documentation-heavy",20,1,0.62,"retained-rights",19.94649486825346,100.05393288000002,120,"reachable"
"documentation-heavy",20,1,0.62,"growth-only","",91.19976000000001,120,"not-reachable"
"documentation-heavy",20,1,0.63,"retained-rights",19.642327928810843,100.36222212000001,120,"reachable"
"documentation-heavy",20,1,0.63,"growth-only","",91.36524000000001,120,"not-reachable"
"documentation-heavy",20,1,0.64,"retained-rights",19.340981193380525,100.67051136,120,"reachable"
"documentation-heavy",20,1,0.64,"growth-only","",91.53072000000002,120,"not-reachable"
"documentation-heavy",20,1,0.65,"retained-rights",19.04240762012641,100.97880060000001,120,"reachable"
"documentation-heavy",20,1,0.65,"growth-only","",91.69620000000002,120,"not-reachable"
"documentation-heavy",20,1,0.66,"retained-rights",18.74656130964174,101.28708984000001,120,"reachable"
"documentation-heavy",20,1,0.66,"growth-only","",91.86168,120,"not-reachable"
"documentation-heavy",20,1,0.67,"retained-rights",18.45339746846686,101.59537908,120,"reachable"
"documentation-heavy",20,1,0.67,"growth-only","",92.02716000000001,120,"not-reachable"
"documentation-heavy",20,1,0.68,"retained-rights",18.16287237404981,101.90366832000002,120,"reachable"
"documentation-heavy",20,1,0.68,"growth-only","",92.19264000000001,120,"not-reachable"
"documentation-heavy",20,1,0.69,"retained-rights",17.874943341082506,102.21195756000002,120,"reachable"
"documentation-heavy",20,1,0.69,"growth-only","",92.35812000000001,120,"not-reachable"
"documentation-heavy",20,1,0.7,"retained-rights",17.58956868914772,102.52024680000001,120,"reachable"
"documentation-heavy",20,1,0.7,"growth-only","",92.5236,120,"not-reachable"
"documentation-heavy",20,1,0.71,"retained-rights",17.306707711615953,102.82853603999999,120,"reachable"
"documentation-heavy",20,1,0.71,"growth-only","",92.68908000000002,120,"not-reachable"
"documentation-heavy",20,1,0.72,"retained-rights",17.026320645735304,103.13682528000001,120,"reachable"
"documentation-heavy",20,1,0.72,"growth-only","",92.85456,120,"not-reachable"
"documentation-heavy",20,1,0.73,"retained-rights",16.748368643858935,103.44511452,120,"reachable"
"documentation-heavy",20,1,0.73,"growth-only","",93.02004000000001,120,"not-reachable"
"documentation-heavy",20,1,0.74,"retained-rights",16.472813745759286,103.75340376,120,"reachable"
"documentation-heavy",20,1,0.74,"growth-only","",93.18552000000001,120,"not-reachable"
"documentation-heavy",20,1,0.75,"retained-rights",16.199618851979892,104.061693,120,"reachable"
"documentation-heavy",20,1,0.75,"growth-only","",93.351,120,"not-reachable"
"documentation-heavy",20,1,0.76,"retained-rights",15.928747698178336,104.36998224,120,"reachable"
"documentation-heavy",20,1,0.76,"growth-only","",93.51648000000002,120,"not-reachable"
"documentation-heavy",20,1,0.77,"retained-rights",15.6601648304167,104.67827148000002,120,"reachable"
"documentation-heavy",20,1,0.77,"growth-only","",93.68196,120,"not-reachable"
"documentation-heavy",20,1,0.78,"retained-rights",15.39383558135745,104.98656072000001,120,"reachable"
"documentation-heavy",20,1,0.78,"growth-only","",93.84744000000002,120,"not-reachable"
"documentation-heavy",20,1,0.79,"retained-rights",15.12972604732572,105.29484996000001,120,"reachable"
"documentation-heavy",20,1,0.79,"growth-only","",94.01292000000001,120,"not-reachable"
"documentation-heavy",20,1,0.8,"retained-rights",14.86780306619988,105.60313920000002,120,"reachable"
"documentation-heavy",20,1,0.8,"growth-only","",94.17840000000001,120,"not-reachable"
"documentation-heavy",20,1,0.81,"retained-rights",14.608034196095176,105.91142844000001,120,"reachable"
"documentation-heavy",20,1,0.81,"growth-only","",94.34388000000001,120,"not-reachable"
"documentation-heavy",20,1,0.82,"retained-rights",14.350387694806322,106.21971768,120,"reachable"
"documentation-heavy",20,1,0.82,"growth-only","",94.50936000000002,120,"not-reachable"
"documentation-heavy",20,1,0.83,"retained-rights",14.09483249997685,106.52800692,120,"reachable"
"documentation-heavy",20,1,0.83,"growth-only","",94.67484000000002,120,"not-reachable"
"documentation-heavy",20,1,0.84,"retained-rights",13.84133820996485,106.83629616000002,120,"reachable"
"documentation-heavy",20,1,0.84,"growth-only","",94.84032,120,"not-reachable"
"documentation-heavy",20,1,0.85,"retained-rights",13.589875065375523,107.1445854,120,"reachable"
"documentation-heavy",20,1,0.85,"growth-only","",95.00580000000001,120,"not-reachable"
"documentation-heavy",20,1,0.86,"retained-rights",13.340413931233197,107.45287463999999,120,"reachable"
"documentation-heavy",20,1,0.86,"growth-only","",95.17128000000001,120,"not-reachable"
"documentation-heavy",20,1,0.87,"retained-rights",13.092926279766504,107.76116388000001,120,"reachable"
"documentation-heavy",20,1,0.87,"growth-only","",95.33676000000001,120,"not-reachable"
"documentation-heavy",20,1,0.88,"retained-rights",12.847384173781062,108.06945312,120,"reachable"
"documentation-heavy",20,1,0.88,"growth-only","",95.50224,120,"not-reachable"
"documentation-heavy",20,1,0.89,"retained-rights",12.60376025059642,108.37774236,120,"reachable"
"documentation-heavy",20,1,0.89,"growth-only","",95.66772000000002,120,"not-reachable"
"documentation-heavy",20,1,0.9,"retained-rights",12.36202770652406,108.6860316,120,"reachable"
"documentation-heavy",20,1,0.9,"growth-only","",95.8332,120,"not-reachable"
"documentation-heavy",20,1,0.91,"retained-rights",12.122160281864701,108.99432084,120,"reachable"
"documentation-heavy",20,1,0.91,"growth-only","",95.99868000000001,120,"not-reachable"
"documentation-heavy",20,1,0.92,"retained-rights",11.884132246404523,109.30261008,120,"reachable"
"documentation-heavy",20,1,0.92,"growth-only","",96.16416000000001,120,"not-reachable"
"documentation-heavy",20,1,0.93,"retained-rights",11.64791838539021,109.61089932000002,120,"reachable"
"documentation-heavy",20,1,0.93,"growth-only","",96.32964000000001,120,"not-reachable"
"documentation-heavy",20,1,0.94,"retained-rights",11.413493985964207,109.91918856000001,120,"reachable"
"documentation-heavy",20,1,0.94,"growth-only","",96.49512000000001,120,"not-reachable"
"documentation-heavy",20,1,0.95,"retained-rights",11.180834824041908,110.2274778,120,"reachable"
"documentation-heavy",20,1,0.95,"growth-only","",96.6606,120,"not-reachable"
"documentation-heavy",20,1,0.96,"retained-rights",10.94991715161413,110.53576704000001,120,"reachable"
"documentation-heavy",20,1,0.96,"growth-only","",96.82608000000002,120,"not-reachable"
"documentation-heavy",20,1,0.97,"retained-rights",10.720717684457748,110.84405628,120,"reachable"
"documentation-heavy",20,1,0.97,"growth-only","",96.99156,120,"not-reachable"
"documentation-heavy",20,1,0.98,"retained-rights",10.493213590239602,111.15234552,120,"reachable"
"documentation-heavy",20,1,0.98,"growth-only","",97.15704000000001,120,"not-reachable"
"documentation-heavy",20,1,0.99,"retained-rights",10.267382476997945,111.46063476,120,"reachable"
"documentation-heavy",20,1,0.99,"growth-only","",97.32252000000001,120,"not-reachable"
"documentation-heavy",20,1,1,"retained-rights",10.043202381987859,111.768924,120,"reachable"
"documentation-heavy",20,1,1,"growth-only","",97.48800000000001,120,"not-reachable"
"documentation-heavy",40,0,0,"retained-rights","",98.2,140,"not-reachable"
"documentation-heavy",40,0,0,"growth-only","",98.2,140,"not-reachable"
"documentation-heavy",40,0,0.01,"retained-rights","",98.6,140,"not-reachable"
"documentation-heavy",40,0,0.01,"growth-only","",98.6,140,"not-reachable"
"documentation-heavy",40,0,0.02,"retained-rights","",99,140,"not-reachable"
"documentation-heavy",40,0,0.02,"growth-only","",99,140,"not-reachable"
"documentation-heavy",40,0,0.03,"retained-rights","",99.4,140,"not-reachable"
"documentation-heavy",40,0,0.03,"growth-only","",99.4,140,"not-reachable"
"documentation-heavy",40,0,0.04,"retained-rights","",99.8,140,"not-reachable"
"documentation-heavy",40,0,0.04,"growth-only","",99.8,140,"not-reachable"
"documentation-heavy",40,0,0.05,"retained-rights",35.99999999999983,100.2,140,"reachable"
"documentation-heavy",40,0,0.05,"growth-only",35.99999999999983,100.2,140,"reachable"
"documentation-heavy",40,0,0.06,"retained-rights",29.99999999999985,100.6,140,"reachable"
"documentation-heavy",40,0,0.06,"growth-only",29.99999999999985,100.6,140,"reachable"
"documentation-heavy",40,0,0.07,"retained-rights",25.7142857142856,101,140,"reachable"
"documentation-heavy",40,0,0.07,"growth-only",25.7142857142856,101,140,"reachable"
"documentation-heavy",40,0,0.08,"retained-rights",22.499999999999897,101.4,140,"reachable"
"documentation-heavy",40,0,0.08,"growth-only",22.499999999999897,101.4,140,"reachable"
"documentation-heavy",40,0,0.09,"retained-rights",19.999999999999908,101.8,140,"reachable"
"documentation-heavy",40,0,0.09,"growth-only",19.999999999999908,101.8,140,"reachable"
"documentation-heavy",40,0,0.1,"retained-rights",17.99999999999993,102.2,140,"reachable"
"documentation-heavy",40,0,0.1,"growth-only",17.99999999999993,102.2,140,"reachable"
"documentation-heavy",40,0,0.11,"retained-rights",16.363636363636292,102.60000000000001,140,"reachable"
"documentation-heavy",40,0,0.11,"growth-only",16.363636363636292,102.60000000000001,140,"reachable"
"documentation-heavy",40,0,0.12,"retained-rights",14.999999999999925,103,140,"reachable"
"documentation-heavy",40,0,0.12,"growth-only",14.999999999999925,103,140,"reachable"
"documentation-heavy",40,0,0.13,"retained-rights",13.846153846153776,103.4,140,"reachable"
"documentation-heavy",40,0,0.13,"growth-only",13.846153846153776,103.4,140,"reachable"
"documentation-heavy",40,0,0.14,"retained-rights",12.857142857142811,103.8,140,"reachable"
"documentation-heavy",40,0,0.14,"growth-only",12.857142857142811,103.8,140,"reachable"
"documentation-heavy",40,0,0.15,"retained-rights",11.999999999999943,104.2,140,"reachable"
"documentation-heavy",40,0,0.15,"growth-only",11.999999999999943,104.2,140,"reachable"
"documentation-heavy",40,0,0.16,"retained-rights",11.249999999999961,104.60000000000001,140,"reachable"
"documentation-heavy",40,0,0.16,"growth-only",11.249999999999961,104.60000000000001,140,"reachable"
"documentation-heavy",40,0,0.17,"retained-rights",10.58823529411761,105,140,"reachable"
"documentation-heavy",40,0,0.17,"growth-only",10.58823529411761,105,140,"reachable"
"documentation-heavy",40,0,0.18,"retained-rights",9.999999999999964,105.4,140,"reachable"
"documentation-heavy",40,0,0.18,"growth-only",9.999999999999964,105.4,140,"reachable"
"documentation-heavy",40,0,0.19,"retained-rights",9.47368421052628,105.80000000000001,140,"reachable"
"documentation-heavy",40,0,0.19,"growth-only",9.47368421052628,105.80000000000001,140,"reachable"
"documentation-heavy",40,0,0.2,"retained-rights",8.999999999999964,106.2,140,"reachable"
"documentation-heavy",40,0,0.2,"growth-only",8.999999999999964,106.2,140,"reachable"
"documentation-heavy",40,0,0.21,"retained-rights",8.571428571428541,106.60000000000001,140,"reachable"
"documentation-heavy",40,0,0.21,"growth-only",8.571428571428541,106.60000000000001,140,"reachable"
"documentation-heavy",40,0,0.22,"retained-rights",8.181818181818157,107,140,"reachable"
"documentation-heavy",40,0,0.22,"growth-only",8.181818181818157,107,140,"reachable"
"documentation-heavy",40,0,0.23,"retained-rights",7.826086956521716,107.4,140,"reachable"
"documentation-heavy",40,0,0.23,"growth-only",7.826086956521716,107.4,140,"reachable"
"documentation-heavy",40,0,0.24,"retained-rights",7.499999999999973,107.80000000000001,140,"reachable"
"documentation-heavy",40,0,0.24,"growth-only",7.499999999999973,107.80000000000001,140,"reachable"
"documentation-heavy",40,0,0.25,"retained-rights",7.199999999999984,108.2,140,"reachable"
"documentation-heavy",40,0,0.25,"growth-only",7.199999999999984,108.2,140,"reachable"
"documentation-heavy",40,0,0.26,"retained-rights",6.9230769230768985,108.60000000000001,140,"reachable"
"documentation-heavy",40,0,0.26,"growth-only",6.9230769230768985,108.60000000000001,140,"reachable"
"documentation-heavy",40,0,0.27,"retained-rights",6.666666666666643,109.00000000000001,140,"reachable"
"documentation-heavy",40,0,0.27,"growth-only",6.666666666666643,109.00000000000001,140,"reachable"
"documentation-heavy",40,0,0.28,"retained-rights",6.428571428571406,109.4,140,"reachable"
"documentation-heavy",40,0,0.28,"growth-only",6.428571428571406,109.4,140,"reachable"
"documentation-heavy",40,0,0.29,"retained-rights",6.206896551724128,109.79999999999998,140,"reachable"
"documentation-heavy",40,0,0.29,"growth-only",6.206896551724128,109.79999999999998,140,"reachable"
"documentation-heavy",40,0,0.3,"retained-rights",5.999999999999983,110.19999999999999,140,"reachable"
"documentation-heavy",40,0,0.3,"growth-only",5.999999999999983,110.19999999999999,140,"reachable"
"documentation-heavy",40,0,0.31,"retained-rights",5.806451612903207,110.6,140,"reachable"
"documentation-heavy",40,0,0.31,"growth-only",5.806451612903207,110.6,140,"reachable"
"documentation-heavy",40,0,0.32,"retained-rights",5.624999999999991,110.99999999999999,140,"reachable"
"documentation-heavy",40,0,0.32,"growth-only",5.624999999999991,110.99999999999999,140,"reachable"
"documentation-heavy",40,0,0.33,"retained-rights",5.454545454545445,111.39999999999999,140,"reachable"
"documentation-heavy",40,0,0.33,"growth-only",5.454545454545445,111.39999999999999,140,"reachable"
"documentation-heavy",40,0,0.34,"retained-rights",5.294117647058805,111.79999999999998,140,"reachable"
"documentation-heavy",40,0,0.34,"growth-only",5.294117647058805,111.79999999999998,140,"reachable"
"documentation-heavy",40,0,0.35,"retained-rights",5.142857142857138,112.19999999999999,140,"reachable"
"documentation-heavy",40,0,0.35,"growth-only",5.142857142857138,112.19999999999999,140,"reachable"
"documentation-heavy",40,0,0.36,"retained-rights",4.999999999999982,112.6,140,"reachable"
"documentation-heavy",40,0,0.36,"growth-only",4.999999999999982,112.6,140,"reachable"
"documentation-heavy",40,0,0.37,"retained-rights",4.86486486486486,112.99999999999999,140,"reachable"
"documentation-heavy",40,0,0.37,"growth-only",4.86486486486486,112.99999999999999,140,"reachable"
"documentation-heavy",40,0,0.38,"retained-rights",4.73684210526315,113.39999999999999,140,"reachable"
"documentation-heavy",40,0,0.38,"growth-only",4.73684210526315,113.39999999999999,140,"reachable"
"documentation-heavy",40,0,0.39,"retained-rights",4.615384615384599,113.79999999999998,140,"reachable"
"documentation-heavy",40,0,0.39,"growth-only",4.615384615384599,113.79999999999998,140,"reachable"
"documentation-heavy",40,0,0.4,"retained-rights",4.499999999999993,114.19999999999999,140,"reachable"
"documentation-heavy",40,0,0.4,"growth-only",4.499999999999993,114.19999999999999,140,"reachable"
"documentation-heavy",40,0,0.41,"retained-rights",4.390243902439006,114.6,140,"reachable"
"documentation-heavy",40,0,0.41,"growth-only",4.390243902439006,114.6,140,"reachable"
"documentation-heavy",40,0,0.42,"retained-rights",4.2857142857142705,114.99999999999999,140,"reachable"
"documentation-heavy",40,0,0.42,"growth-only",4.2857142857142705,114.99999999999999,140,"reachable"
"documentation-heavy",40,0,0.43,"retained-rights",4.1860465116279055,115.39999999999999,140,"reachable"
"documentation-heavy",40,0,0.43,"growth-only",4.1860465116279055,115.39999999999999,140,"reachable"
"documentation-heavy",40,0,0.44,"retained-rights",4.090909090909078,115.8,140,"reachable"
"documentation-heavy",40,0,0.44,"growth-only",4.090909090909078,115.8,140,"reachable"
"documentation-heavy",40,0,0.45,"retained-rights",3.9999999999999813,116.19999999999999,140,"reachable"
"documentation-heavy",40,0,0.45,"growth-only",3.9999999999999813,116.19999999999999,140,"reachable"
"documentation-heavy",40,0,0.46,"retained-rights",3.913043478260869,116.6,140,"reachable"
"documentation-heavy",40,0,0.46,"growth-only",3.913043478260869,116.6,140,"reachable"
"documentation-heavy",40,0,0.47,"retained-rights",3.8297872340425476,117,140,"reachable"
"documentation-heavy",40,0,0.47,"growth-only",3.8297872340425476,117,140,"reachable"
"documentation-heavy",40,0,0.48,"retained-rights",3.7499999999999867,117.39999999999999,140,"reachable"
"documentation-heavy",40,0,0.48,"growth-only",3.7499999999999867,117.39999999999999,140,"reachable"
"documentation-heavy",40,0,0.49,"retained-rights",3.6734693877551017,117.8,140,"reachable"
"documentation-heavy",40,0,0.49,"growth-only",3.6734693877551017,117.8,140,"reachable"
"documentation-heavy",40,0,0.5,"retained-rights",3.600000000000003,118.19999999999999,140,"reachable"
"documentation-heavy",40,0,0.5,"growth-only",3.600000000000003,118.19999999999999,140,"reachable"
"documentation-heavy",40,0,0.51,"retained-rights",3.52941176470587,118.6,140,"reachable"
"documentation-heavy",40,0,0.51,"growth-only",3.52941176470587,118.6,140,"reachable"
"documentation-heavy",40,0,0.52,"retained-rights",3.4615384615384492,119,140,"reachable"
"documentation-heavy",40,0,0.52,"growth-only",3.4615384615384492,119,140,"reachable"
"documentation-heavy",40,0,0.53,"retained-rights",3.396226415094339,119.39999999999999,140,"reachable"
"documentation-heavy",40,0,0.53,"growth-only",3.396226415094339,119.39999999999999,140,"reachable"
"documentation-heavy",40,0,0.54,"retained-rights",3.3333333333333215,119.8,140,"reachable"
"documentation-heavy",40,0,0.54,"growth-only",3.3333333333333215,119.8,140,"reachable"
"documentation-heavy",40,0,0.55,"retained-rights",3.2727272727272716,120.19999999999999,140,"reachable"
"documentation-heavy",40,0,0.55,"growth-only",3.2727272727272716,120.19999999999999,140,"reachable"
"documentation-heavy",40,0,0.56,"retained-rights",3.214285714285703,120.6,140,"reachable"
"documentation-heavy",40,0,0.56,"growth-only",3.214285714285703,120.6,140,"reachable"
"documentation-heavy",40,0,0.57,"retained-rights",3.157894736842093,121,140,"reachable"
"documentation-heavy",40,0,0.57,"growth-only",3.157894736842093,121,140,"reachable"
"documentation-heavy",40,0,0.58,"retained-rights",3.103448275862064,121.39999999999999,140,"reachable"
"documentation-heavy",40,0,0.58,"growth-only",3.103448275862064,121.39999999999999,140,"reachable"
"documentation-heavy",40,0,0.59,"retained-rights",3.050847457627115,121.8,140,"reachable"
"documentation-heavy",40,0,0.59,"growth-only",3.050847457627115,121.8,140,"reachable"
"documentation-heavy",40,0,0.6,"retained-rights",3.0000000000000027,122.2,140,"reachable"
"documentation-heavy",40,0,0.6,"growth-only",3.0000000000000027,122.2,140,"reachable"
"documentation-heavy",40,0,0.61,"retained-rights",2.950819672131133,122.6,140,"reachable"
"documentation-heavy",40,0,0.61,"growth-only",2.950819672131133,122.6,140,"reachable"
"documentation-heavy",40,0,0.62,"retained-rights",2.9032258064516148,123,140,"reachable"
"documentation-heavy",40,0,0.62,"growth-only",2.9032258064516148,123,140,"reachable"
"documentation-heavy",40,0,0.63,"retained-rights",2.857142857142847,123.4,140,"reachable"
"documentation-heavy",40,0,0.63,"growth-only",2.857142857142847,123.4,140,"reachable"
"documentation-heavy",40,0,0.64,"retained-rights",2.8124999999999956,123.8,140,"reachable"
"documentation-heavy",40,0,0.64,"growth-only",2.8124999999999956,123.8,140,"reachable"
"documentation-heavy",40,0,0.65,"retained-rights",2.7692307692307683,124.2,140,"reachable"
"documentation-heavy",40,0,0.65,"growth-only",2.7692307692307683,124.2,140,"reachable"
"documentation-heavy",40,0,0.66,"retained-rights",2.7272727272727337,124.6,140,"reachable"
"documentation-heavy",40,0,0.66,"growth-only",2.7272727272727337,124.6,140,"reachable"
"documentation-heavy",40,0,0.67,"retained-rights",2.686567164179099,125,140,"reachable"
"documentation-heavy",40,0,0.67,"growth-only",2.686567164179099,125,140,"reachable"
"documentation-heavy",40,0,0.68,"retained-rights",2.6470588235294024,125.4,140,"reachable"
"documentation-heavy",40,0,0.68,"growth-only",2.6470588235294024,125.4,140,"reachable"
"documentation-heavy",40,0,0.69,"retained-rights",2.60869565217392,125.79999999999998,140,"reachable"
"documentation-heavy",40,0,0.69,"growth-only",2.60869565217392,125.79999999999998,140,"reachable"
"documentation-heavy",40,0,0.7,"retained-rights",2.57142857142858,126.19999999999997,140,"reachable"
"documentation-heavy",40,0,0.7,"growth-only",2.57142857142858,126.19999999999997,140,"reachable"
"documentation-heavy",40,0,0.71,"retained-rights",2.5352112676056304,126.59999999999998,140,"reachable"
"documentation-heavy",40,0,0.71,"growth-only",2.5352112676056304,126.59999999999998,140,"reachable"
"documentation-heavy",40,0,0.72,"retained-rights",2.499999999999991,126.99999999999999,140,"reachable"
"documentation-heavy",40,0,0.72,"growth-only",2.499999999999991,126.99999999999999,140,"reachable"
"documentation-heavy",40,0,0.73,"retained-rights",2.465753424657535,127.39999999999998,140,"reachable"
"documentation-heavy",40,0,0.73,"growth-only",2.465753424657535,127.39999999999998,140,"reachable"
"documentation-heavy",40,0,0.74,"retained-rights",2.43243243243243,127.79999999999998,140,"reachable"
"documentation-heavy",40,0,0.74,"growth-only",2.43243243243243,127.79999999999998,140,"reachable"
"documentation-heavy",40,0,0.75,"retained-rights",2.400000000000002,128.2,140,"reachable"
"documentation-heavy",40,0,0.75,"growth-only",2.400000000000002,128.2,140,"reachable"
"documentation-heavy",40,0,0.76,"retained-rights",2.368421052631575,128.6,140,"reachable"
"documentation-heavy",40,0,0.76,"growth-only",2.368421052631575,128.6,140,"reachable"
"documentation-heavy",40,0,0.77,"retained-rights",2.3376623376623273,128.99999999999997,140,"reachable"
"documentation-heavy",40,0,0.77,"growth-only",2.3376623376623273,128.99999999999997,140,"reachable"
"documentation-heavy",40,0,0.78,"retained-rights",2.3076923076922995,129.39999999999998,140,"reachable"
"documentation-heavy",40,0,0.78,"growth-only",2.3076923076922995,129.39999999999998,140,"reachable"
"documentation-heavy",40,0,0.79,"retained-rights",2.278481012658218,129.79999999999998,140,"reachable"
"documentation-heavy",40,0,0.79,"growth-only",2.278481012658218,129.79999999999998,140,"reachable"
"documentation-heavy",40,0,0.8,"retained-rights",2.2499999999999964,130.2,140,"reachable"
"documentation-heavy",40,0,0.8,"growth-only",2.2499999999999964,130.2,140,"reachable"
"documentation-heavy",40,0,0.81,"retained-rights",2.2222222222222143,130.6,140,"reachable"
"documentation-heavy",40,0,0.81,"growth-only",2.2222222222222143,130.6,140,"reachable"
"documentation-heavy",40,0,0.82,"retained-rights",2.195121951219514,130.99999999999997,140,"reachable"
"documentation-heavy",40,0,0.82,"growth-only",2.195121951219514,130.99999999999997,140,"reachable"
"documentation-heavy",40,0,0.83,"retained-rights",2.168674698795181,131.39999999999998,140,"reachable"
"documentation-heavy",40,0,0.83,"growth-only",2.168674698795181,131.39999999999998,140,"reachable"
"documentation-heavy",40,0,0.84,"retained-rights",2.1428571428571352,131.79999999999998,140,"reachable"
"documentation-heavy",40,0,0.84,"growth-only",2.1428571428571352,131.79999999999998,140,"reachable"
"documentation-heavy",40,0,0.85,"retained-rights",2.117647058823535,132.2,140,"reachable"
"documentation-heavy",40,0,0.85,"growth-only",2.117647058823535,132.2,140,"reachable"
"documentation-heavy",40,0,0.86,"retained-rights",2.0930232558139528,132.6,140,"reachable"
"documentation-heavy",40,0,0.86,"growth-only",2.0930232558139528,132.6,140,"reachable"
"documentation-heavy",40,0,0.87,"retained-rights",2.0689655172413834,132.99999999999997,140,"reachable"
"documentation-heavy",40,0,0.87,"growth-only",2.0689655172413834,132.99999999999997,140,"reachable"
"documentation-heavy",40,0,0.88,"retained-rights",2.0454545454545503,133.39999999999998,140,"reachable"
"documentation-heavy",40,0,0.88,"growth-only",2.0454545454545503,133.39999999999998,140,"reachable"
"documentation-heavy",40,0,0.89,"retained-rights",2.0224719101123556,133.79999999999998,140,"reachable"
"documentation-heavy",40,0,0.89,"growth-only",2.0224719101123556,133.79999999999998,140,"reachable"
"documentation-heavy",40,0,0.9,"retained-rights",2.0000000000000018,134.2,140,"reachable"
"documentation-heavy",40,0,0.9,"growth-only",2.0000000000000018,134.2,140,"reachable"
"documentation-heavy",40,0,0.91,"retained-rights",1.978021978021971,134.6,140,"reachable"
"documentation-heavy",40,0,0.91,"growth-only",1.978021978021971,134.6,140,"reachable"
"documentation-heavy",40,0,0.92,"retained-rights",1.9565217391304346,135,140,"reachable"
"documentation-heavy",40,0,0.92,"growth-only",1.9565217391304346,135,140,"reachable"
"documentation-heavy",40,0,0.93,"retained-rights",1.9354838709677358,135.39999999999998,140,"reachable"
"documentation-heavy",40,0,0.93,"growth-only",1.9354838709677358,135.39999999999998,140,"reachable"
"documentation-heavy",40,0,0.94,"retained-rights",1.914893617021285,135.79999999999998,140,"reachable"
"documentation-heavy",40,0,0.94,"growth-only",1.914893617021285,135.79999999999998,140,"reachable"
"documentation-heavy",40,0,0.95,"retained-rights",1.8947368421052602,136.2,140,"reachable"
"documentation-heavy",40,0,0.95,"growth-only",1.8947368421052602,136.2,140,"reachable"
"documentation-heavy",40,0,0.96,"retained-rights",1.8750000000000044,136.6,140,"reachable"
"documentation-heavy",40,0,0.96,"growth-only",1.8750000000000044,136.6,140,"reachable"
"documentation-heavy",40,0,0.97,"retained-rights",1.855670103092777,137,140,"reachable"
"documentation-heavy",40,0,0.97,"growth-only",1.855670103092777,137,140,"reachable"
"documentation-heavy",40,0,0.98,"retained-rights",1.8367346938775508,137.39999999999998,140,"reachable"
"documentation-heavy",40,0,0.98,"growth-only",1.8367346938775508,137.39999999999998,140,"reachable"
"documentation-heavy",40,0,0.99,"retained-rights",1.81818181818183,137.79999999999998,140,"reachable"
"documentation-heavy",40,0,0.99,"growth-only",1.81818181818183,137.79999999999998,140,"reachable"
"documentation-heavy",40,0,1,"retained-rights",1.8000000000000016,138.2,140,"reachable"
"documentation-heavy",40,0,1,"growth-only",1.8000000000000016,138.2,140,"reachable"
"documentation-heavy",40,0.5,0,"retained-rights","",96.465,140,"not-reachable"
"documentation-heavy",40,0.5,0,"growth-only","",96.465,140,"not-reachable"
"documentation-heavy",40,0.5,0.01,"retained-rights","",96.8751089775,140,"not-reachable"
"documentation-heavy",40,0.5,0.01,"growth-only","",96.85806,140,"not-reachable"
"documentation-heavy",40,0.5,0.02,"retained-rights","",97.28521795500001,140,"not-reachable"
"documentation-heavy",40,0.5,0.02,"growth-only","",97.25112,140,"not-reachable"
"documentation-heavy",40,0.5,0.03,"retained-rights","",97.69532693250001,140,"not-reachable"
"documentation-heavy",40,0.5,0.03,"growth-only","",97.64418,140,"not-reachable"
"documentation-heavy",40,0.5,0.04,"retained-rights","",98.10543591000001,140,"not-reachable"
"documentation-heavy",40,0.5,0.04,"growth-only","",98.03724,140,"not-reachable"
"documentation-heavy",40,0.5,0.05,"retained-rights","",98.5155448875,140,"not-reachable"
"documentation-heavy",40,0.5,0.05,"growth-only","",98.43029999999999,140,"not-reachable"
"documentation-heavy",40,0.5,0.06,"retained-rights","",98.925653865,140,"not-reachable"
"documentation-heavy",40,0.5,0.06,"growth-only","",98.82336000000001,140,"not-reachable"
"documentation-heavy",40,0.5,0.07,"retained-rights","",99.3357628425,140,"not-reachable"
"documentation-heavy",40,0.5,0.07,"growth-only","",99.21642,140,"not-reachable"
"documentation-heavy",40,0.5,0.08,"retained-rights","",99.74587182,140,"not-reachable"
"documentation-heavy",40,0.5,0.08,"growth-only","",99.60948,140,"not-reachable"
"documentation-heavy",40,0.5,0.09,"retained-rights",39.62466030415401,100.1559807975,140,"reachable"
"documentation-heavy",40,0.5,0.09,"growth-only",39.99429979144593,100.00254,140,"reachable"
"documentation-heavy",40,0.5,0.1,"retained-rights",38.6624350199456,100.566089775,140,"reachable"
"documentation-heavy",40,0.5,0.1,"growth-only",39.13341820943528,100.3956,140,"reachable"
"documentation-heavy",40,0.5,0.11,"retained-rights",37.73420123792406,100.9761987525,140,"reachable"
"documentation-heavy",40,0.5,0.11,"growth-only",38.312559598205674,100.78866,140,"reachable"
"documentation-heavy",40,0.5,0.12,"retained-rights",36.837977610479065,101.38630773,140,"reachable"
"documentation-heavy",40,0.5,0.12,"growth-only",37.52878361984684,101.18172000000001,140,"reachable"
"documentation-heavy",40,0.5,0.13,"retained-rights",35.97194545762823,101.79641670749999,140,"reachable"
"documentation-heavy",40,0.5,0.13,"growth-only",36.779446957311436,101.57478,140,"reachable"
"documentation-heavy",40,0.5,0.14,"retained-rights",35.1344315799206,102.20652568499999,140,"reachable"
"documentation-heavy",40,0.5,0.14,"growth-only",36.062165248778236,101.96784000000001,140,"reachable"
"documentation-heavy",40,0.5,0.15,"retained-rights",34.32389327986418,102.61663466249999,140,"reachable"
"documentation-heavy",40,0.5,0.15,"growth-only",35.37478089818615,102.3609,140,"reachable"
"documentation-heavy",40,0.5,0.16,"retained-rights",33.53890525959085,103.02674363999999,140,"reachable"
"documentation-heavy",40,0.5,0.16,"growth-only",34.71533570760415,102.75396,140,"reachable"
"documentation-heavy",40,0.5,0.17,"retained-rights",32.778148119453675,103.4368526175,140,"reachable"
"documentation-heavy",40,0.5,0.17,"growth-only",34.08204749140904,103.14702,140,"reachable"
"documentation-heavy",40,0.5,0.18,"retained-rights",32.0403982283195,103.846961595,140,"reachable"
"documentation-heavy",40,0.5,0.18,"growth-only",33.47328999813903,103.54007999999999,140,"reachable"
"documentation-heavy",40,0.5,0.19,"retained-rights",31.324518773765988,104.2570705725,140,"reachable"
"documentation-heavy",40,0.5,0.19,"growth-only",32.887575595352004,103.93314000000001,140,"reachable"
"documentation-heavy",40,0.5,0.2,"retained-rights",30.629451831001475,104.66717955,140,"reachable"
"documentation-heavy",40,0.5,0.2,"growth-only",32.32354027461106,104.32619999999999,140,"reachable"
"documentation-heavy",40,0.5,0.21,"retained-rights",29.954211314466473,105.0772885275,140,"reachable"
"documentation-heavy",40,0.5,0.21,"growth-only",31.779930614332265,104.71926,140,"reachable"
"documentation-heavy",40,0.5,0.22,"retained-rights",29.297876696827064,105.487397505,140,"reachable"
"documentation-heavy",40,0.5,0.22,"growth-only",31.25559240249176,105.11232,140,"reachable"
"documentation-heavy",40,0.5,0.23,"retained-rights",28.659587397279118,105.8975064825,140,"reachable"
"documentation-heavy",40,0.5,0.23,"growth-only",30.74946067274773,105.50538,140,"reachable"
"documentation-heavy",40,0.5,0.24,"retained-rights",28.038537755410186,106.30761546000001,140,"reachable"
"documentation-heavy",40,0.5,0.24,"growth-only",30.26055094914051,105.89844,140,"reachable"
"documentation-heavy",40,0.5,0.25,"retained-rights",27.433972518851313,106.71772443750001,140,"reachable"
"documentation-heavy",40,0.5,0.25,"growth-only",29.787951528305314,106.2915,140,"reachable"
"documentation-heavy",40,0.5,0.26,"retained-rights",26.845182783011467,107.12783341500001,140,"reachable"
"documentation-heavy",40,0.5,0.26,"growth-only",29.330816655687443,106.68455999999999,140,"reachable"
"documentation-heavy",40,0.5,0.27,"retained-rights",26.271502329667086,107.53794239250001,140,"reachable"
"documentation-heavy",40,0.5,0.27,"growth-only",28.88836047484893,107.07762000000001,140,"reachable"
"documentation-heavy",40,0.5,0.28,"retained-rights",25.712304318352185,107.94805137,140,"reachable"
"documentation-heavy",40,0.5,0.28,"growth-only",28.45985164757805,107.47068,140,"reachable"
"documentation-heavy",40,0.5,0.29,"retained-rights",25.166998290581223,108.35816034749999,140,"reachable"
"documentation-heavy",40,0.5,0.29,"growth-only",28.044608557932115,107.86374,140,"reachable"
"documentation-heavy",40,0.5,0.3,"retained-rights",24.635027452123094,108.76826932499999,140,"reachable"
"documentation-heavy",40,0.5,0.3,"growth-only",27.641995026162025,108.2568,140,"reachable"
"documentation-heavy",40,0.5,0.31,"retained-rights",24.11586620297257,109.1783783025,140,"reachable"
"documentation-heavy",40,0.5,0.31,"growth-only",27.251416469172085,108.64985999999999,140,"reachable"
"documentation-heavy",40,0.5,0.32,"retained-rights",23.609017888462837,109.58848728,140,"reachable"
"documentation-heavy",40,0.5,0.32,"growth-only",26.872316453141053,109.04292,140,"reachable"
"documentation-heavy",40,0.5,0.33,"retained-rights",23.11401274822429,109.9985962575,140,"reachable"
"documentation-heavy",40,0.5,0.33,"growth-only",26.50417359148136,109.43598000000001,140,"reachable"
"documentation-heavy",40,0.5,0.34,"retained-rights",22.630406042508078,110.408705235,140,"reachable"
"documentation-heavy",40,0.5,0.34,"growth-only",26.14649874769055,109.82904,140,"reachable"
"documentation-heavy",40,0.5,0.35,"retained-rights",22.157776337822966,110.8188142125,140,"reachable"
"documentation-heavy",40,0.5,0.35,"growth-only",25.798832508053437,110.22209999999998,140,"reachable"
"documentation-heavy",40,0.5,0.36,"retained-rights",21.695723935940727,111.22892318999999,140,"reachable"
"documentation-heavy",40,0.5,0.36,"growth-only",25.460742893749668,110.61516,140,"reachable"
"documentation-heavy",40,0.5,0.37,"retained-rights",21.24386943215537,111.63903216749999,140,"reachable"
"documentation-heavy",40,0.5,0.37,"growth-only",25.13182328584156,111.00822,140,"reachable"
"documentation-heavy",40,0.5,0.38,"retained-rights",20.80185239027543,112.049141145,140,"reachable"
"documentation-heavy",40,0.5,0.38,"growth-only",24.81169053997243,111.40128,140,"reachable"
"documentation-heavy",40,0.5,0.39,"retained-rights",20.369330123219818,112.4592501225,140,"reachable"
"documentation-heavy",40,0.5,0.39,"growth-only",24.49998327048466,111.79433999999999,140,"reachable"
"documentation-heavy",40,0.5,0.4,"retained-rights",19.945976569305166,112.8693591,140,"reachable"
"documentation-heavy",40,0.5,0.4,"growth-only",24.19636028614558,112.1874,140,"reachable"
"documentation-heavy",40,0.5,0.41,"retained-rights",19.531481255380466,113.2794680775,140,"reachable"
"documentation-heavy",40,0.5,0.41,"growth-only",23.90049916180721,112.58045999999999,140,"reachable"
"documentation-heavy",40,0.5,0.42,"retained-rights",19.125548338902654,113.689577055,140,"reachable"
"documentation-heavy",40,0.5,0.42,"growth-only",23.612094932178106,112.97352000000001,140,"reachable"
"documentation-heavy",40,0.5,0.43,"retained-rights",18.72789572187323,114.0996860325,140,"reachable"
"documentation-heavy",40,0.5,0.43,"growth-only",23.330858895490223,113.36658,140,"reachable"
"documentation-heavy",40,0.5,0.44,"retained-rights",18.338254230284747,114.50979501,140,"reachable"
"documentation-heavy",40,0.5,0.44,"growth-only",23.056517516240472,113.75964,140,"reachable"
"documentation-heavy",40,0.5,0.45,"retained-rights",17.956366853370742,114.9199039875,140,"reachable"
"documentation-heavy",40,0.5,0.45,"growth-only",22.78881141740481,114.1527,140,"reachable"
"documentation-heavy",40,0.5,0.46,"retained-rights",17.58198803752333,115.33001296500001,140,"reachable"
"documentation-heavy",40,0.5,0.46,"growth-only",22.527494453585106,114.54576,140,"reachable"
"documentation-heavy",40,0.5,0.47,"retained-rights",17.214883030249027,115.74012194249998,140,"reachable"
"documentation-heavy",40,0.5,0.47,"growth-only",22.272332857481825,114.93881999999999,140,"reachable"
"documentation-heavy",40,0.5,0.48,"retained-rights",16.854827269984064,116.15023091999998,140,"reachable"
"documentation-heavy",40,0.5,0.48,"growth-only",22.023104452901876,115.33187999999998,140,"reachable"
"documentation-heavy",40,0.5,0.49,"retained-rights",16.501605817990985,116.56033989749999,140,"reachable"
"documentation-heavy",40,0.5,0.49,"growth-only",21.77959792823072,115.72494,140,"reachable"
"documentation-heavy",40,0.5,0.5,"retained-rights",16.15501282891596,116.97044887499999,140,"reachable"
"documentation-heavy",40,0.5,0.5,"growth-only",21.54161216493067,116.118,140,"reachable"
"documentation-heavy",40,0.5,0.51,"retained-rights",15.814851056905809,117.38055785249999,140,"reachable"
"documentation-heavy",40,0.5,0.51,"growth-only",21.308955616186353,116.51106,140,"reachable"
"documentation-heavy",40,0.5,0.52,"retained-rights",15.480931394469488,117.79066682999999,140,"reachable"
"documentation-heavy",40,0.5,0.52,"growth-only",21.081445731314098,116.90411999999999,140,"reachable"
"documentation-heavy",40,0.5,0.53,"retained-rights",15.15307244152475,118.2007758075,140,"reachable"
"documentation-heavy",40,0.5,0.53,"growth-only",20.858908421988232,117.29718,140,"reachable"
"documentation-heavy",40,0.5,0.54,"retained-rights",14.831100102300908,118.610884785,140,"reachable"
"documentation-heavy",40,0.5,0.54,"growth-only",20.641177566728786,117.69023999999999,140,"reachable"
"documentation-heavy",40,0.5,0.55,"retained-rights",14.514847207974736,119.0209937625,140,"reachable"
"documentation-heavy",40,0.5,0.55,"growth-only",20.428094550439123,118.08330000000001,140,"reachable"
"documentation-heavy",40,0.5,0.56,"retained-rights",14.204153163103129,119.43110274,140,"reachable"
"documentation-heavy",40,0.5,0.56,"growth-only",20.21950783609101,118.47635999999999,140,"reachable"
"documentation-heavy",40,0.5,0.57,"retained-rights",13.898863614082725,119.8412117175,140,"reachable"
"documentation-heavy",40,0.5,0.57,"growth-only",20.015272565930054,118.86942,140,"reachable"
"documentation-heavy",40,0.5,0.58,"retained-rights",13.598830138019103,120.251320695,140,"reachable"
"documentation-heavy",40,0.5,0.58,"growth-only",19.81525018981891,119.26248,140,"reachable"
"documentation-heavy",40,0.5,0.59,"retained-rights",13.303909950523707,120.66142967249999,140,"reachable"
"documentation-heavy",40,0.5,0.59,"growth-only",19.619308118556567,119.65554,140,"reachable"
"documentation-heavy",40,0.5,0.6,"retained-rights",13.013965631081081,121.07153865,140,"reachable"
"documentation-heavy",40,0.5,0.6,"growth-only",19.4273194002087,120.0486,140,"reachable"
"documentation-heavy",40,0.5,0.61,"retained-rights",12.72886486474043,121.4816476275,140,"reachable"
"documentation-heavy",40,0.5,0.61,"growth-only",19.23916241766075,120.44165999999998,140,"reachable"
"documentation-heavy",40,0.5,0.62,"retained-rights",12.4484801989875,121.891756605,140,"reachable"
"documentation-heavy",40,0.5,0.62,"growth-only",19.054720605764942,120.83471999999999,140,"reachable"
"documentation-heavy",40,0.5,0.63,"retained-rights",12.172688814744536,122.3018655825,140,"reachable"
"documentation-heavy",40,0.5,0.63,"growth-only",18.87388218659465,121.22778000000001,140,"reachable"
"documentation-heavy",40,0.5,0.64,"retained-rights",11.901372310530656,122.71197455999999,140,"reachable"
"documentation-heavy",40,0.5,0.64,"growth-only",18.696539921449528,121.62084,140,"reachable"
"documentation-heavy",40,0.5,0.65,"retained-rights",11.634416498890143,123.1220835375,140,"reachable"
"documentation-heavy",40,0.5,0.65,"growth-only",18.52259087837038,122.01389999999999,140,"reachable"
"documentation-heavy",40,0.5,0.66,"retained-rights",11.371711214267055,123.53219251499998,140,"reachable"
"documentation-heavy",40,0.5,0.66,"growth-only",18.35193621402822,122.40696,140,"reachable"
"documentation-heavy",40,0.5,0.67,"retained-rights",11.113150131566618,123.94230149250001,140,"reachable"
"documentation-heavy",40,0.5,0.67,"growth-only",18.18448096894729,122.80001999999999,140,"reachable"
"documentation-heavy",40,0.5,0.68,"retained-rights",10.858630594702689,124.35241046999998,140,"reachable"
"documentation-heavy",40,0.5,0.68,"growth-only",18.020133875107504,123.19308,140,"reachable"
"documentation-heavy",40,0.5,0.69,"retained-rights",10.608053454483102,124.76251944749998,140,"reachable"
"documentation-heavy",40,0.5,0.69,"growth-only",17.858807175050416,123.58613999999999,140,"reachable"
"documentation-heavy",40,0.5,0.7,"retained-rights",10.361322915233062,125.17262842499998,140,"reachable"
"documentation-heavy",40,0.5,0.7,"growth-only",17.70041645168363,123.9792,140,"reachable"
"documentation-heavy",40,0.5,0.71,"retained-rights",10.118346389601074,125.58273740249999,140,"reachable"
"documentation-heavy",40,0.5,0.71,"growth-only",17.544880468042656,124.37225999999998,140,"reachable"
"documentation-heavy",40,0.5,0.72,"retained-rights",9.879034361032968,125.99284637999999,140,"reachable"
"documentation-heavy",40,0.5,0.72,"growth-only",17.392121016328723,124.76532,140,"reachable"
"documentation-heavy",40,0.5,0.73,"retained-rights",9.643300253435939,126.40295535749999,140,"reachable"
"documentation-heavy",40,0.5,0.73,"growth-only",17.242062775593524,125.15838,140,"reachable"
"documentation-heavy",40,0.5,0.74,"retained-rights",9.41106030758958,126.81306433499999,140,"reachable"
"documentation-heavy",40,0.5,0.74,"growth-only",17.09463317749158,125.55144,140,"reachable"
"documentation-heavy",40,0.5,0.75,"retained-rights",9.18223346389202,127.2231733125,140,"reachable"
"documentation-heavy",40,0.5,0.75,"growth-only",16.949762279564485,125.94449999999999,140,"reachable"
"documentation-heavy",40,0.5,0.76,"retained-rights",8.956741251058077,127.63328229,140,"reachable"
"documentation-heavy",40,0.5,0.76,"growth-only",16.807382645562875,126.33756000000001,140,"reachable"
"documentation-heavy",40,0.5,0.77,"retained-rights",8.734507680413305,128.0433912675,140,"reachable"
"documentation-heavy",40,0.5,0.77,"growth-only",16.66742923234814,126.73061999999999,140,"reachable"
"documentation-heavy",40,0.5,0.78,"retained-rights",8.515459145451775,128.453500245,140,"reachable"
"documentation-heavy",40,0.5,0.78,"growth-only",16.52983928295089,127.12367999999998,140,"reachable"
"documentation-heavy",40,0.5,0.79,"retained-rights",8.299524326349017,128.8636092225,140,"reachable"
"documentation-heavy",40,0.5,0.79,"growth-only",16.3945522253937,127.51674,140,"reachable"
"documentation-heavy",40,0.5,0.8,"retained-rights",8.086634099141321,129.2737182,140,"reachable"
"documentation-heavy",40,0.5,0.8,"growth-only",16.261509576914413,127.9098,140,"reachable"
"documentation-heavy",40,0.5,0.81,"retained-rights",7.876721449302848,129.6838271775,140,"reachable"
"documentation-heavy",40,0.5,0.81,"growth-only",16.130654853253024,128.30286,140,"reachable"
"documentation-heavy",40,0.5,0.82,"retained-rights",7.669721389469242,130.093936155,140,"reachable"
"documentation-heavy",40,0.5,0.82,"growth-only",16.00193348268826,128.69591999999997,140,"reachable"
"documentation-heavy",40,0.5,0.83,"retained-rights",7.465570881073047,130.50404513249998,140,"reachable"
"documentation-heavy",40,0.5,0.83,"growth-only",15.875292724533342,129.08898,140,"reachable"
"documentation-heavy",40,0.5,0.84,"retained-rights",7.264208759671953,130.91415411,140,"reachable"
"documentation-heavy",40,0.5,0.84,"growth-only",15.750681591819982,129.48203999999998,140,"reachable"
"documentation-heavy",40,0.5,0.85,"retained-rights",7.065575663764179,131.3242630875,140,"reachable"
"documentation-heavy",40,0.5,0.85,"growth-only",15.628050777918823,129.8751,140,"reachable"
"documentation-heavy",40,0.5,0.86,"retained-rights",6.869613966899424,131.734372065,140,"reachable"
"documentation-heavy",40,0.5,0.86,"growth-only",15.507352586861668,130.26816,140,"reachable"
"documentation-heavy",40,0.5,0.87,"retained-rights",6.676267712905126,132.1444810425,140,"reachable"
"documentation-heavy",40,0.5,0.87,"growth-only",15.388540867147228,130.66122000000001,140,"reachable"
"documentation-heavy",40,0.5,0.88,"retained-rights",6.485482554059696,132.55459002,140,"reachable"
"documentation-heavy",40,0.5,0.88,"growth-only",15.27157094882634,131.05427999999998,140,"reachable"
"documentation-heavy",40,0.5,0.89,"retained-rights",6.297205692054408,132.9646989975,140,"reachable"
"documentation-heavy",40,0.5,0.89,"growth-only",15.156399583676805,131.44734,140,"reachable"
"documentation-heavy",40,0.5,0.9,"retained-rights",6.111385821595894,133.37480797499998,140,"reachable"
"documentation-heavy",40,0.5,0.9,"growth-only",15.04298488828999,131.8404,140,"reachable"
"documentation-heavy",40,0.5,0.91,"retained-rights",5.927973076509674,133.7849169525,140,"reachable"
"documentation-heavy",40,0.5,0.91,"growth-only",14.931286289903746,132.23346,140,"reachable"
"documentation-heavy",40,0.5,0.92,"retained-rights",5.746918978214288,134.19502592999999,140,"reachable"
"documentation-heavy",40,0.5,0.92,"growth-only",14.821264474826279,132.62652,140,"reachable"
"documentation-heavy",40,0.5,0.93,"retained-rights",5.568176386442714,134.6051349075,140,"reachable"
"documentation-heavy",40,0.5,0.93,"growth-only",14.712881339306216,133.01958,140,"reachable"
"documentation-heavy",40,0.5,0.94,"retained-rights",5.391699452095855,135.015243885,140,"reachable"
"documentation-heavy",40,0.5,0.94,"growth-only",14.606099942712891,133.41263999999998,140,"reachable"
"documentation-heavy",40,0.5,0.95,"retained-rights",5.217443572119063,135.4253528625,140,"reachable"
"documentation-heavy",40,0.5,0.95,"growth-only",14.500884462900032,133.80569999999997,140,"reachable"
"documentation-heavy",40,0.5,0.96,"retained-rights",5.045365346299624,135.83546184,140,"reachable"
"documentation-heavy",40,0.5,0.96,"growth-only",14.397200153633506,134.19876,140,"reachable"
"documentation-heavy",40,0.5,0.97,"retained-rights",4.875422535888374,136.24557081749998,140,"reachable"
"documentation-heavy",40,0.5,0.97,"growth-only",14.295013303971604,134.59182,140,"reachable"
"documentation-heavy",40,0.5,0.98,"retained-rights",4.707574023955141,136.655679795,140,"reachable"
"documentation-heavy",40,0.5,0.98,"growth-only",14.194291199493048,134.98488,140,"reachable"
"documentation-heavy",40,0.5,0.99,"retained-rights",4.54177977739203,137.06578877249999,140,"reachable"
"documentation-heavy",40,0.5,0.99,"growth-only",14.095002085274366,135.37794,140,"reachable"
"documentation-heavy",40,0.5,1,"retained-rights",4.378000810483851,137.47589775,140,"reachable"
"documentation-heavy",40,0.5,1,"growth-only",13.997115130524396,135.771,140,"reachable"
"documentation-heavy",40,1,0,"retained-rights","",94.73,140,"not-reachable"
"documentation-heavy",40,1,0,"growth-only","",94.73,140,"not-reachable"
"documentation-heavy",40,1,0.01,"retained-rights","",95.14961591000001,140,"not-reachable"
"documentation-heavy",40,1,0.01,"growth-only","",95.11612000000001,140,"not-reachable"
"documentation-heavy",40,1,0.02,"retained-rights","",95.56923182,140,"not-reachable"
"documentation-heavy",40,1,0.02,"growth-only","",95.50224,140,"not-reachable"
"documentation-heavy",40,1,0.03,"retained-rights","",95.98884773,140,"not-reachable"
"documentation-heavy",40,1,0.03,"growth-only","",95.88836,140,"not-reachable"
"documentation-heavy",40,1,0.04,"retained-rights","",96.40846364,140,"not-reachable"
"documentation-heavy",40,1,0.04,"growth-only","",96.27448000000001,140,"not-reachable"
"documentation-heavy",40,1,0.05,"retained-rights","",96.82807955,140,"not-reachable"
"documentation-heavy",40,1,0.05,"growth-only","",96.6606,140,"not-reachable"
"documentation-heavy",40,1,0.06,"retained-rights","",97.24769546,140,"not-reachable"
"documentation-heavy",40,1,0.06,"growth-only","",97.04672,140,"not-reachable"
"documentation-heavy",40,1,0.07,"retained-rights","",97.66731137,140,"not-reachable"
"documentation-heavy",40,1,0.07,"growth-only","",97.43284,140,"not-reachable"
"documentation-heavy",40,1,0.08,"retained-rights","",98.08692728,140,"not-reachable"
"documentation-heavy",40,1,0.08,"growth-only","",97.81896,140,"not-reachable"
"documentation-heavy",40,1,0.09,"retained-rights","",98.50654319,140,"not-reachable"
"documentation-heavy",40,1,0.09,"growth-only","",98.20508000000001,140,"not-reachable"
"documentation-heavy",40,1,0.1,"retained-rights","",98.9261591,140,"not-reachable"
"documentation-heavy",40,1,0.1,"growth-only","",98.59120000000001,140,"not-reachable"
"documentation-heavy",40,1,0.11,"retained-rights","",99.34577501,140,"not-reachable"
"documentation-heavy",40,1,0.11,"growth-only","",98.97731999999999,140,"not-reachable"
"documentation-heavy",40,1,0.12,"retained-rights","",99.76539092,140,"not-reachable"
"documentation-heavy",40,1,0.12,"growth-only","",99.36344,140,"not-reachable"
"documentation-heavy",40,1,0.13,"retained-rights",39.7589052701637,100.18500683,140,"reachable"
"documentation-heavy",40,1,0.13,"growth-only","",99.74955999999999,140,"not-reachable"
"documentation-heavy",40,1,0.14,"retained-rights",39.21801410030834,100.60462274,140,"reachable"
"documentation-heavy",40,1,0.14,"growth-only",39.84279962276034,100.13568,140,"reachable"
"documentation-heavy",40,1,0.15,"retained-rights",38.685180207729594,101.02423865000002,140,"reachable"
"documentation-heavy",40,1,0.15,"growth-only",39.403690036282455,100.5218,140,"reachable"
"documentation-heavy",40,1,0.16,"retained-rights",38.160183876545695,101.44385456,140,"reachable"
"documentation-heavy",40,1,0.16,"growth-only",38.97635338556831,100.90791999999999,140,"reachable"
"documentation-heavy",40,1,0.17,"retained-rights",37.642814169624096,101.86347047,140,"reachable"
"documentation-heavy",40,1,0.17,"growth-only",38.56025716954643,101.29404,140,"reachable"
"documentation-heavy",40,1,0.18,"retained-rights",37.132868466636126,102.28308638000001,140,"reachable"
"documentation-heavy",40,1,0.18,"growth-only",38.154903199753676,101.68016,140,"reachable"
"documentation-heavy",40,1,0.19,"retained-rights",36.630152032198595,102.70270229,140,"reachable"
"documentation-heavy",40,1,0.19,"growth-only",37.75982473361561,102.06627999999999,140,"reachable"
"documentation-heavy",40,1,0.2,"retained-rights",36.13447761177262,103.1223182,140,"reachable"
"documentation-heavy",40,1,0.2,"growth-only",37.37458390077191,102.4524,140,"reachable"
"documentation-heavy",40,1,0.21,"retained-rights",35.6456650531991,103.54193411000001,140,"reachable"
"documentation-heavy",40,1,0.21,"growth-only",36.99876938718158,102.83852,140,"reachable"
"documentation-heavy",40,1,0.22,"retained-rights",35.1635409519369,103.96155002,140,"reachable"
"documentation-heavy",40,1,0.22,"growth-only",36.63199434660393,103.22464,140,"reachable"
"documentation-heavy",40,1,0.23,"retained-rights",34.68793831823853,104.38116593,140,"reachable"
"documentation-heavy",40,1,0.23,"growth-only",36.273894513161366,103.61076,140,"reachable"
"documentation-heavy",40,1,0.24,"retained-rights",34.218696264650596,104.80078183999998,140,"reachable"
"documentation-heavy",40,1,0.24,"growth-only",35.92412649217436,103.99688,140,"reachable"
"documentation-heavy",40,1,0.25,"retained-rights",33.75565971236243,105.22039775,140,"reachable"
"documentation-heavy",40,1,0.25,"growth-only",35.58236620942685,104.38300000000001,140,"reachable"
"documentation-heavy",40,1,0.26,"retained-rights",33.2986791150512,105.64001366,140,"reachable"
"documentation-heavy",40,1,0.26,"growth-only",35.2483075015521,104.76912,140,"reachable"
"documentation-heavy",40,1,0.27,"retained-rights",32.84761019898357,106.05962957000001,140,"reachable"
"documentation-heavy",40,1,0.27,"growth-only",34.92166083239889,105.15524,140,"reachable"
"documentation-heavy",40,1,0.28,"retained-rights",32.402313718235234,106.47924548,140,"reachable"
"documentation-heavy",40,1,0.28,"growth-only",34.60215212210225,105.54136000000001,140,"reachable"
"documentation-heavy",40,1,0.29,"retained-rights",31.962655223982473,106.89886139,140,"reachable"
"documentation-heavy",40,1,0.29,"growth-only",34.289521677187636,105.92748,140,"reachable"
"documentation-heavy",40,1,0.3,"retained-rights",31.528504846903505,107.3184773,140,"reachable"
"documentation-heavy",40,1,0.3,"growth-only",33.98352321142573,106.31360000000001,140,"reachable"
"documentation-heavy",40,1,0.31,"retained-rights",31.09973709180267,107.73809321,140,"reachable"
"documentation-heavy",40,1,0.31,"growth-only",33.68392294835611,106.69972000000001,140,"reachable"
"documentation-heavy",40,1,0.32,"retained-rights",30.67623064364131,108.15770912,140,"reachable"
"documentation-heavy",40,1,0.32,"growth-only",33.390498797442135,107.08584,140,"reachable"
"documentation-heavy",40,1,0.33,"retained-rights",30.257868184221003,108.57732503,140,"reachable"
"documentation-heavy",40,1,0.33,"growth-only",33.10303959672758,107.47196000000001,140,"reachable"
"documentation-heavy",40,1,0.34,"retained-rights",29.844536218823126,108.99694094,140,"reachable"
"documentation-heavy",40,1,0.34,"growth-only",32.82134441565929,107.85808000000002,140,"reachable"
"documentation-heavy",40,1,0.35,"retained-rights",29.436124912161343,109.41655685,140,"reachable"
"documentation-heavy",40,1,0.35,"growth-only",32.5452219124331,108.2442,140,"reachable"
"documentation-heavy",40,1,0.36,"retained-rights",29.032527933051554,109.83617276,140,"reachable"
"documentation-heavy",40,1,0.36,"growth-only",32.27448974082863,108.63032,140,"reachable"
"documentation-heavy",40,1,0.37,"retained-rights",28.633642307247875,110.25578866999999,140,"reachable"
"documentation-heavy",40,1,0.37,"growth-only",32.0089740020332,109.01643999999999,140,"reachable"
"documentation-heavy",40,1,0.38,"retained-rights",28.239368277933828,110.67540458,140,"reachable"
"documentation-heavy",40,1,0.38,"growth-only",31.748508737425073,109.40256,140,"reachable"
"documentation-heavy",40,1,0.39,"retained-rights",27.84960917339483,111.09502049,140,"reachable"
"documentation-heavy",40,1,0.39,"growth-only",31.492935458701332,109.78868,140,"reachable"
"documentation-heavy",40,1,0.4,"retained-rights",27.464271281431497,111.51463639999999,140,"reachable"
"documentation-heavy",40,1,0.4,"growth-only",31.242102712102636,110.17479999999999,140,"reachable"
"documentation-heavy",40,1,0.41,"retained-rights",27.083263730105678,111.93425231,140,"reachable"
"documentation-heavy",40,1,0.41,"growth-only",30.99586567381212,110.56092,140,"reachable"
"documentation-heavy",40,1,0.42,"retained-rights",26.706498374438613,112.35386822,140,"reachable"
"documentation-heavy",40,1,0.42,"growth-only",30.75408577389327,110.94704,140,"reachable"
"documentation-heavy",40,1,0.43,"retained-rights",26.333889688707558,112.77348412999999,140,"reachable"
"documentation-heavy",40,1,0.43,"growth-only",30.51663034638881,111.33315999999999,140,"reachable"
"documentation-heavy",40,1,0.44,"retained-rights",25.965354664011887,113.19310004,140,"reachable"
"documentation-heavy",40,1,0.44,"growth-only",30.283372303429367,111.71928,140,"reachable"
"documentation-heavy",40,1,0.45,"retained-rights",25.60081271080117,113.61271595,140,"reachable"
"documentation-heavy",40,1,0.45,"growth-only",30.054189831405665,112.1054,140,"reachable"
"documentation-heavy",40,1,0.46,"retained-rights",25.24018556607974,114.03233185999999,140,"reachable"
"documentation-heavy",40,1,0.46,"growth-only",29.828966107438326,112.49152,140,"reachable"
"documentation-heavy",40,1,0.47,"retained-rights",24.883397205019865,114.45194777,140,"reachable"
"documentation-heavy",40,1,0.47,"growth-only",29.607589034542613,112.87764,140,"reachable"
"documentation-heavy",40,1,0.48,"retained-rights",24.530373756734658,114.87156368,140,"reachable"
"documentation-heavy",40,1,0.48,"growth-only",29.389950994031388,113.26376,140,"reachable"
"documentation-heavy",40,1,0.49,"retained-rights",24.181043423977467,115.29117959,140,"reachable"
"documentation-heavy",40,1,0.49,"growth-only",29.175948613829284,113.64988,140,"reachable"
"documentation-heavy",40,1,0.5,"retained-rights",23.83533640654956,115.7107955,140,"reachable"
"documentation-heavy",40,1,0.5,"growth-only",28.965482551489785,114.036,140,"reachable"
"documentation-heavy",40,1,0.51,"retained-rights",23.493184828212634,116.13041141,140,"reachable"
"documentation-heavy",40,1,0.51,"growth-only",28.7584572908119,114.42212,140,"reachable"
"documentation-heavy",40,1,0.52,"retained-rights",23.154522666914623,116.55002732,140,"reachable"
"documentation-heavy",40,1,0.52,"growth-only",28.554780951048485,114.80824000000001,140,"reachable"
"documentation-heavy",40,1,0.53,"retained-rights",22.819285688150348,116.96964323,140,"reachable"
"documentation-heavy",40,1,0.53,"growth-only",28.354365107784663,115.19436,140,"reachable"
"documentation-heavy",40,1,0.54,"retained-rights",22.48741138128898,117.38925914000001,140,"reachable"
"documentation-heavy",40,1,0.54,"growth-only",28.157124624642083,115.58048000000001,140,"reachable"
"documentation-heavy",40,1,0.55,"retained-rights",22.158838898711352,117.80887505,140,"reachable"
"documentation-heavy",40,1,0.55,"growth-only",27.962977495035336,115.96660000000001,140,"reachable"
"documentation-heavy",40,1,0.56,"retained-rights",21.833508997608988,118.22849096000002,140,"reachable"
"documentation-heavy",40,1,0.56,"growth-only",27.77184469327052,116.35272,140,"reachable"
"documentation-heavy",40,1,0.57,"retained-rights",21.511363984306485,118.64810687,140,"reachable"
"documentation-heavy",40,1,0.57,"growth-only",27.583650034333406,116.73883999999998,140,"reachable"
"documentation-heavy",40,1,0.58,"retained-rights",21.192347660977106,119.06772278,140,"reachable"
"documentation-heavy",40,1,0.58,"growth-only",27.398320041767942,117.12495999999999,140,"reachable"
"documentation-heavy",40,1,0.59,"retained-rights",20.876405274628596,119.48733868999999,140,"reachable"
"documentation-heavy",40,1,0.59,"growth-only",27.21578382309231,117.51107999999999,140,"reachable"
"documentation-heavy",40,1,0.6,"retained-rights",20.563483468244392,119.9069546,140,"reachable"
"documentation-heavy",40,1,0.6,"growth-only",27.035972952244403,117.8972,140,"reachable"
"documentation-heavy",40,1,0.61,"retained-rights",20.25353023397154,120.32657051,140,"reachable"
"documentation-heavy",40,1,0.61,"growth-only",26.85882135858737,118.28331999999999,140,"reachable"
"documentation-heavy",40,1,0.62,"retained-rights",19.94649486825346,120.74618641999999,140,"reachable"
"documentation-heavy",40,1,0.62,"growth-only",26.684265222042104,118.66944,140,"reachable"
"documentation-heavy",40,1,0.63,"retained-rights",19.642327928810843,121.16580232999998,140,"reachable"
"documentation-heavy",40,1,0.63,"growth-only",26.512242873946647,119.05556,140,"reachable"
"documentation-heavy",40,1,0.64,"retained-rights",19.340981193380525,121.58541824,140,"reachable"
"documentation-heavy",40,1,0.64,"growth-only",26.342694703272617,119.44167999999999,140,"reachable"
"documentation-heavy",40,1,0.65,"retained-rights",19.04240762012641,122.00503414999999,140,"reachable"
"documentation-heavy",40,1,0.65,"growth-only",26.175563067856046,119.8278,140,"reachable"
"documentation-heavy",40,1,0.66,"retained-rights",18.74656130964174,122.42465005999999,140,"reachable"
"documentation-heavy",40,1,0.66,"growth-only",26.01079221032552,120.21392,140,"reachable"
"documentation-heavy",40,1,0.67,"retained-rights",18.45339746846686,122.84426597,140,"reachable"
"documentation-heavy",40,1,0.67,"growth-only",25.848328178433523,120.60003999999999,140,"reachable"
"documentation-heavy",40,1,0.68,"retained-rights",18.16287237404981,123.26388187999999,140,"reachable"
"documentation-heavy",40,1,0.68,"growth-only",25.68811874951813,120.98616,140,"reachable"
"documentation-heavy",40,1,0.69,"retained-rights",17.874943341082506,123.68349778999999,140,"reachable"
"documentation-heavy",40,1,0.69,"growth-only",25.530113358841653,121.37228,140,"reachable"
"documentation-heavy",40,1,0.7,"retained-rights",17.58956868914772,124.1031137,140,"reachable"
"documentation-heavy",40,1,0.7,"growth-only",25.374263031570933,121.7584,140,"reachable"
"documentation-heavy",40,1,0.71,"retained-rights",17.306707711615953,124.52272961,140,"reachable"
"documentation-heavy",40,1,0.71,"growth-only",25.22052031818005,122.14452,140,"reachable"
"documentation-heavy",40,1,0.72,"retained-rights",17.026320645735304,124.94234551999999,140,"reachable"
"documentation-heavy",40,1,0.72,"growth-only",25.068839233072083,122.53064,140,"reachable"
"documentation-heavy",40,1,0.73,"retained-rights",16.748368643858935,125.36196143000001,140,"reachable"
"documentation-heavy",40,1,0.73,"growth-only",24.91917519622959,122.91676,140,"reachable"
"documentation-heavy",40,1,0.74,"retained-rights",16.472813745759286,125.78157734,140,"reachable"
"documentation-heavy",40,1,0.74,"growth-only",24.771484977717506,123.30288,140,"reachable"
"documentation-heavy",40,1,0.75,"retained-rights",16.199618851979892,126.20119324999999,140,"reachable"
"documentation-heavy",40,1,0.75,"growth-only",24.62572664487308,123.68900000000001,140,"reachable"
"documentation-heavy",40,1,0.76,"retained-rights",15.928747698178336,126.62080916000001,140,"reachable"
"documentation-heavy",40,1,0.76,"growth-only",24.481859512028926,124.07512,140,"reachable"
"documentation-heavy",40,1,0.77,"retained-rights",15.6601648304167,127.04042507,140,"reachable"
"documentation-heavy",40,1,0.77,"growth-only",24.33984409262564,124.46124,140,"reachable"
"documentation-heavy",40,1,0.78,"retained-rights",15.39383558135745,127.46004097999999,140,"reachable"
"documentation-heavy",40,1,0.78,"growth-only",24.199642053579385,124.84736000000001,140,"reachable"
"documentation-heavy",40,1,0.79,"retained-rights",15.12972604732572,127.87965689,140,"reachable"
"documentation-heavy",40,1,0.79,"growth-only",24.061216171778742,125.23348000000001,140,"reachable"
"documentation-heavy",40,1,0.8,"retained-rights",14.86780306619988,128.29927279999998,140,"reachable"
"documentation-heavy",40,1,0.8,"growth-only",23.92453029259345,125.61959999999999,140,"reachable"
"documentation-heavy",40,1,0.81,"retained-rights",14.608034196095176,128.71888871,140,"reachable"
"documentation-heavy",40,1,0.81,"growth-only",23.78954929028474,126.00572000000001,140,"reachable"
"documentation-heavy",40,1,0.82,"retained-rights",14.350387694806322,129.13850462,140,"reachable"
"documentation-heavy",40,1,0.82,"growth-only",23.656239030214277,126.39183999999999,140,"reachable"
"documentation-heavy",40,1,0.83,"retained-rights",14.09483249997685,129.55812053,140,"reachable"
"documentation-heavy",40,1,0.83,"growth-only",23.524566332754816,126.77796,140,"reachable"
"documentation-heavy",40,1,0.84,"retained-rights",13.84133820996485,129.97773644,140,"reachable"
"documentation-heavy",40,1,0.84,"growth-only",23.394498938812024,127.16407999999998,140,"reachable"
"documentation-heavy",40,1,0.85,"retained-rights",13.589875065375523,130.39735235,140,"reachable"
"documentation-heavy",40,1,0.85,"growth-only",23.26600547687252,127.55019999999999,140,"reachable"
"documentation-heavy",40,1,0.86,"retained-rights",13.340413931233197,130.81696826,140,"reachable"
"documentation-heavy",40,1,0.86,"growth-only",23.139055431497567,127.93632,140,"reachable"
"documentation-heavy",40,1,0.87,"retained-rights",13.092926279766504,131.23658417,140,"reachable"
"documentation-heavy",40,1,0.87,"growth-only",23.0136191131882,128.32244,140,"reachable"
"documentation-heavy",40,1,0.88,"retained-rights",12.847384173781062,131.65620008,140,"reachable"
"documentation-heavy",40,1,0.88,"growth-only",22.88966762955036,128.70856,140,"reachable"
"documentation-heavy",40,1,0.89,"retained-rights",12.60376025059642,132.07581598999997,140,"reachable"
"documentation-heavy",40,1,0.89,"growth-only",22.767172857694206,129.09467999999998,140,"reachable"
"documentation-heavy",40,1,0.9,"retained-rights",12.36202770652406,132.4954319,140,"reachable"
"documentation-heavy",40,1,0.9,"growth-only",22.64610741780484,129.4808,140,"reachable"
"documentation-heavy",40,1,0.91,"retained-rights",12.122160281864701,132.91504780999998,140,"reachable"
"documentation-heavy",40,1,0.91,"growth-only",22.526444647825585,129.86692,140,"reachable"
"documentation-heavy",40,1,0.92,"retained-rights",11.884132246404523,133.33466372,140,"reachable"
"documentation-heavy",40,1,0.92,"growth-only",22.408158579198577,130.25304,140,"reachable"
"documentation-heavy",40,1,0.93,"retained-rights",11.64791838539021,133.75427962999998,140,"reachable"
"documentation-heavy",40,1,0.93,"growth-only",22.29122391361016,130.63916,140,"reachable"
"documentation-heavy",40,1,0.94,"retained-rights",11.413493985964207,134.17389554,140,"reachable"
"documentation-heavy",40,1,0.94,"growth-only",22.175616000692045,131.02528,140,"reachable"
"documentation-heavy",40,1,0.95,"retained-rights",11.180834824041908,134.59351145,140,"reachable"
"documentation-heavy",40,1,0.95,"growth-only",22.061310816631654,131.41140000000001,140,"reachable"
"documentation-heavy",40,1,0.96,"retained-rights",10.94991715161413,135.01312736,140,"reachable"
"documentation-heavy",40,1,0.96,"growth-only",21.94828494364769,131.79752,140,"reachable"
"documentation-heavy",40,1,0.97,"retained-rights",10.720717684457748,135.43274327,140,"reachable"
"documentation-heavy",40,1,0.97,"growth-only",21.836515550289803,132.18364,140,"reachable"
"documentation-heavy",40,1,0.98,"retained-rights",10.493213590239602,135.85235917999998,140,"reachable"
"documentation-heavy",40,1,0.98,"growth-only",21.725980372522734,132.56976,140,"reachable"
"documentation-heavy",40,1,0.99,"retained-rights",10.267382476997945,136.27197508999998,140,"reachable"
"documentation-heavy",40,1,0.99,"growth-only",21.616657695558406,132.95587999999998,140,"reachable"
"documentation-heavy",40,1,1,"retained-rights",10.043202381987859,136.691591,140,"reachable"
"documentation-heavy",40,1,1,"growth-only",21.50852633640077,133.342,140,"reachable"
"balanced",20,0,0,"retained-rights","",98.2,120,"not-reachable"
"balanced",20,0,0,"growth-only","",98.2,120,"not-reachable"
"balanced",20,0,0.01,"retained-rights","",98.4,120,"not-reachable"
"balanced",20,0,0.01,"growth-only","",98.4,120,"not-reachable"
"balanced",20,0,0.02,"retained-rights","",98.6,120,"not-reachable"
"balanced",20,0,0.02,"growth-only","",98.6,120,"not-reachable"
"balanced",20,0,0.03,"retained-rights","",98.8,120,"not-reachable"
"balanced",20,0,0.03,"growth-only","",98.8,120,"not-reachable"
"balanced",20,0,0.04,"retained-rights","",99,120,"not-reachable"
"balanced",20,0,0.04,"growth-only","",99,120,"not-reachable"
"balanced",20,0,0.05,"retained-rights","",99.2,120,"not-reachable"
"balanced",20,0,0.05,"growth-only","",99.2,120,"not-reachable"
"balanced",20,0,0.06,"retained-rights","",99.4,120,"not-reachable"
"balanced",20,0,0.06,"growth-only","",99.4,120,"not-reachable"
"balanced",20,0,0.07,"retained-rights","",99.6,120,"not-reachable"
"balanced",20,0,0.07,"growth-only","",99.6,120,"not-reachable"
"balanced",20,0,0.08,"retained-rights","",99.8,120,"not-reachable"
"balanced",20,0,0.08,"growth-only","",99.8,120,"not-reachable"
"balanced",20,0,0.09,"retained-rights",19.999999999999908,100,120,"reachable"
"balanced",20,0,0.09,"growth-only",19.999999999999908,100,120,"reachable"
"balanced",20,0,0.1,"retained-rights",17.99999999999993,100.2,120,"reachable"
"balanced",20,0,0.1,"growth-only",17.99999999999993,100.2,120,"reachable"
"balanced",20,0,0.11,"retained-rights",16.363636363636292,100.4,120,"reachable"
"balanced",20,0,0.11,"growth-only",16.363636363636292,100.4,120,"reachable"
"balanced",20,0,0.12,"retained-rights",14.999999999999925,100.6,120,"reachable"
"balanced",20,0,0.12,"growth-only",14.999999999999925,100.6,120,"reachable"
"balanced",20,0,0.13,"retained-rights",13.846153846153776,100.8,120,"reachable"
"balanced",20,0,0.13,"growth-only",13.846153846153776,100.8,120,"reachable"
"balanced",20,0,0.14,"retained-rights",12.857142857142811,101,120,"reachable"
"balanced",20,0,0.14,"growth-only",12.857142857142811,101,120,"reachable"
"balanced",20,0,0.15,"retained-rights",11.999999999999943,101.2,120,"reachable"
"balanced",20,0,0.15,"growth-only",11.999999999999943,101.2,120,"reachable"
"balanced",20,0,0.16,"retained-rights",11.249999999999961,101.4,120,"reachable"
"balanced",20,0,0.16,"growth-only",11.249999999999961,101.4,120,"reachable"
"balanced",20,0,0.17,"retained-rights",10.58823529411761,101.6,120,"reachable"
"balanced",20,0,0.17,"growth-only",10.58823529411761,101.6,120,"reachable"
"balanced",20,0,0.18,"retained-rights",9.999999999999964,101.8,120,"reachable"
"balanced",20,0,0.18,"growth-only",9.999999999999964,101.8,120,"reachable"
"balanced",20,0,0.19,"retained-rights",9.47368421052628,102,120,"reachable"
"balanced",20,0,0.19,"growth-only",9.47368421052628,102,120,"reachable"
"balanced",20,0,0.2,"retained-rights",8.999999999999964,102.2,120,"reachable"
"balanced",20,0,0.2,"growth-only",8.999999999999964,102.2,120,"reachable"
"balanced",20,0,0.21,"retained-rights",8.571428571428541,102.4,120,"reachable"
"balanced",20,0,0.21,"growth-only",8.571428571428541,102.4,120,"reachable"
"balanced",20,0,0.22,"retained-rights",8.181818181818157,102.60000000000001,120,"reachable"
"balanced",20,0,0.22,"growth-only",8.181818181818157,102.60000000000001,120,"reachable"
"balanced",20,0,0.23,"retained-rights",7.826086956521716,102.8,120,"reachable"
"balanced",20,0,0.23,"growth-only",7.826086956521716,102.8,120,"reachable"
"balanced",20,0,0.24,"retained-rights",7.499999999999973,103,120,"reachable"
"balanced",20,0,0.24,"growth-only",7.499999999999973,103,120,"reachable"
"balanced",20,0,0.25,"retained-rights",7.199999999999984,103.2,120,"reachable"
"balanced",20,0,0.25,"growth-only",7.199999999999984,103.2,120,"reachable"
"balanced",20,0,0.26,"retained-rights",6.9230769230768985,103.4,120,"reachable"
"balanced",20,0,0.26,"growth-only",6.9230769230768985,103.4,120,"reachable"
"balanced",20,0,0.27,"retained-rights",6.666666666666643,103.60000000000001,120,"reachable"
"balanced",20,0,0.27,"growth-only",6.666666666666643,103.60000000000001,120,"reachable"
"balanced",20,0,0.28,"retained-rights",6.428571428571406,103.8,120,"reachable"
"balanced",20,0,0.28,"growth-only",6.428571428571406,103.8,120,"reachable"
"balanced",20,0,0.29,"retained-rights",6.206896551724128,104,120,"reachable"
"balanced",20,0,0.29,"growth-only",6.206896551724128,104,120,"reachable"
"balanced",20,0,0.3,"retained-rights",5.999999999999983,104.2,120,"reachable"
"balanced",20,0,0.3,"growth-only",5.999999999999983,104.2,120,"reachable"
"balanced",20,0,0.31,"retained-rights",5.806451612903207,104.4,120,"reachable"
"balanced",20,0,0.31,"growth-only",5.806451612903207,104.4,120,"reachable"
"balanced",20,0,0.32,"retained-rights",5.624999999999991,104.60000000000001,120,"reachable"
"balanced",20,0,0.32,"growth-only",5.624999999999991,104.60000000000001,120,"reachable"
"balanced",20,0,0.33,"retained-rights",5.454545454545445,104.80000000000001,120,"reachable"
"balanced",20,0,0.33,"growth-only",5.454545454545445,104.80000000000001,120,"reachable"
"balanced",20,0,0.34,"retained-rights",5.294117647058805,105,120,"reachable"
"balanced",20,0,0.34,"growth-only",5.294117647058805,105,120,"reachable"
"balanced",20,0,0.35,"retained-rights",5.142857142857138,105.2,120,"reachable"
"balanced",20,0,0.35,"growth-only",5.142857142857138,105.2,120,"reachable"
"balanced",20,0,0.36,"retained-rights",4.999999999999982,105.4,120,"reachable"
"balanced",20,0,0.36,"growth-only",4.999999999999982,105.4,120,"reachable"
"balanced",20,0,0.37,"retained-rights",4.86486486486486,105.60000000000001,120,"reachable"
"balanced",20,0,0.37,"growth-only",4.86486486486486,105.60000000000001,120,"reachable"
"balanced",20,0,0.38,"retained-rights",4.73684210526315,105.80000000000001,120,"reachable"
"balanced",20,0,0.38,"growth-only",4.73684210526315,105.80000000000001,120,"reachable"
"balanced",20,0,0.39,"retained-rights",4.615384615384599,106,120,"reachable"
"balanced",20,0,0.39,"growth-only",4.615384615384599,106,120,"reachable"
"balanced",20,0,0.4,"retained-rights",4.499999999999993,106.2,120,"reachable"
"balanced",20,0,0.4,"growth-only",4.499999999999993,106.2,120,"reachable"
"balanced",20,0,0.41,"retained-rights",4.390243902439006,106.4,120,"reachable"
"balanced",20,0,0.41,"growth-only",4.390243902439006,106.4,120,"reachable"
"balanced",20,0,0.42,"retained-rights",4.2857142857142705,106.60000000000001,120,"reachable"
"balanced",20,0,0.42,"growth-only",4.2857142857142705,106.60000000000001,120,"reachable"
"balanced",20,0,0.43,"retained-rights",4.1860465116279055,106.80000000000001,120,"reachable"
"balanced",20,0,0.43,"growth-only",4.1860465116279055,106.80000000000001,120,"reachable"
"balanced",20,0,0.44,"retained-rights",4.090909090909078,107,120,"reachable"
"balanced",20,0,0.44,"growth-only",4.090909090909078,107,120,"reachable"
"balanced",20,0,0.45,"retained-rights",3.9999999999999813,107.2,120,"reachable"
"balanced",20,0,0.45,"growth-only",3.9999999999999813,107.2,120,"reachable"
"balanced",20,0,0.46,"retained-rights",3.913043478260869,107.4,120,"reachable"
"balanced",20,0,0.46,"growth-only",3.913043478260869,107.4,120,"reachable"
"balanced",20,0,0.47,"retained-rights",3.8297872340425476,107.59999999999998,120,"reachable"
"balanced",20,0,0.47,"growth-only",3.8297872340425476,107.59999999999998,120,"reachable"
"balanced",20,0,0.48,"retained-rights",3.7499999999999867,107.80000000000001,120,"reachable"
"balanced",20,0,0.48,"growth-only",3.7499999999999867,107.80000000000001,120,"reachable"
"balanced",20,0,0.49,"retained-rights",3.6734693877551017,107.99999999999999,120,"reachable"
"balanced",20,0,0.49,"growth-only",3.6734693877551017,107.99999999999999,120,"reachable"
"balanced",20,0,0.5,"retained-rights",3.600000000000003,108.2,120,"reachable"
"balanced",20,0,0.5,"growth-only",3.600000000000003,108.2,120,"reachable"
"balanced",20,0,0.51,"retained-rights",3.52941176470587,108.39999999999999,120,"reachable"
"balanced",20,0,0.51,"growth-only",3.52941176470587,108.39999999999999,120,"reachable"
"balanced",20,0,0.52,"retained-rights",3.4615384615384492,108.60000000000001,120,"reachable"
"balanced",20,0,0.52,"growth-only",3.4615384615384492,108.60000000000001,120,"reachable"
"balanced",20,0,0.53,"retained-rights",3.396226415094339,108.79999999999998,120,"reachable"
"balanced",20,0,0.53,"growth-only",3.396226415094339,108.79999999999998,120,"reachable"
"balanced",20,0,0.54,"retained-rights",3.3333333333333215,109.00000000000001,120,"reachable"
"balanced",20,0,0.54,"growth-only",3.3333333333333215,109.00000000000001,120,"reachable"
"balanced",20,0,0.55,"retained-rights",3.2727272727272716,109.19999999999999,120,"reachable"
"balanced",20,0,0.55,"growth-only",3.2727272727272716,109.19999999999999,120,"reachable"
"balanced",20,0,0.56,"retained-rights",3.214285714285703,109.4,120,"reachable"
"balanced",20,0,0.56,"growth-only",3.214285714285703,109.4,120,"reachable"
"balanced",20,0,0.57,"retained-rights",3.157894736842093,109.59999999999998,120,"reachable"
"balanced",20,0,0.57,"growth-only",3.157894736842093,109.59999999999998,120,"reachable"
"balanced",20,0,0.58,"retained-rights",3.103448275862064,109.79999999999998,120,"reachable"
"balanced",20,0,0.58,"growth-only",3.103448275862064,109.79999999999998,120,"reachable"
"balanced",20,0,0.59,"retained-rights",3.050847457627115,109.99999999999999,120,"reachable"
"balanced",20,0,0.59,"growth-only",3.050847457627115,109.99999999999999,120,"reachable"
"balanced",20,0,0.6,"retained-rights",3.0000000000000027,110.19999999999999,120,"reachable"
"balanced",20,0,0.6,"growth-only",3.0000000000000027,110.19999999999999,120,"reachable"
"balanced",20,0,0.61,"retained-rights",2.950819672131133,110.39999999999999,120,"reachable"
"balanced",20,0,0.61,"growth-only",2.950819672131133,110.39999999999999,120,"reachable"
"balanced",20,0,0.62,"retained-rights",2.9032258064516148,110.6,120,"reachable"
"balanced",20,0,0.62,"growth-only",2.9032258064516148,110.6,120,"reachable"
"balanced",20,0,0.63,"retained-rights",2.857142857142847,110.79999999999998,120,"reachable"
"balanced",20,0,0.63,"growth-only",2.857142857142847,110.79999999999998,120,"reachable"
"balanced",20,0,0.64,"retained-rights",2.8124999999999956,110.99999999999999,120,"reachable"
"balanced",20,0,0.64,"growth-only",2.8124999999999956,110.99999999999999,120,"reachable"
"balanced",20,0,0.65,"retained-rights",2.7692307692307683,111.19999999999999,120,"reachable"
"balanced",20,0,0.65,"growth-only",2.7692307692307683,111.19999999999999,120,"reachable"
"balanced",20,0,0.66,"retained-rights",2.7272727272727337,111.39999999999999,120,"reachable"
"balanced",20,0,0.66,"growth-only",2.7272727272727337,111.39999999999999,120,"reachable"
"balanced",20,0,0.67,"retained-rights",2.686567164179099,111.6,120,"reachable"
"balanced",20,0,0.67,"growth-only",2.686567164179099,111.6,120,"reachable"
"balanced",20,0,0.68,"retained-rights",2.6470588235294024,111.79999999999998,120,"reachable"
"balanced",20,0,0.68,"growth-only",2.6470588235294024,111.79999999999998,120,"reachable"
"balanced",20,0,0.69,"retained-rights",2.60869565217392,111.99999999999999,120,"reachable"
"balanced",20,0,0.69,"growth-only",2.60869565217392,111.99999999999999,120,"reachable"
"balanced",20,0,0.7,"retained-rights",2.57142857142858,112.19999999999999,120,"reachable"
"balanced",20,0,0.7,"growth-only",2.57142857142858,112.19999999999999,120,"reachable"
"balanced",20,0,0.71,"retained-rights",2.5352112676056304,112.39999999999999,120,"reachable"
"balanced",20,0,0.71,"growth-only",2.5352112676056304,112.39999999999999,120,"reachable"
"balanced",20,0,0.72,"retained-rights",2.499999999999991,112.6,120,"reachable"
"balanced",20,0,0.72,"growth-only",2.499999999999991,112.6,120,"reachable"
"balanced",20,0,0.73,"retained-rights",2.465753424657535,112.79999999999998,120,"reachable"
"balanced",20,0,0.73,"growth-only",2.465753424657535,112.79999999999998,120,"reachable"
"balanced",20,0,0.74,"retained-rights",2.43243243243243,112.99999999999999,120,"reachable"
"balanced",20,0,0.74,"growth-only",2.43243243243243,112.99999999999999,120,"reachable"
"balanced",20,0,0.75,"retained-rights",2.400000000000002,113.19999999999999,120,"reachable"
"balanced",20,0,0.75,"growth-only",2.400000000000002,113.19999999999999,120,"reachable"
"balanced",20,0,0.76,"retained-rights",2.368421052631575,113.39999999999999,120,"reachable"
"balanced",20,0,0.76,"growth-only",2.368421052631575,113.39999999999999,120,"reachable"
"balanced",20,0,0.77,"retained-rights",2.3376623376623273,113.6,120,"reachable"
"balanced",20,0,0.77,"growth-only",2.3376623376623273,113.6,120,"reachable"
"balanced",20,0,0.78,"retained-rights",2.3076923076922995,113.79999999999998,120,"reachable"
"balanced",20,0,0.78,"growth-only",2.3076923076922995,113.79999999999998,120,"reachable"
"balanced",20,0,0.79,"retained-rights",2.278481012658218,113.99999999999999,120,"reachable"
"balanced",20,0,0.79,"growth-only",2.278481012658218,113.99999999999999,120,"reachable"
"balanced",20,0,0.8,"retained-rights",2.2499999999999964,114.19999999999999,120,"reachable"
"balanced",20,0,0.8,"growth-only",2.2499999999999964,114.19999999999999,120,"reachable"
"balanced",20,0,0.81,"retained-rights",2.2222222222222143,114.39999999999999,120,"reachable"
"balanced",20,0,0.81,"growth-only",2.2222222222222143,114.39999999999999,120,"reachable"
"balanced",20,0,0.82,"retained-rights",2.195121951219514,114.6,120,"reachable"
"balanced",20,0,0.82,"growth-only",2.195121951219514,114.6,120,"reachable"
"balanced",20,0,0.83,"retained-rights",2.168674698795181,114.8,120,"reachable"
"balanced",20,0,0.83,"growth-only",2.168674698795181,114.8,120,"reachable"
"balanced",20,0,0.84,"retained-rights",2.1428571428571352,114.99999999999999,120,"reachable"
"balanced",20,0,0.84,"growth-only",2.1428571428571352,114.99999999999999,120,"reachable"
"balanced",20,0,0.85,"retained-rights",2.117647058823535,115.19999999999999,120,"reachable"
"balanced",20,0,0.85,"growth-only",2.117647058823535,115.19999999999999,120,"reachable"
"balanced",20,0,0.86,"retained-rights",2.0930232558139528,115.39999999999999,120,"reachable"
"balanced",20,0,0.86,"growth-only",2.0930232558139528,115.39999999999999,120,"reachable"
"balanced",20,0,0.87,"retained-rights",2.0689655172413834,115.6,120,"reachable"
"balanced",20,0,0.87,"growth-only",2.0689655172413834,115.6,120,"reachable"
"balanced",20,0,0.88,"retained-rights",2.0454545454545503,115.8,120,"reachable"
"balanced",20,0,0.88,"growth-only",2.0454545454545503,115.8,120,"reachable"
"balanced",20,0,0.89,"retained-rights",2.0224719101123556,115.99999999999999,120,"reachable"
"balanced",20,0,0.89,"growth-only",2.0224719101123556,115.99999999999999,120,"reachable"
"balanced",20,0,0.9,"retained-rights",2.0000000000000018,116.19999999999999,120,"reachable"
"balanced",20,0,0.9,"growth-only",2.0000000000000018,116.19999999999999,120,"reachable"
"balanced",20,0,0.91,"retained-rights",1.978021978021971,116.39999999999999,120,"reachable"
"balanced",20,0,0.91,"growth-only",1.978021978021971,116.39999999999999,120,"reachable"
"balanced",20,0,0.92,"retained-rights",1.9565217391304346,116.6,120,"reachable"
"balanced",20,0,0.92,"growth-only",1.9565217391304346,116.6,120,"reachable"
"balanced",20,0,0.93,"retained-rights",1.9354838709677358,116.8,120,"reachable"
"balanced",20,0,0.93,"growth-only",1.9354838709677358,116.8,120,"reachable"
"balanced",20,0,0.94,"retained-rights",1.914893617021285,117,120,"reachable"
"balanced",20,0,0.94,"growth-only",1.914893617021285,117,120,"reachable"
"balanced",20,0,0.95,"retained-rights",1.8947368421052602,117.19999999999999,120,"reachable"
"balanced",20,0,0.95,"growth-only",1.8947368421052602,117.19999999999999,120,"reachable"
"balanced",20,0,0.96,"retained-rights",1.8750000000000044,117.39999999999999,120,"reachable"
"balanced",20,0,0.96,"growth-only",1.8750000000000044,117.39999999999999,120,"reachable"
"balanced",20,0,0.97,"retained-rights",1.855670103092777,117.6,120,"reachable"
"balanced",20,0,0.97,"growth-only",1.855670103092777,117.6,120,"reachable"
"balanced",20,0,0.98,"retained-rights",1.8367346938775508,117.8,120,"reachable"
"balanced",20,0,0.98,"growth-only",1.8367346938775508,117.8,120,"reachable"
"balanced",20,0,0.99,"retained-rights",1.81818181818183,118,120,"reachable"
"balanced",20,0,0.99,"growth-only",1.81818181818183,118,120,"reachable"
"balanced",20,0,1,"retained-rights",1.8000000000000016,118.19999999999999,120,"reachable"
"balanced",20,0,1,"growth-only",1.8000000000000016,118.19999999999999,120,"reachable"
"balanced",20,0.5,0,"retained-rights","",92,120,"not-reachable"
"balanced",20,0.5,0,"growth-only","",92,120,"not-reachable"
"balanced",20,0.5,0.01,"retained-rights","",92.245756,120,"not-reachable"
"balanced",20,0.5,0.01,"growth-only","",92.1876,120,"not-reachable"
"balanced",20,0.5,0.02,"retained-rights","",92.49151200000001,120,"not-reachable"
"balanced",20,0.5,0.02,"growth-only","",92.3752,120,"not-reachable"
"balanced",20,0.5,0.03,"retained-rights","",92.737268,120,"not-reachable"
"balanced",20,0.5,0.03,"growth-only","",92.5628,120,"not-reachable"
"balanced",20,0.5,0.04,"retained-rights","",92.983024,120,"not-reachable"
"balanced",20,0.5,0.04,"growth-only","",92.7504,120,"not-reachable"
"balanced",20,0.5,0.05,"retained-rights","",93.22878,120,"not-reachable"
"balanced",20,0.5,0.05,"growth-only","",92.93800000000002,120,"not-reachable"
"balanced",20,0.5,0.06,"retained-rights","",93.47453600000001,120,"not-reachable"
"balanced",20,0.5,0.06,"growth-only","",93.1256,120,"not-reachable"
"balanced",20,0.5,0.07,"retained-rights","",93.720292,120,"not-reachable"
"balanced",20,0.5,0.07,"growth-only","",93.31320000000001,120,"not-reachable"
"balanced",20,0.5,0.08,"retained-rights","",93.966048,120,"not-reachable"
"balanced",20,0.5,0.08,"growth-only","",93.50080000000001,120,"not-reachable"
"balanced",20,0.5,0.09,"retained-rights","",94.211804,120,"not-reachable"
"balanced",20,0.5,0.09,"growth-only","",93.6884,120,"not-reachable"
"balanced",20,0.5,0.1,"retained-rights","",94.45756,120,"not-reachable"
"balanced",20,0.5,0.1,"growth-only","",93.876,120,"not-reachable"
"balanced",20,0.5,0.11,"retained-rights","",94.703316,120,"not-reachable"
"balanced",20,0.5,0.11,"growth-only","",94.06360000000001,120,"not-reachable"
"balanced",20,0.5,0.12,"retained-rights","",94.949072,120,"not-reachable"
"balanced",20,0.5,0.12,"growth-only","",94.2512,120,"not-reachable"
"balanced",20,0.5,0.13,"retained-rights","",95.194828,120,"not-reachable"
"balanced",20,0.5,0.13,"growth-only","",94.4388,120,"not-reachable"
"balanced",20,0.5,0.14,"retained-rights","",95.440584,120,"not-reachable"
"balanced",20,0.5,0.14,"growth-only","",94.6264,120,"not-reachable"
"balanced",20,0.5,0.15,"retained-rights","",95.68634,120,"not-reachable"
"balanced",20,0.5,0.15,"growth-only","",94.814,120,"not-reachable"
"balanced",20,0.5,0.16,"retained-rights","",95.932096,120,"not-reachable"
"balanced",20,0.5,0.16,"growth-only","",95.00160000000001,120,"not-reachable"
"balanced",20,0.5,0.17,"retained-rights","",96.177852,120,"not-reachable"
"balanced",20,0.5,0.17,"growth-only","",95.18920000000001,120,"not-reachable"
"balanced",20,0.5,0.18,"retained-rights","",96.423608,120,"not-reachable"
"balanced",20,0.5,0.18,"growth-only","",95.3768,120,"not-reachable"
"balanced",20,0.5,0.19,"retained-rights","",96.669364,120,"not-reachable"
"balanced",20,0.5,0.19,"growth-only","",95.5644,120,"not-reachable"
"balanced",20,0.5,0.2,"retained-rights","",96.91512,120,"not-reachable"
"balanced",20,0.5,0.2,"growth-only","",95.75200000000001,120,"not-reachable"
"balanced",20,0.5,0.21,"retained-rights","",97.160876,120,"not-reachable"
"balanced",20,0.5,0.21,"growth-only","",95.9396,120,"not-reachable"
"balanced",20,0.5,0.22,"retained-rights","",97.406632,120,"not-reachable"
"balanced",20,0.5,0.22,"growth-only","",96.1272,120,"not-reachable"
"balanced",20,0.5,0.23,"retained-rights","",97.652388,120,"not-reachable"
"balanced",20,0.5,0.23,"growth-only","",96.3148,120,"not-reachable"
"balanced",20,0.5,0.24,"retained-rights","",97.898144,120,"not-reachable"
"balanced",20,0.5,0.24,"growth-only","",96.5024,120,"not-reachable"
"balanced",20,0.5,0.25,"retained-rights","",98.1439,120,"not-reachable"
"balanced",20,0.5,0.25,"growth-only","",96.69,120,"not-reachable"
"balanced",20,0.5,0.26,"retained-rights","",98.389656,120,"not-reachable"
"balanced",20,0.5,0.26,"growth-only","",96.8776,120,"not-reachable"
"balanced",20,0.5,0.27,"retained-rights","",98.63541200000002,120,"not-reachable"
"balanced",20,0.5,0.27,"growth-only","",97.0652,120,"not-reachable"
"balanced",20,0.5,0.28,"retained-rights","",98.881168,120,"not-reachable"
"balanced",20,0.5,0.28,"growth-only","",97.25280000000001,120,"not-reachable"
"balanced",20,0.5,0.29,"retained-rights","",99.126924,120,"not-reachable"
"balanced",20,0.5,0.29,"growth-only","",97.44040000000001,120,"not-reachable"
"balanced",20,0.5,0.3,"retained-rights","",99.37267999999999,120,"not-reachable"
"balanced",20,0.5,0.3,"growth-only","",97.628,120,"not-reachable"
"balanced",20,0.5,0.31,"retained-rights","",99.618436,120,"not-reachable"
"balanced",20,0.5,0.31,"growth-only","",97.8156,120,"not-reachable"
"balanced",20,0.5,0.32,"retained-rights","",99.864192,120,"not-reachable"
"balanced",20,0.5,0.32,"growth-only","",98.0032,120,"not-reachable"
"balanced",20,0.5,0.33,"retained-rights",19.8145820838854,100.10994799999999,120,"reachable"
"balanced",20,0.5,0.33,"growth-only","",98.1908,120,"not-reachable"
"balanced",20,0.5,0.34,"retained-rights",19.406725801566328,100.355704,120,"reachable"
"balanced",20,0.5,0.34,"growth-only","",98.3784,120,"not-reachable"
"balanced",20,0.5,0.35,"retained-rights",19.007714514991903,100.60146,120,"reachable"
"balanced",20,0.5,0.35,"growth-only","",98.566,120,"not-reachable"
"balanced",20,0.5,0.36,"retained-rights",18.617241355931636,100.84721599999999,120,"reachable"
"balanced",20,0.5,0.36,"growth-only","",98.75359999999999,120,"not-reachable"
"balanced",20,0.5,0.37,"retained-rights",18.23501428966734,101.092972,120,"reachable"
"balanced",20,0.5,0.37,"growth-only","",98.9412,120,"not-reachable"
"balanced",20,0.5,0.38,"retained-rights",17.860755192722078,101.33872800000002,120,"reachable"
"balanced",20,0.5,0.38,"growth-only","",99.1288,120,"not-reachable"
"balanced",20,0.5,0.39,"retained-rights",17.494199000628253,101.584484,120,"reachable"
"balanced",20,0.5,0.39,"growth-only","",99.31639999999999,120,"not-reachable"
"balanced",20,0.5,0.4,"retained-rights",17.135092919465798,101.83024,120,"reachable"
"balanced",20,0.5,0.4,"growth-only","",99.50400000000002,120,"not-reachable"
"balanced",20,0.5,0.41,"retained-rights",16.783195695546183,102.07599599999999,120,"reachable"
"balanced",20,0.5,0.41,"growth-only","",99.6916,120,"not-reachable"
"balanced",20,0.5,0.42,"retained-rights",16.43827693818791,102.321752,120,"reachable"
"balanced",20,0.5,0.42,"growth-only","",99.87920000000001,120,"not-reachable"
"balanced",20,0.5,0.43,"retained-rights",16.10011649103351,102.567508,120,"reachable"
"balanced",20,0.5,0.43,"growth-only",19.91645811220262,100.06680000000001,120,"reachable"
"balanced",20,0.5,0.44,"retained-rights",15.768503847806393,102.81326399999999,120,"reachable"
"balanced",20,0.5,0.44,"growth-only",19.68566793408062,100.2544,120,"reachable"
"balanced",20,0.5,0.45,"retained-rights",15.443237608803795,103.05902,120,"reachable"
"balanced",20,0.5,0.45,"growth-only",19.460359393030235,100.44200000000001,120,"reachable"
"balanced",20,0.5,0.46,"retained-rights",15.124124974776976,103.304776,120,"reachable"
"balanced",20,0.5,0.46,"growth-only",19.240333301237133,100.62960000000001,120,"reachable"
"balanced",20,0.5,0.47,"retained-rights",14.810981275166245,103.55053199999999,120,"reachable"
"balanced",20,0.5,0.47,"growth-only",19.02540026603856,100.81720000000001,120,"reachable"
"balanced",20,0.5,0.48,"retained-rights",14.503629527940841,103.796288,120,"reachable"
"balanced",20,0.5,0.48,"growth-only",18.81538008154573,101.0048,120,"reachable"
"balanced",20,0.5,0.49,"retained-rights",14.201900028546955,104.04204399999999,120,"reachable"
"balanced",20,0.5,0.49,"growth-only",18.61010116590338,101.1924,120,"reachable"
"balanced",20,0.5,0.5,"retained-rights",13.905629965693711,104.2878,120,"reachable"
"balanced",20,0.5,0.5,"growth-only",18.409400040179523,101.38000000000001,120,"reachable"
"balanced",20,0.5,0.51,"retained-rights",13.614663061910747,104.533556,120,"reachable"
"balanced",20,0.5,0.51,"growth-only",18.213120845281217,101.5676,120,"reachable"
"balanced",20,0.5,0.52,"retained-rights",13.328849236993667,104.77931199999999,120,"reachable"
"balanced",20,0.5,0.52,"growth-only",18.021114893648573,101.7552,120,"reachable"
"balanced",20,0.5,0.53,"retained-rights",13.048044292618277,105.025068,120,"reachable"
"balanced",20,0.5,0.53,"growth-only",17.833240252796667,101.9428,120,"reachable"
"balanced",20,0.5,0.54,"retained-rights",12.772109616553639,105.270824,120,"reachable"
"balanced",20,0.5,0.54,"growth-only",17.649361358057302,102.1304,120,"reachable"
"balanced",20,0.5,0.55,"retained-rights",12.500911905036816,105.51657999999999,120,"reachable"
"balanced",20,0.5,0.55,"growth-only",17.469348652124374,102.318,120,"reachable"
"balanced",20,0.5,0.56,"retained-rights",12.234322901994599,105.762336,120,"reachable"
"balanced",20,0.5,0.56,"growth-only",17.293078249231474,102.5056,120,"reachable"
"balanced",20,0.5,0.57,"retained-rights",11.972219153905606,106.008092,120,"reachable"
"balanced",20,0.5,0.57,"growth-only",17.120431621991816,102.69319999999999,120,"reachable"
"balanced",20,0.5,0.58,"retained-rights",11.714481779196916,106.25384799999999,120,"reachable"
"balanced",20,0.5,0.58,"growth-only",16.951295309110236,102.8808,120,"reachable"
"balanced",20,0.5,0.59,"retained-rights",11.460996251158395,106.499604,120,"reachable"
"balanced",20,0.5,0.59,"growth-only",16.78556064233938,103.0684,120,"reachable"
"balanced",20,0.5,0.6,"retained-rights",11.21165219343978,106.74535999999999,120,"reachable"
"balanced",20,0.5,0.6,"growth-only",16.623123491197013,103.25599999999999,120,"reachable"
"balanced",20,0.5,0.61,"retained-rights",10.966343187270766,106.99111599999999,120,"reachable"
"balanced",20,0.5,0.61,"growth-only",16.463884024092312,103.44360000000002,120,"reachable"
"balanced",20,0.5,0.62,"retained-rights",10.724966589610663,107.236872,120,"reachable"
"balanced",20,0.5,0.62,"growth-only",16.30774648462694,103.6312,120,"reachable"
"balanced",20,0.5,0.63,"retained-rights",10.487423361497218,107.48262799999999,120,"reachable"
"balanced",20,0.5,0.63,"growth-only",16.15461898194215,103.81880000000001,120,"reachable"
"balanced",20,0.5,0.64,"retained-rights",10.253617905919455,107.728384,120,"reachable"
"balanced",20,0.5,0.64,"growth-only",16.0044132940804,104.00640000000001,120,"reachable"
"balanced",20,0.5,0.65,"retained-rights",10.023457914591226,107.97414,120,"reachable"
"balanced",20,0.5,0.65,"growth-only",15.8570446834156,104.194,120,"reachable"
"balanced",20,0.5,0.66,"retained-rights",9.796854223049166,108.21989599999999,120,"reachable"
"balanced",20,0.5,0.66,"growth-only",15.712431723285292,104.3816,120,"reachable"
"balanced",20,0.5,0.67,"retained-rights",9.573720673541342,108.465652,120,"reachable"
"balanced",20,0.5,0.67,"growth-only",15.570496135029032,104.56920000000001,120,"reachable"
"balanced",20,0.5,0.68,"retained-rights",9.353973985212537,108.71140799999999,120,"reachable"
"balanced",20,0.5,0.68,"growth-only",15.431162634702144,104.7568,120,"reachable"
"balanced",20,0.5,0.69,"retained-rights",9.137533631128235,108.95716399999999,120,"reachable"
"balanced",20,0.5,0.69,"growth-only",15.294358788792572,104.9444,120,"reachable"
"balanced",20,0.5,0.7,"retained-rights",8.924321721711937,109.20292,120,"reachable"
"balanced",20,0.5,0.7,"growth-only",15.160014878322038,105.132,120,"reachable"
"balanced",20,0.5,0.71,"retained-rights",8.714262894201807,109.44867599999999,120,"reachable"
"balanced",20,0.5,0.71,"growth-only",15.028063770761314,105.31960000000001,120,"reachable"
"balanced",20,0.5,0.72,"retained-rights",8.50728420775928,109.69443199999999,120,"reachable"
"balanced",20,0.5,0.72,"growth-only",14.89844079923417,105.5072,120,"reachable"
"balanced",20,0.5,0.73,"retained-rights",8.303315043889391,109.940188,120,"reachable"
"balanced",20,0.5,0.73,"growth-only",14.771083648524064,105.6948,120,"reachable"
"balanced",20,0.5,0.74,"retained-rights",8.102287011855092,110.18594399999999,120,"reachable"
"balanced",20,0.5,0.74,"growth-only",14.645932247436155,105.8824,120,"reachable"
"balanced",20,0.5,0.75,"retained-rights",7.904133858790097,110.4317,120,"reachable"
"balanced",20,0.5,0.75,"growth-only",14.522928667099212,106.07,120,"reachable"
"balanced",20,0.5,0.76,"retained-rights",7.708791384235325,110.677456,120,"reachable"
"balanced",20,0.5,0.76,"growth-only",14.402017024824554,106.2576,120,"reachable"
"balanced",20,0.5,0.77,"retained-rights",7.516197358841659,110.92321199999999,120,"reachable"
"balanced",20,0.5,0.77,"growth-only",14.283143393166364,106.4452,120,"reachable"
"balanced",20,0.5,0.78,"retained-rights",7.326291446999789,111.168968,120,"reachable"
"balanced",20,0.5,0.78,"growth-only",14.166255713854436,106.63279999999999,120,"reachable"
"balanced",20,0.5,0.79,"retained-rights",7.139015133173099,111.414724,120,"reachable"
"balanced",20,0.5,0.79,"growth-only",14.051303716293507,106.82039999999999,120,"reachable"
"balanced",20,0.5,0.8,"retained-rights",6.954311651724798,111.66047999999999,120,"reachable"
"balanced",20,0.5,0.8,"growth-only",13.938238840346283,107.00800000000001,120,"reachable"
"balanced",20,0.5,0.81,"retained-rights",6.772125920043615,111.906236,120,"reachable"
"balanced",20,0.5,0.81,"growth-only",13.827014163136408,107.19559999999998,120,"reachable"
"balanced",20,0.5,0.82,"retained-rights",6.592404474785174,112.15199199999999,120,"reachable"
"balanced",20,0.5,0.82,"growth-only",13.717584329626398,107.38320000000002,120,"reachable"
"balanced",20,0.5,0.83,"retained-rights",6.415095411057936,112.39774799999999,120,"reachable"
"balanced",20,0.5,0.83,"growth-only",13.609905486743322,107.57079999999999,120,"reachable"
"balanced",20,0.5,0.84,"retained-rights",6.240148324393213,112.64350400000001,120,"reachable"
"balanced",20,0.5,0.84,"growth-only",13.50393522083959,107.75840000000001,120,"reachable"
"balanced",20,0.5,0.85,"retained-rights",6.067514255348971,112.88926,120,"reachable"
"balanced",20,0.5,0.85,"growth-only",13.39963249829177,107.94600000000001,120,"reachable"
"balanced",20,0.5,0.86,"retained-rights",5.897145636606371,113.135016,120,"reachable"
"balanced",20,0.5,0.86,"growth-only",13.296957609052962,108.1336,120,"reachable"
"balanced",20,0.5,0.87,"retained-rights",5.728996242426843,113.38077199999998,120,"reachable"
"balanced",20,0.5,0.87,"growth-only",13.195872112987118,108.3212,120,"reachable"
"balanced",20,0.5,0.88,"retained-rights",5.563021140345459,113.626528,120,"reachable"
"balanced",20,0.5,0.88,"growth-only",13.09633878882488,108.50880000000001,120,"reachable"
"balanced",20,0.5,0.89,"retained-rights",5.3991766449837275,113.87228400000001,120,"reachable"
"balanced",20,0.5,0.89,"growth-only",12.998321585591155,108.69640000000001,120,"reachable"
"balanced",20,0.5,0.9,"retained-rights",5.237420273872462,114.11804,120,"reachable"
"balanced",20,0.5,0.9,"growth-only",12.901785576364544,108.884,120,"reachable"
"balanced",20,0.5,0.91,"retained-rights",5.077710705181215,114.363796,120,"reachable"
"balanced",20,0.5,0.91,"growth-only",12.806696914237548,109.0716,120,"reachable"
"balanced",20,0.5,0.92,"retained-rights",4.920007737257626,114.60955200000001,120,"reachable"
"balanced",20,0.5,0.92,"growth-only",12.713022790355065,109.2592,120,"reachable"
"balanced",20,0.5,0.93,"retained-rights",4.764272249884849,114.855308,120,"reachable"
"balanced",20,0.5,0.93,"growth-only",12.620731393916707,109.4468,120,"reachable"
"balanced",20,0.5,0.94,"retained-rights",4.610466167171334,115.101064,120,"reachable"
"balanced",20,0.5,0.94,"growth-only",12.529791874035157,109.6344,120,"reachable"
"balanced",20,0.5,0.95,"retained-rights",4.458552421991979,115.34682000000001,120,"reachable"
"balanced",20,0.5,0.95,"growth-only",12.440174303350005,109.822,120,"reachable"
"balanced",20,0.5,0.96,"retained-rights",4.308494921903616,115.592576,120,"reachable"
"balanced",20,0.5,0.96,"growth-only",12.351849643302582,110.00959999999999,120,"reachable"
"balanced",20,0.5,0.97,"retained-rights",4.160258516463422,115.838332,120,"reachable"
"balanced",20,0.5,0.97,"growth-only",12.264789710983148,110.1972,120,"reachable"
"balanced",20,0.5,0.98,"retained-rights",4.013808965881771,116.08408800000001,120,"reachable"
"balanced",20,0.5,0.98,"growth-only",12.178967147467002,110.3848,120,"reachable"
"balanced",20,0.5,0.99,"retained-rights",3.8691129109452715,116.329844,120,"reachable"
"balanced",20,0.5,0.99,"growth-only",12.094355387561674,110.57239999999999,120,"reachable"
"balanced",20,0.5,1,"retained-rights",3.7261378441495685,116.57560000000001,120,"reachable"
"balanced",20,0.5,1,"growth-only",12.010928630891282,110.75999999999999,120,"reachable"
"balanced",20,1,0,"retained-rights","",85.80000000000001,120,"not-reachable"
"balanced",20,1,0,"growth-only","",85.80000000000001,120,"not-reachable"
"balanced",20,1,0.01,"retained-rights","",86.083824,120,"not-reachable"
"balanced",20,1,0.01,"growth-only","",85.9752,120,"not-reachable"
"balanced",20,1,0.02,"retained-rights","",86.367648,120,"not-reachable"
"balanced",20,1,0.02,"growth-only","",86.1504,120,"not-reachable"
"balanced",20,1,0.03,"retained-rights","",86.65147200000001,120,"not-reachable"
"balanced",20,1,0.03,"growth-only","",86.32560000000001,120,"not-reachable"
"balanced",20,1,0.04,"retained-rights","",86.93529600000001,120,"not-reachable"
"balanced",20,1,0.04,"growth-only","",86.50080000000001,120,"not-reachable"
"balanced",20,1,0.05,"retained-rights","",87.21912,120,"not-reachable"
"balanced",20,1,0.05,"growth-only","",86.676,120,"not-reachable"
"balanced",20,1,0.06,"retained-rights","",87.502944,120,"not-reachable"
"balanced",20,1,0.06,"growth-only","",86.8512,120,"not-reachable"
"balanced",20,1,0.07,"retained-rights","",87.78676800000001,120,"not-reachable"
"balanced",20,1,0.07,"growth-only","",87.02640000000001,120,"not-reachable"
"balanced",20,1,0.08,"retained-rights","",88.07059200000002,120,"not-reachable"
"balanced",20,1,0.08,"growth-only","",87.20160000000001,120,"not-reachable"
"balanced",20,1,0.09,"retained-rights","",88.35441600000001,120,"not-reachable"
"balanced",20,1,0.09,"growth-only","",87.3768,120,"not-reachable"
"balanced",20,1,0.1,"retained-rights","",88.63824000000001,120,"not-reachable"
"balanced",20,1,0.1,"growth-only","",87.552,120,"not-reachable"
"balanced",20,1,0.11,"retained-rights","",88.922064,120,"not-reachable"
"balanced",20,1,0.11,"growth-only","",87.72720000000001,120,"not-reachable"
"balanced",20,1,0.12,"retained-rights","",89.20588800000002,120,"not-reachable"
"balanced",20,1,0.12,"growth-only","",87.90240000000001,120,"not-reachable"
"balanced",20,1,0.13,"retained-rights","",89.48971200000001,120,"not-reachable"
"balanced",20,1,0.13,"growth-only","",88.07760000000002,120,"not-reachable"
"balanced",20,1,0.14,"retained-rights","",89.77353600000001,120,"not-reachable"
"balanced",20,1,0.14,"growth-only","",88.25280000000001,120,"not-reachable"
"balanced",20,1,0.15,"retained-rights","",90.05736,120,"not-reachable"
"balanced",20,1,0.15,"growth-only","",88.42800000000001,120,"not-reachable"
"balanced",20,1,0.16,"retained-rights","",90.34118400000001,120,"not-reachable"
"balanced",20,1,0.16,"growth-only","",88.60320000000002,120,"not-reachable"
"balanced",20,1,0.17,"retained-rights","",90.62500800000001,120,"not-reachable"
"balanced",20,1,0.17,"growth-only","",88.77840000000002,120,"not-reachable"
"balanced",20,1,0.18,"retained-rights","",90.908832,120,"not-reachable"
"balanced",20,1,0.18,"growth-only","",88.95360000000001,120,"not-reachable"
"balanced",20,1,0.19,"retained-rights","",91.192656,120,"not-reachable"
"balanced",20,1,0.19,"growth-only","",89.12880000000001,120,"not-reachable"
"balanced",20,1,0.2,"retained-rights","",91.47648000000001,120,"not-reachable"
"balanced",20,1,0.2,"growth-only","",89.304,120,"not-reachable"
"balanced",20,1,0.21,"retained-rights","",91.760304,120,"not-reachable"
"balanced",20,1,0.21,"growth-only","",89.4792,120,"not-reachable"
"balanced",20,1,0.22,"retained-rights","",92.044128,120,"not-reachable"
"balanced",20,1,0.22,"growth-only","",89.65440000000001,120,"not-reachable"
"balanced",20,1,0.23,"retained-rights","",92.32795200000001,120,"not-reachable"
"balanced",20,1,0.23,"growth-only","",89.82960000000001,120,"not-reachable"
"balanced",20,1,0.24,"retained-rights","",92.611776,120,"not-reachable"
"balanced",20,1,0.24,"growth-only","",90.0048,120,"not-reachable"
"balanced",20,1,0.25,"retained-rights","",92.89560000000002,120,"not-reachable"
"balanced",20,1,0.25,"growth-only","",90.18,120,"not-reachable"
"balanced",20,1,0.26,"retained-rights","",93.17942400000001,120,"not-reachable"
"balanced",20,1,0.26,"growth-only","",90.35520000000001,120,"not-reachable"
"balanced",20,1,0.27,"retained-rights","",93.46324800000001,120,"not-reachable"
"balanced",20,1,0.27,"growth-only","",90.53040000000001,120,"not-reachable"
"balanced",20,1,0.28,"retained-rights","",93.747072,120,"not-reachable"
"balanced",20,1,0.28,"growth-only","",90.7056,120,"not-reachable"
"balanced",20,1,0.29,"retained-rights","",94.03089600000001,120,"not-reachable"
"balanced",20,1,0.29,"growth-only","",90.88080000000001,120,"not-reachable"
"balanced",20,1,0.3,"retained-rights","",94.31472000000001,120,"not-reachable"
"balanced",20,1,0.3,"growth-only","",91.056,120,"not-reachable"
"balanced",20,1,0.31,"retained-rights","",94.598544,120,"not-reachable"
"balanced",20,1,0.31,"growth-only","",91.23120000000002,120,"not-reachable"
"balanced",20,1,0.32,"retained-rights","",94.882368,120,"not-reachable"
"balanced",20,1,0.32,"growth-only","",91.4064,120,"not-reachable"
"balanced",20,1,0.33,"retained-rights","",95.16619200000001,120,"not-reachable"
"balanced",20,1,0.33,"growth-only","",91.58160000000001,120,"not-reachable"
"balanced",20,1,0.34,"retained-rights","",95.450016,120,"not-reachable"
"balanced",20,1,0.34,"growth-only","",91.7568,120,"not-reachable"
"balanced",20,1,0.35,"retained-rights","",95.73384,120,"not-reachable"
"balanced",20,1,0.35,"growth-only","",91.93200000000002,120,"not-reachable"
"balanced",20,1,0.36,"retained-rights","",96.017664,120,"not-reachable"
"balanced",20,1,0.36,"growth-only","",92.1072,120,"not-reachable"
"balanced",20,1,0.37,"retained-rights","",96.301488,120,"not-reachable"
"balanced",20,1,0.37,"growth-only","",92.28240000000001,120,"not-reachable"
"balanced",20,1,0.38,"retained-rights","",96.585312,120,"not-reachable"
"balanced",20,1,0.38,"growth-only","",92.45760000000001,120,"not-reachable"
"balanced",20,1,0.39,"retained-rights","",96.869136,120,"not-reachable"
"balanced",20,1,0.39,"growth-only","",92.6328,120,"not-reachable"
"balanced",20,1,0.4,"retained-rights","",97.15296000000001,120,"not-reachable"
"balanced",20,1,0.4,"growth-only","",92.808,120,"not-reachable"
"balanced",20,1,0.41,"retained-rights","",97.436784,120,"not-reachable"
"balanced",20,1,0.41,"growth-only","",92.98320000000001,120,"not-reachable"
"balanced",20,1,0.42,"retained-rights","",97.72060800000001,120,"not-reachable"
"balanced",20,1,0.42,"growth-only","",93.15840000000001,120,"not-reachable"
"balanced",20,1,0.43,"retained-rights","",98.00443200000001,120,"not-reachable"
"balanced",20,1,0.43,"growth-only","",93.3336,120,"not-reachable"
"balanced",20,1,0.44,"retained-rights","",98.28825599999999,120,"not-reachable"
"balanced",20,1,0.44,"growth-only","",93.50880000000001,120,"not-reachable"
"balanced",20,1,0.45,"retained-rights","",98.57208,120,"not-reachable"
"balanced",20,1,0.45,"growth-only","",93.68400000000001,120,"not-reachable"
"balanced",20,1,0.46,"retained-rights","",98.855904,120,"not-reachable"
"balanced",20,1,0.46,"growth-only","",93.85920000000002,120,"not-reachable"
"balanced",20,1,0.47,"retained-rights","",99.13972799999999,120,"not-reachable"
"balanced",20,1,0.47,"growth-only","",94.0344,120,"not-reachable"
"balanced",20,1,0.48,"retained-rights","",99.42355199999999,120,"not-reachable"
"balanced",20,1,0.48,"growth-only","",94.20960000000001,120,"not-reachable"
"balanced",20,1,0.49,"retained-rights","",99.70737600000001,120,"not-reachable"
"balanced",20,1,0.49,"growth-only","",94.38480000000001,120,"not-reachable"
"balanced",20,1,0.5,"retained-rights","",99.99120000000002,120,"not-reachable"
"balanced",20,1,0.5,"growth-only","",94.56000000000002,120,"not-reachable"
"balanced",20,1,0.51,"retained-rights",19.71675208846817,100.27502400000002,120,"reachable"
"balanced",20,1,0.51,"growth-only","",94.7352,120,"not-reachable"
"balanced",20,1,0.52,"retained-rights",19.42705384397032,100.55884800000001,120,"reachable"
"balanced",20,1,0.52,"growth-only","",94.91040000000001,120,"not-reachable"
"balanced",20,1,0.53,"retained-rights",19.13996631334878,100.84267200000001,120,"reachable"
"balanced",20,1,0.53,"growth-only","",95.08560000000001,120,"not-reachable"
"balanced",20,1,0.54,"retained-rights",18.855446849984503,101.126496,120,"reachable"
"balanced",20,1,0.54,"growth-only","",95.26080000000002,120,"not-reachable"
"balanced",20,1,0.55,"retained-rights",18.57345382560367,101.41032000000001,120,"reachable"
"balanced",20,1,0.55,"growth-only","",95.436,120,"not-reachable"
"balanced",20,1,0.56,"retained-rights",18.293946598223943,101.69414400000001,120,"reachable"
"balanced",20,1,0.56,"growth-only","",95.61120000000001,120,"not-reachable"
"balanced",20,1,0.57,"retained-rights",18.016885481352496,101.977968,120,"reachable"
"balanced",20,1,0.57,"growth-only","",95.7864,120,"not-reachable"
"balanced",20,1,0.58,"retained-rights",17.742231714377766,102.26179200000001,120,"reachable"
"balanced",20,1,0.58,"growth-only","",95.9616,120,"not-reachable"
"balanced",20,1,0.59,"retained-rights",17.469947434099552,102.54561600000001,120,"reachable"
"balanced",20,1,0.59,"growth-only","",96.13680000000001,120,"not-reachable"
"balanced",20,1,0.6,"retained-rights",17.199995647345357,102.82944,120,"reachable"
"balanced",20,1,0.6,"growth-only","",96.31200000000001,120,"not-reachable"
"balanced",20,1,0.61,"retained-rights",16.93234020462353,103.113264,120,"reachable"
"balanced",20,1,0.61,"growth-only","",96.4872,120,"not-reachable"
"balanced",20,1,0.62,"retained-rights",16.666945774766372,103.397088,120,"reachable"
"balanced",20,1,0.62,"growth-only","",96.6624,120,"not-reachable"
"balanced",20,1,0.63,"retained-rights",16.40377782051885,103.680912,120,"reachable"
"balanced",20,1,0.63,"growth-only","",96.83760000000001,120,"not-reachable"
"balanced",20,1,0.64,"retained-rights",16.14280257503069,103.964736,120,"reachable"
"balanced",20,1,0.64,"growth-only","",97.01280000000001,120,"not-reachable"
"balanced",20,1,0.65,"retained-rights",15.883987019212453,104.24856,120,"reachable"
"balanced",20,1,0.65,"growth-only","",97.188,120,"not-reachable"
"balanced",20,1,0.66,"retained-rights",15.62729885991705,104.53238400000001,120,"reachable"
"balanced",20,1,0.66,"growth-only","",97.3632,120,"not-reachable"
"balanced",20,1,0.67,"retained-rights",15.372706508911316,104.816208,120,"reachable"
"balanced",20,1,0.67,"growth-only","",97.53840000000001,120,"not-reachable"
"balanced",20,1,0.68,"retained-rights",15.120179062603366,105.100032,120,"reachable"
"balanced",20,1,0.68,"growth-only","",97.71360000000001,120,"not-reachable"
"balanced",20,1,0.69,"retained-rights",14.869686282493188,105.383856,120,"reachable"
"balanced",20,1,0.69,"growth-only","",97.8888,120,"not-reachable"
"balanced",20,1,0.7,"retained-rights",14.621198576315898,105.66767999999999,120,"reachable"
"balanced",20,1,0.7,"growth-only","",98.06400000000001,120,"not-reachable"
"balanced",20,1,0.71,"retained-rights",14.374686979848272,105.951504,120,"reachable"
"balanced",20,1,0.71,"growth-only","",98.23920000000001,120,"not-reachable"
"balanced",20,1,0.72,"retained-rights",14.130123139350781,106.235328,120,"reachable"
"balanced",20,1,0.72,"growth-only","",98.41440000000001,120,"not-reachable"
"balanced",20,1,0.73,"retained-rights",13.887479294618576,106.51915199999999,120,"reachable"
"balanced",20,1,0.73,"growth-only","",98.5896,120,"not-reachable"
"balanced",20,1,0.74,"retained-rights",13.646728262616259,106.802976,120,"reachable"
"balanced",20,1,0.74,"growth-only","",98.76480000000001,120,"not-reachable"
"balanced",20,1,0.75,"retained-rights",13.407843421672494,107.0868,120,"reachable"
"balanced",20,1,0.75,"growth-only","",98.94000000000001,120,"not-reachable"
"balanced",20,1,0.76,"retained-rights",13.170798696211627,107.37062400000002,120,"reachable"
"balanced",20,1,0.76,"growth-only","",99.1152,120,"not-reachable"
"balanced",20,1,0.77,"retained-rights",12.935568542000354,107.65444800000002,120,"reachable"
"balanced",20,1,0.77,"growth-only","",99.2904,120,"not-reachable"
"balanced",20,1,0.78,"retained-rights",12.702127931888963,107.93827200000001,120,"reachable"
"balanced",20,1,0.78,"growth-only","",99.46560000000002,120,"not-reachable"
"balanced",20,1,0.79,"retained-rights",12.47045234202735,108.22209600000001,120,"reachable"
"balanced",20,1,0.79,"growth-only","",99.6408,120,"not-reachable"
"balanced",20,1,0.8,"retained-rights",12.24051773853665,108.50592000000002,120,"reachable"
"balanced",20,1,0.8,"growth-only","",99.81600000000002,120,"not-reachable"
"balanced",20,1,0.81,"retained-rights",12.012300564618904,108.78974400000001,120,"reachable"
"balanced",20,1,0.81,"growth-only","",99.99120000000002,120,"not-reachable"
"balanced",20,1,0.82,"retained-rights",11.785777728087353,109.07356800000001,120,"reachable"
"balanced",20,1,0.82,"growth-only",19.893837232843993,100.16640000000001,120,"reachable"
"balanced",20,1,0.83,"retained-rights",11.560926589301035,109.357392,120,"reachable"
"balanced",20,1,0.83,"growth-only",19.783378963798313,100.34160000000001,120,"reachable"
"balanced",20,1,0.84,"retained-rights",11.337724949488127,109.64121600000001,120,"reachable"
"balanced",20,1,0.84,"growth-only",19.674247901337495,100.5168,120,"reachable"
"balanced",20,1,0.85,"retained-rights",11.116151039442968,109.92504000000001,120,"reachable"
"balanced",20,1,0.85,"growth-only",19.566418655649365,100.69200000000001,120,"reachable"
"balanced",20,1,0.86,"retained-rights",10.896183508582457,110.208864,120,"reachable"
"balanced",20,1,0.86,"growth-only",19.459866512948977,100.8672,120,"reachable"
"balanced",20,1,0.87,"retained-rights",10.677801414348597,110.492688,120,"reachable"
"balanced",20,1,0.87,"growth-only",19.354567412290645,101.04240000000001,120,"reachable"
"balanced",20,1,0.88,"retained-rights",10.46098421194337,110.77651200000001,120,"reachable"
"balanced",20,1,0.88,"growth-only",19.250497923354427,101.21759999999999,120,"reachable"
"balanced",20,1,0.89,"retained-rights",10.245711744384355,111.060336,120,"reachable"
"balanced",20,1,0.89,"growth-only",19.147635225158943,101.39280000000002,120,"reachable"
"balanced",20,1,0.9,"retained-rights",10.031964232868473,111.34416,120,"reachable"
"balanced",20,1,0.9,"growth-only",19.04595708565435,101.56800000000001,120,"reachable"
"balanced",20,1,0.91,"retained-rights",9.819722267432862,111.627984,120,"reachable"
"balanced",20,1,0.91,"growth-only",18.945441842152675,101.74320000000002,120,"reachable"
"balanced",20,1,0.92,"retained-rights",9.608966797901775,111.91180800000001,120,"reachable"
"balanced",20,1,0.92,"growth-only",18.846068382554783,101.9184,120,"reachable"
"balanced",20,1,0.93,"retained-rights",9.399679125109039,112.195632,120,"reachable"
"balanced",20,1,0.93,"growth-only",18.747816127335625,102.09360000000001,120,"reachable"
"balanced",20,1,0.94,"retained-rights",9.19184089238627,112.479456,120,"reachable"
"balanced",20,1,0.94,"growth-only",18.650665012251476,102.2688,120,"reachable"
"balanced",20,1,0.95,"retained-rights",8.98543407730683,112.76328,120,"reachable"
"balanced",20,1,0.95,"growth-only",18.55459547173495,102.444,120,"reachable"
"balanced",20,1,0.96,"retained-rights",8.780440983676986,113.047104,120,"reachable"
"balanced",20,1,0.96,"growth-only",18.459588422945394,102.6192,120,"reachable"
"balanced",20,1,0.97,"retained-rights",8.576844233764703,113.330928,120,"reachable"
"balanced",20,1,0.97,"growth-only",18.36562525044414,102.7944,120,"reachable"
"balanced",20,1,0.98,"retained-rights",8.374626760758396,113.614752,120,"reachable"
"balanced",20,1,0.98,"growth-only",18.272687791465493,102.96960000000001,120,"reachable"
"balanced",20,1,0.99,"retained-rights",8.173771801446804,113.89857599999999,120,"reachable"
"balanced",20,1,0.99,"growth-only",18.18075832175623,103.14480000000002,120,"reachable"
"balanced",20,1,1,"retained-rights",7.974262889112915,114.1824,120,"reachable"
"balanced",20,1,1,"growth-only",18.089819541957365,103.32000000000001,120,"reachable"
"balanced",40,0,0,"retained-rights","",98.2,136.986301369863,"not-reachable"
"balanced",40,0,0,"growth-only","",98.2,136.986301369863,"not-reachable"
"balanced",40,0,0.01,"retained-rights","",98.56986301369864,136.986301369863,"not-reachable"
"balanced",40,0,0.01,"growth-only","",98.56986301369864,136.986301369863,"not-reachable"
"balanced",40,0,0.02,"retained-rights","",98.93972602739727,136.986301369863,"not-reachable"
"balanced",40,0,0.02,"growth-only","",98.93972602739727,136.986301369863,"not-reachable"
"balanced",40,0,0.03,"retained-rights","",99.30958904109588,136.986301369863,"not-reachable"
"balanced",40,0,0.03,"growth-only","",99.30958904109588,136.986301369863,"not-reachable"
"balanced",40,0,0.04,"retained-rights","",99.67945205479451,136.986301369863,"not-reachable"
"balanced",40,0,0.04,"growth-only","",99.67945205479451,136.986301369863,"not-reachable"
"balanced",40,0,0.05,"retained-rights",35.99999999999983,100.04931506849314,136.986301369863,"reachable"
"balanced",40,0,0.05,"growth-only",35.99999999999983,100.04931506849314,136.986301369863,"reachable"
"balanced",40,0,0.06,"retained-rights",29.99999999999985,100.41917808219179,136.986301369863,"reachable"
"balanced",40,0,0.06,"growth-only",29.99999999999985,100.41917808219179,136.986301369863,"reachable"
"balanced",40,0,0.07,"retained-rights",25.7142857142856,100.78904109589043,136.986301369863,"reachable"
"balanced",40,0,0.07,"growth-only",25.7142857142856,100.78904109589043,136.986301369863,"reachable"
"balanced",40,0,0.08,"retained-rights",22.499999999999897,101.15890410958903,136.986301369863,"reachable"
"balanced",40,0,0.08,"growth-only",22.499999999999897,101.15890410958903,136.986301369863,"reachable"
"balanced",40,0,0.09,"retained-rights",19.999999999999908,101.52876712328766,136.986301369863,"reachable"
"balanced",40,0,0.09,"growth-only",19.999999999999908,101.52876712328766,136.986301369863,"reachable"
"balanced",40,0,0.1,"retained-rights",17.99999999999993,101.8986301369863,136.986301369863,"reachable"
"balanced",40,0,0.1,"growth-only",17.99999999999993,101.8986301369863,136.986301369863,"reachable"
"balanced",40,0,0.11,"retained-rights",16.363636363636292,102.26849315068493,136.986301369863,"reachable"
"balanced",40,0,0.11,"growth-only",16.363636363636292,102.26849315068493,136.986301369863,"reachable"
"balanced",40,0,0.12,"retained-rights",14.999999999999925,102.63835616438355,136.986301369863,"reachable"
"balanced",40,0,0.12,"growth-only",14.999999999999925,102.63835616438355,136.986301369863,"reachable"
"balanced",40,0,0.13,"retained-rights",13.846153846153776,103.00821917808219,136.986301369863,"reachable"
"balanced",40,0,0.13,"growth-only",13.846153846153776,103.00821917808219,136.986301369863,"reachable"
"balanced",40,0,0.14,"retained-rights",12.857142857142811,103.37808219178082,136.986301369863,"reachable"
"balanced",40,0,0.14,"growth-only",12.857142857142811,103.37808219178082,136.986301369863,"reachable"
"balanced",40,0,0.15,"retained-rights",11.999999999999943,103.74794520547945,136.986301369863,"reachable"
"balanced",40,0,0.15,"growth-only",11.999999999999943,103.74794520547945,136.986301369863,"reachable"
"balanced",40,0,0.16,"retained-rights",11.249999999999961,104.11780821917809,136.986301369863,"reachable"
"balanced",40,0,0.16,"growth-only",11.249999999999961,104.11780821917809,136.986301369863,"reachable"
"balanced",40,0,0.17,"retained-rights",10.58823529411761,104.48767123287669,136.986301369863,"reachable"
"balanced",40,0,0.17,"growth-only",10.58823529411761,104.48767123287669,136.986301369863,"reachable"
"balanced",40,0,0.18,"retained-rights",9.999999999999964,104.85753424657534,136.986301369863,"reachable"
"balanced",40,0,0.18,"growth-only",9.999999999999964,104.85753424657534,136.986301369863,"reachable"
"balanced",40,0,0.19,"retained-rights",9.47368421052628,105.22739726027397,136.986301369863,"reachable"
"balanced",40,0,0.19,"growth-only",9.47368421052628,105.22739726027397,136.986301369863,"reachable"
"balanced",40,0,0.2,"retained-rights",8.999999999999964,105.59726027397261,136.986301369863,"reachable"
"balanced",40,0,0.2,"growth-only",8.999999999999964,105.59726027397261,136.986301369863,"reachable"
"balanced",40,0,0.21,"retained-rights",8.571428571428541,105.96712328767124,136.986301369863,"reachable"
"balanced",40,0,0.21,"growth-only",8.571428571428541,105.96712328767124,136.986301369863,"reachable"
"balanced",40,0,0.22,"retained-rights",8.181818181818157,106.33698630136985,136.986301369863,"reachable"
"balanced",40,0,0.22,"growth-only",8.181818181818157,106.33698630136985,136.986301369863,"reachable"
"balanced",40,0,0.23,"retained-rights",7.826086956521716,106.70684931506848,136.986301369863,"reachable"
"balanced",40,0,0.23,"growth-only",7.826086956521716,106.70684931506848,136.986301369863,"reachable"
"balanced",40,0,0.24,"retained-rights",7.499999999999973,107.07671232876712,136.986301369863,"reachable"
"balanced",40,0,0.24,"growth-only",7.499999999999973,107.07671232876712,136.986301369863,"reachable"
"balanced",40,0,0.25,"retained-rights",7.199999999999984,107.44657534246575,136.986301369863,"reachable"
"balanced",40,0,0.25,"growth-only",7.199999999999984,107.44657534246575,136.986301369863,"reachable"
"balanced",40,0,0.26,"retained-rights",6.9230769230768985,107.81643835616438,136.986301369863,"reachable"
"balanced",40,0,0.26,"growth-only",6.9230769230768985,107.81643835616438,136.986301369863,"reachable"
"balanced",40,0,0.27,"retained-rights",6.666666666666643,108.186301369863,136.986301369863,"reachable"
"balanced",40,0,0.27,"growth-only",6.666666666666643,108.186301369863,136.986301369863,"reachable"
"balanced",40,0,0.28,"retained-rights",6.428571428571406,108.55616438356164,136.986301369863,"reachable"
"balanced",40,0,0.28,"growth-only",6.428571428571406,108.55616438356164,136.986301369863,"reachable"
"balanced",40,0,0.29,"retained-rights",6.206896551724128,108.92602739726027,136.986301369863,"reachable"
"balanced",40,0,0.29,"growth-only",6.206896551724128,108.92602739726027,136.986301369863,"reachable"
"balanced",40,0,0.3,"retained-rights",5.999999999999983,109.2958904109589,136.986301369863,"reachable"
"balanced",40,0,0.3,"growth-only",5.999999999999983,109.2958904109589,136.986301369863,"reachable"
"balanced",40,0,0.31,"retained-rights",5.806451612903207,109.66575342465752,136.986301369863,"reachable"
"balanced",40,0,0.31,"growth-only",5.806451612903207,109.66575342465752,136.986301369863,"reachable"
"balanced",40,0,0.32,"retained-rights",5.624999999999991,110.03561643835616,136.986301369863,"reachable"
"balanced",40,0,0.32,"growth-only",5.624999999999991,110.03561643835616,136.986301369863,"reachable"
"balanced",40,0,0.33,"retained-rights",5.454545454545445,110.40547945205479,136.986301369863,"reachable"
"balanced",40,0,0.33,"growth-only",5.454545454545445,110.40547945205479,136.986301369863,"reachable"
"balanced",40,0,0.34,"retained-rights",5.294117647058805,110.77534246575343,136.986301369863,"reachable"
"balanced",40,0,0.34,"growth-only",5.294117647058805,110.77534246575343,136.986301369863,"reachable"
"balanced",40,0,0.35,"retained-rights",5.142857142857138,111.14520547945206,136.986301369863,"reachable"
"balanced",40,0,0.35,"growth-only",5.142857142857138,111.14520547945206,136.986301369863,"reachable"
"balanced",40,0,0.36,"retained-rights",4.999999999999982,111.51506849315066,136.986301369863,"reachable"
"balanced",40,0,0.36,"growth-only",4.999999999999982,111.51506849315066,136.986301369863,"reachable"
"balanced",40,0,0.37,"retained-rights",4.86486486486486,111.88493150684931,136.986301369863,"reachable"
"balanced",40,0,0.37,"growth-only",4.86486486486486,111.88493150684931,136.986301369863,"reachable"
"balanced",40,0,0.38,"retained-rights",4.73684210526315,112.25479452054795,136.986301369863,"reachable"
"balanced",40,0,0.38,"growth-only",4.73684210526315,112.25479452054795,136.986301369863,"reachable"
"balanced",40,0,0.39,"retained-rights",4.615384615384599,112.62465753424658,136.986301369863,"reachable"
"balanced",40,0,0.39,"growth-only",4.615384615384599,112.62465753424658,136.986301369863,"reachable"
"balanced",40,0,0.4,"retained-rights",4.499999999999993,112.99452054794521,136.986301369863,"reachable"
"balanced",40,0,0.4,"growth-only",4.499999999999993,112.99452054794521,136.986301369863,"reachable"
"balanced",40,0,0.41,"retained-rights",4.390243902439006,113.36438356164382,136.986301369863,"reachable"
"balanced",40,0,0.41,"growth-only",4.390243902439006,113.36438356164382,136.986301369863,"reachable"
"balanced",40,0,0.42,"retained-rights",4.2857142857142705,113.73424657534245,136.986301369863,"reachable"
"balanced",40,0,0.42,"growth-only",4.2857142857142705,113.73424657534245,136.986301369863,"reachable"
"balanced",40,0,0.43,"retained-rights",4.1860465116279055,114.10410958904109,136.986301369863,"reachable"
"balanced",40,0,0.43,"growth-only",4.1860465116279055,114.10410958904109,136.986301369863,"reachable"
"balanced",40,0,0.44,"retained-rights",4.090909090909078,114.47397260273972,136.986301369863,"reachable"
"balanced",40,0,0.44,"growth-only",4.090909090909078,114.47397260273972,136.986301369863,"reachable"
"balanced",40,0,0.45,"retained-rights",3.9999999999999813,114.84383561643835,136.986301369863,"reachable"
"balanced",40,0,0.45,"growth-only",3.9999999999999813,114.84383561643835,136.986301369863,"reachable"
"balanced",40,0,0.46,"retained-rights",3.913043478260869,115.21369863013697,136.986301369863,"reachable"
"balanced",40,0,0.46,"growth-only",3.913043478260869,115.21369863013697,136.986301369863,"reachable"
"balanced",40,0,0.47,"retained-rights",3.8297872340425476,115.58356164383561,136.986301369863,"reachable"
"balanced",40,0,0.47,"growth-only",3.8297872340425476,115.58356164383561,136.986301369863,"reachable"
"balanced",40,0,0.48,"retained-rights",3.7499999999999867,115.95342465753424,136.986301369863,"reachable"
"balanced",40,0,0.48,"growth-only",3.7499999999999867,115.95342465753424,136.986301369863,"reachable"
"balanced",40,0,0.49,"retained-rights",3.6734693877551017,116.32328767123288,136.986301369863,"reachable"
"balanced",40,0,0.49,"growth-only",3.6734693877551017,116.32328767123288,136.986301369863,"reachable"
"balanced",40,0,0.5,"retained-rights",3.600000000000003,116.69315068493151,136.986301369863,"reachable"
"balanced",40,0,0.5,"growth-only",3.600000000000003,116.69315068493151,136.986301369863,"reachable"
"balanced",40,0,0.51,"retained-rights",3.52941176470587,117.06301369863013,136.986301369863,"reachable"
"balanced",40,0,0.51,"growth-only",3.52941176470587,117.06301369863013,136.986301369863,"reachable"
"balanced",40,0,0.52,"retained-rights",3.4615384615384492,117.43287671232876,136.986301369863,"reachable"
"balanced",40,0,0.52,"growth-only",3.4615384615384492,117.43287671232876,136.986301369863,"reachable"
"balanced",40,0,0.53,"retained-rights",3.396226415094339,117.8027397260274,136.986301369863,"reachable"
"balanced",40,0,0.53,"growth-only",3.396226415094339,117.8027397260274,136.986301369863,"reachable"
"balanced",40,0,0.54,"retained-rights",3.3333333333333215,118.17260273972603,136.986301369863,"reachable"
"balanced",40,0,0.54,"growth-only",3.3333333333333215,118.17260273972603,136.986301369863,"reachable"
"balanced",40,0,0.55,"retained-rights",3.2727272727272716,118.54246575342466,136.986301369863,"reachable"
"balanced",40,0,0.55,"growth-only",3.2727272727272716,118.54246575342466,136.986301369863,"reachable"
"balanced",40,0,0.56,"retained-rights",3.214285714285703,118.91232876712327,136.986301369863,"reachable"
"balanced",40,0,0.56,"growth-only",3.214285714285703,118.91232876712327,136.986301369863,"reachable"
"balanced",40,0,0.57,"retained-rights",3.157894736842093,119.2821917808219,136.986301369863,"reachable"
"balanced",40,0,0.57,"growth-only",3.157894736842093,119.2821917808219,136.986301369863,"reachable"
"balanced",40,0,0.58,"retained-rights",3.103448275862064,119.65205479452055,136.986301369863,"reachable"
"balanced",40,0,0.58,"growth-only",3.103448275862064,119.65205479452055,136.986301369863,"reachable"
"balanced",40,0,0.59,"retained-rights",3.050847457627115,120.02191780821916,136.986301369863,"reachable"
"balanced",40,0,0.59,"growth-only",3.050847457627115,120.02191780821916,136.986301369863,"reachable"
"balanced",40,0,0.6,"retained-rights",3.0000000000000027,120.39178082191779,136.986301369863,"reachable"
"balanced",40,0,0.6,"growth-only",3.0000000000000027,120.39178082191779,136.986301369863,"reachable"
"balanced",40,0,0.61,"retained-rights",2.950819672131133,120.76164383561643,136.986301369863,"reachable"
"balanced",40,0,0.61,"growth-only",2.950819672131133,120.76164383561643,136.986301369863,"reachable"
"balanced",40,0,0.62,"retained-rights",2.9032258064516148,121.13150684931506,136.986301369863,"reachable"
"balanced",40,0,0.62,"growth-only",2.9032258064516148,121.13150684931506,136.986301369863,"reachable"
"balanced",40,0,0.63,"retained-rights",2.857142857142847,121.5013698630137,136.986301369863,"reachable"
"balanced",40,0,0.63,"growth-only",2.857142857142847,121.5013698630137,136.986301369863,"reachable"
"balanced",40,0,0.64,"retained-rights",2.8124999999999956,121.87123287671233,136.986301369863,"reachable"
"balanced",40,0,0.64,"growth-only",2.8124999999999956,121.87123287671233,136.986301369863,"reachable"
"balanced",40,0,0.65,"retained-rights",2.7692307692307683,122.24109589041095,136.986301369863,"reachable"
"balanced",40,0,0.65,"growth-only",2.7692307692307683,122.24109589041095,136.986301369863,"reachable"
"balanced",40,0,0.66,"retained-rights",2.7272727272727337,122.61095890410958,136.986301369863,"reachable"
"balanced",40,0,0.66,"growth-only",2.7272727272727337,122.61095890410958,136.986301369863,"reachable"
"balanced",40,0,0.67,"retained-rights",2.686567164179099,122.98082191780821,136.986301369863,"reachable"
"balanced",40,0,0.67,"growth-only",2.686567164179099,122.98082191780821,136.986301369863,"reachable"
"balanced",40,0,0.68,"retained-rights",2.6470588235294024,123.35068493150685,136.986301369863,"reachable"
"balanced",40,0,0.68,"growth-only",2.6470588235294024,123.35068493150685,136.986301369863,"reachable"
"balanced",40,0,0.69,"retained-rights",2.60869565217392,123.72054794520547,136.986301369863,"reachable"
"balanced",40,0,0.69,"growth-only",2.60869565217392,123.72054794520547,136.986301369863,"reachable"
"balanced",40,0,0.7,"retained-rights",2.57142857142858,124.0904109589041,136.986301369863,"reachable"
"balanced",40,0,0.7,"growth-only",2.57142857142858,124.0904109589041,136.986301369863,"reachable"
"balanced",40,0,0.71,"retained-rights",2.5352112676056304,124.46027397260274,136.986301369863,"reachable"
"balanced",40,0,0.71,"growth-only",2.5352112676056304,124.46027397260274,136.986301369863,"reachable"
"balanced",40,0,0.72,"retained-rights",2.499999999999991,124.83013698630137,136.986301369863,"reachable"
"balanced",40,0,0.72,"growth-only",2.499999999999991,124.83013698630137,136.986301369863,"reachable"
"balanced",40,0,0.73,"retained-rights",2.465753424657535,125.2,136.986301369863,"reachable"
"balanced",40,0,0.73,"growth-only",2.465753424657535,125.2,136.986301369863,"reachable"
"balanced",40,0,0.74,"retained-rights",2.43243243243243,125.56986301369861,136.986301369863,"reachable"
"balanced",40,0,0.74,"growth-only",2.43243243243243,125.56986301369861,136.986301369863,"reachable"
"balanced",40,0,0.75,"retained-rights",2.400000000000002,125.93972602739724,136.986301369863,"reachable"
"balanced",40,0,0.75,"growth-only",2.400000000000002,125.93972602739724,136.986301369863,"reachable"
"balanced",40,0,0.76,"retained-rights",2.368421052631575,126.30958904109588,136.986301369863,"reachable"
"balanced",40,0,0.76,"growth-only",2.368421052631575,126.30958904109588,136.986301369863,"reachable"
"balanced",40,0,0.77,"retained-rights",2.3376623376623273,126.67945205479452,136.986301369863,"reachable"
"balanced",40,0,0.77,"growth-only",2.3376623376623273,126.67945205479452,136.986301369863,"reachable"
"balanced",40,0,0.78,"retained-rights",2.3076923076922995,127.04931506849316,136.986301369863,"reachable"
"balanced",40,0,0.78,"growth-only",2.3076923076922995,127.04931506849316,136.986301369863,"reachable"
"balanced",40,0,0.79,"retained-rights",2.278481012658218,127.41917808219176,136.986301369863,"reachable"
"balanced",40,0,0.79,"growth-only",2.278481012658218,127.41917808219176,136.986301369863,"reachable"
"balanced",40,0,0.8,"retained-rights",2.2499999999999964,127.7890410958904,136.986301369863,"reachable"
"balanced",40,0,0.8,"growth-only",2.2499999999999964,127.7890410958904,136.986301369863,"reachable"
"balanced",40,0,0.81,"retained-rights",2.2222222222222143,128.15890410958903,136.986301369863,"reachable"
"balanced",40,0,0.81,"growth-only",2.2222222222222143,128.15890410958903,136.986301369863,"reachable"
"balanced",40,0,0.82,"retained-rights",2.195121951219514,128.52876712328768,136.986301369863,"reachable"
"balanced",40,0,0.82,"growth-only",2.195121951219514,128.52876712328768,136.986301369863,"reachable"
"balanced",40,0,0.83,"retained-rights",2.168674698795181,128.8986301369863,136.986301369863,"reachable"
"balanced",40,0,0.83,"growth-only",2.168674698795181,128.8986301369863,136.986301369863,"reachable"
"balanced",40,0,0.84,"retained-rights",2.1428571428571352,129.26849315068492,136.986301369863,"reachable"
"balanced",40,0,0.84,"growth-only",2.1428571428571352,129.26849315068492,136.986301369863,"reachable"
"balanced",40,0,0.85,"retained-rights",2.117647058823535,129.63835616438354,136.986301369863,"reachable"
"balanced",40,0,0.85,"growth-only",2.117647058823535,129.63835616438354,136.986301369863,"reachable"
"balanced",40,0,0.86,"retained-rights",2.0930232558139528,130.0082191780822,136.986301369863,"reachable"
"balanced",40,0,0.86,"growth-only",2.0930232558139528,130.0082191780822,136.986301369863,"reachable"
"balanced",40,0,0.87,"retained-rights",2.0689655172413834,130.37808219178083,136.986301369863,"reachable"
"balanced",40,0,0.87,"growth-only",2.0689655172413834,130.37808219178083,136.986301369863,"reachable"
"balanced",40,0,0.88,"retained-rights",2.0454545454545503,130.74794520547945,136.986301369863,"reachable"
"balanced",40,0,0.88,"growth-only",2.0454545454545503,130.74794520547945,136.986301369863,"reachable"
"balanced",40,0,0.89,"retained-rights",2.0224719101123556,131.11780821917807,136.986301369863,"reachable"
"balanced",40,0,0.89,"growth-only",2.0224719101123556,131.11780821917807,136.986301369863,"reachable"
"balanced",40,0,0.9,"retained-rights",2.0000000000000018,131.4876712328767,136.986301369863,"reachable"
"balanced",40,0,0.9,"growth-only",2.0000000000000018,131.4876712328767,136.986301369863,"reachable"
"balanced",40,0,0.91,"retained-rights",1.978021978021971,131.85753424657534,136.986301369863,"reachable"
"balanced",40,0,0.91,"growth-only",1.978021978021971,131.85753424657534,136.986301369863,"reachable"
"balanced",40,0,0.92,"retained-rights",1.9565217391304346,132.22739726027396,136.986301369863,"reachable"
"balanced",40,0,0.92,"growth-only",1.9565217391304346,132.22739726027396,136.986301369863,"reachable"
"balanced",40,0,0.93,"retained-rights",1.9354838709677358,132.5972602739726,136.986301369863,"reachable"
"balanced",40,0,0.93,"growth-only",1.9354838709677358,132.5972602739726,136.986301369863,"reachable"
"balanced",40,0,0.94,"retained-rights",1.914893617021285,132.96712328767123,136.986301369863,"reachable"
"balanced",40,0,0.94,"growth-only",1.914893617021285,132.96712328767123,136.986301369863,"reachable"
"balanced",40,0,0.95,"retained-rights",1.8947368421052602,133.33698630136985,136.986301369863,"reachable"
"balanced",40,0,0.95,"growth-only",1.8947368421052602,133.33698630136985,136.986301369863,"reachable"
"balanced",40,0,0.96,"retained-rights",1.8750000000000044,133.7068493150685,136.986301369863,"reachable"
"balanced",40,0,0.96,"growth-only",1.8750000000000044,133.7068493150685,136.986301369863,"reachable"
"balanced",40,0,0.97,"retained-rights",1.855670103092777,134.0767123287671,136.986301369863,"reachable"
"balanced",40,0,0.97,"growth-only",1.855670103092777,134.0767123287671,136.986301369863,"reachable"
"balanced",40,0,0.98,"retained-rights",1.8367346938775508,134.44657534246576,136.986301369863,"reachable"
"balanced",40,0,0.98,"growth-only",1.8367346938775508,134.44657534246576,136.986301369863,"reachable"
"balanced",40,0,0.99,"retained-rights",1.81818181818183,134.81643835616438,136.986301369863,"reachable"
"balanced",40,0,0.99,"growth-only",1.81818181818183,134.81643835616438,136.986301369863,"reachable"
"balanced",40,0,1,"retained-rights",1.8000000000000016,135.186301369863,136.986301369863,"reachable"
"balanced",40,0,1,"growth-only",1.8000000000000016,135.186301369863,136.986301369863,"reachable"
"balanced",40,0.5,0,"retained-rights","",98.2,136.986301369863,"not-reachable"
"balanced",40,0.5,0,"growth-only","",98.2,136.986301369863,"not-reachable"
"balanced",40,0.5,0.01,"retained-rights","",98.56986301369864,136.986301369863,"not-reachable"
"balanced",40,0.5,0.01,"growth-only","",98.56986301369864,136.986301369863,"not-reachable"
"balanced",40,0.5,0.02,"retained-rights","",98.93972602739727,136.986301369863,"not-reachable"
"balanced",40,0.5,0.02,"growth-only","",98.93972602739727,136.986301369863,"not-reachable"
"balanced",40,0.5,0.03,"retained-rights","",99.30958904109588,136.986301369863,"not-reachable"
"balanced",40,0.5,0.03,"growth-only","",99.30958904109588,136.986301369863,"not-reachable"
"balanced",40,0.5,0.04,"retained-rights","",99.67945205479451,136.986301369863,"not-reachable"
"balanced",40,0.5,0.04,"growth-only","",99.67945205479451,136.986301369863,"not-reachable"
"balanced",40,0.5,0.05,"retained-rights",36.86407881803786,100.04931506849314,136.986301369863,"reachable"
"balanced",40,0.5,0.05,"growth-only",36.86936582988991,100.04931506849314,136.986301369863,"reachable"
"balanced",40,0.5,0.06,"retained-rights",35.966547732861876,100.41917808219179,136.986301369863,"reachable"
"balanced",40,0.5,0.06,"growth-only",36.017972046151336,100.41917808219179,136.986301369863,"reachable"
"balanced",40,0.5,0.07,"retained-rights",35.101322694871314,100.78904109589043,136.986301369863,"reachable"
"balanced",40,0.5,0.07,"growth-only",35.209165541325845,100.78904109589043,136.986301369863,"reachable"
"balanced",40,0.5,0.08,"retained-rights",34.26648013074065,101.15890410958903,136.986301369863,"reachable"
"balanced",40,0.5,0.08,"growth-only",34.4395748057621,101.15890410958903,136.986301369863,"reachable"
"balanced",40,0.5,0.09,"retained-rights",33.460258053862304,101.52876712328766,136.986301369863,"reachable"
"balanced",40,0.5,0.09,"growth-only",33.706195438214,101.52876712328766,136.986301369863,"reachable"
"balanced",40,0.5,0.1,"retained-rights",32.681038579611,101.8986301369863,136.986301369863,"reachable"
"balanced",40,0.5,0.1,"growth-only",33.00633946325846,101.8986301369863,136.986301369863,"reachable"
"balanced",40,0.5,0.11,"retained-rights",31.92733274250996,102.26849315068493,136.986301369863,"reachable"
"balanced",40,0.5,0.11,"growth-only",32.337593067380844,102.26849315068493,136.986301369863,"reachable"
"balanced",40,0.5,0.12,"retained-rights",31.19776726043162,102.63835616438355,136.986301369863,"reachable"
"balanced",40,0.5,0.12,"growth-only",31.697781130693457,102.63835616438355,136.986301369863,"reachable"
"balanced",40,0.5,0.13,"retained-rights",30.49107295331406,103.00821917808219,136.986301369863,"reachable"
"balanced",40,0.5,0.13,"growth-only",31.084937285165438,103.00821917808219,136.986301369863,"reachable"
"balanced",40,0.5,0.14,"retained-rights",29.80607457398603,103.37808219178082,136.986301369863,"reachable"
"balanced",40,0.5,0.14,"growth-only",30.497278498534097,103.37808219178082,136.986301369863,"reachable"
"balanced",40,0.5,0.15,"retained-rights",29.141681849211132,103.74794520547945,136.986301369863,"reachable"
"balanced",40,0.5,0.15,"growth-only",29.933183388378247,103.74794520547945,136.986301369863,"reachable"
"balanced",40,0.5,0.16,"retained-rights",28.496881562004805,104.11780821917809,136.986301369863,"reachable"
"balanced",40,0.5,0.16,"growth-only",29.391173629342227,104.11780821917809,136.986301369863,"reachable"
"balanced",40,0.5,0.17,"retained-rights",27.87073053320961,104.48767123287669,136.986301369863,"reachable"
"balanced",40,0.5,0.17,"growth-only",28.86989793988779,104.48767123287669,136.986301369863,"reachable"
"balanced",40,0.5,0.18,"retained-rights",27.262349382437655,104.85753424657534,136.986301369863,"reachable"
"balanced",40,0.5,0.18,"growth-only",28.368118231744322,104.85753424657534,136.986301369863,"reachable"
"balanced",40,0.5,0.19,"retained-rights",26.670916966756696,105.22739726027397,136.986301369863,"reachable"
"balanced",40,0.5,0.19,"growth-only",27.88469758171064,105.22739726027397,136.986301369863,"reachable"
"balanced",40,0.5,0.2,"retained-rights",26.095665410643278,105.59726027397261,136.986301369863,"reachable"
"balanced",40,0.5,0.2,"growth-only",27.418589746312417,105.59726027397261,136.986301369863,"reachable"
"balanced",40,0.5,0.21,"retained-rights",25.535875653345187,105.96712328767124,136.986301369863,"reachable"
"balanced",40,0.5,0.21,"growth-only",26.968829988541398,105.96712328767124,136.986301369863,"reachable"
"balanced",40,0.5,0.22,"retained-rights",24.990873450349405,106.33698630136985,136.986301369863,"reachable"
"balanced",40,0.5,0.22,"growth-only",26.53452702515353,106.33698630136985,136.986301369863,"reachable"
"balanced",40,0.5,0.23,"retained-rights",24.46002577451385,106.70684931506848,136.986301369863,"reachable"
"balanced",40,0.5,0.23,"growth-only",26.114855934806048,106.70684931506848,136.986301369863,"reachable"
"balanced",40,0.5,0.24,"retained-rights",23.942737569892824,107.07671232876712,136.986301369863,"reachable"
"balanced",40,0.5,0.24,"growth-only",25.70905189322117,107.07671232876712,136.986301369863,"reachable"
"balanced",40,0.5,0.25,"retained-rights",23.43844881760626,107.44657534246575,136.986301369863,"reachable"
"balanced",40,0.5,0.25,"growth-only",25.31640462277909,107.44657534246575,136.986301369863,"reachable"
"balanced",40,0.5,0.26,"retained-rights",22.94663187846837,107.81643835616438,136.986301369863,"reachable"
"balanced",40,0.5,0.26,"growth-only",24.936253461400316,107.81643835616438,136.986301369863,"reachable"
"balanced",40,0.5,0.27,"retained-rights",22.466789081661886,108.186301369863,136.986301369863,"reachable"
"balanced",40,0.5,0.27,"growth-only",24.56798297001066,108.186301369863,136.986301369863,"reachable"
"balanced",40,0.5,0.28,"retained-rights",21.998450532650125,108.55616438356164,136.986301369863,"reachable"
"balanced",40,0.5,0.28,"growth-only",24.21101900986653,108.55616438356164,136.986301369863,"reachable"
"balanced",40,0.5,0.29,"retained-rights",21.541172116865948,108.92602739726027,136.986301369863,"reachable"
"balanced",40,0.5,0.29,"growth-only",23.864825231013608,108.92602739726027,136.986301369863,"reachable"
"balanced",40,0.5,0.3,"retained-rights",21.094533678595372,109.2958904109589,136.986301369863,"reachable"
"balanced",40,0.5,0.3,"growth-only",23.52889992151963,109.2958904109589,136.986301369863,"reachable"
"balanced",40,0.5,0.31,"retained-rights",20.658137356953922,109.66575342465752,136.986301369863,"reachable"
"balanced",40,0.5,0.31,"growth-only",23.20277317415753,109.66575342465752,136.986301369863,"reachable"
"balanced",40,0.5,0.32,"retained-rights",20.231606062999763,110.03561643835616,136.986301369863,"reachable"
"balanced",40,0.5,0.32,"growth-only",22.8860043331482,110.03561643835616,136.986301369863,"reachable"
"balanced",40,0.5,0.33,"retained-rights",19.8145820838854,110.40547945205479,136.986301369863,"reachable"
"balanced",40,0.5,0.33,"growth-only",22.57817968859723,110.40547945205479,136.986301369863,"reachable"
"balanced",40,0.5,0.34,"retained-rights",19.406725801566328,110.77534246575343,136.986301369863,"reachable"
"balanced",40,0.5,0.34,"growth-only",22.278910390528317,110.77534246575343,136.986301369863,"reachable"
"balanced",40,0.5,0.35,"retained-rights",19.007714514991903,111.14520547945206,136.986301369863,"reachable"
"balanced",40,0.5,0.35,"growth-only",21.987830558053247,111.14520547945206,136.986301369863,"reachable"
"balanced",40,0.5,0.36,"retained-rights",18.617241355931636,111.51506849315066,136.986301369863,"reachable"
"balanced",40,0.5,0.36,"growth-only",21.704595562328688,111.51506849315066,136.986301369863,"reachable"
"balanced",40,0.5,0.37,"retained-rights",18.23501428966734,111.88493150684931,136.986301369863,"reachable"
"balanced",40,0.5,0.37,"growth-only",21.42888046461686,111.88493150684931,136.986301369863,"reachable"
"balanced",40,0.5,0.38,"retained-rights",17.860755192722078,112.25479452054795,136.986301369863,"reachable"
"balanced",40,0.5,0.38,"growth-only",21.160378593060813,112.25479452054795,136.986301369863,"reachable"
"balanced",40,0.5,0.39,"retained-rights",17.494199000628253,112.62465753424658,136.986301369863,"reachable"
"balanced",40,0.5,0.39,"growth-only",20.89880024376245,112.62465753424658,136.986301369863,"reachable"
"balanced",40,0.5,0.4,"retained-rights",17.135092919465798,112.99452054794521,136.986301369863,"reachable"
"balanced",40,0.5,0.4,"growth-only",20.64387149346225,112.99452054794521,136.986301369863,"reachable"
"balanced",40,0.5,0.41,"retained-rights",16.783195695546183,113.36438356164382,136.986301369863,"reachable"
"balanced",40,0.5,0.41,"growth-only",20.395333112601598,113.36438356164382,136.986301369863,"reachable"
"balanced",40,0.5,0.42,"retained-rights",16.43827693818791,113.73424657534245,136.986301369863,"reachable"
"balanced",40,0.5,0.42,"growth-only",20.152939568837592,113.73424657534245,136.986301369863,"reachable"
"balanced",40,0.5,0.43,"retained-rights",16.10011649103351,114.10410958904109,136.986301369863,"reachable"
"balanced",40,0.5,0.43,"growth-only",19.91645811220262,114.10410958904109,136.986301369863,"reachable"
"balanced",40,0.5,0.44,"retained-rights",15.768503847806393,114.47397260273972,136.986301369863,"reachable"
"balanced",40,0.5,0.44,"growth-only",19.68566793408062,114.47397260273972,136.986301369863,"reachable"
"balanced",40,0.5,0.45,"retained-rights",15.443237608803795,114.84383561643835,136.986301369863,"reachable"
"balanced",40,0.5,0.45,"growth-only",19.460359393030235,114.84383561643835,136.986301369863,"reachable"
"balanced",40,0.5,0.46,"retained-rights",15.124124974776976,115.21369863013697,136.986301369863,"reachable"
"balanced",40,0.5,0.46,"growth-only",19.240333301237133,115.21369863013697,136.986301369863,"reachable"
"balanced",40,0.5,0.47,"retained-rights",14.810981275166245,115.58356164383561,136.986301369863,"reachable"
"balanced",40,0.5,0.47,"growth-only",19.02540026603856,115.58356164383561,136.986301369863,"reachable"
"balanced",40,0.5,0.48,"retained-rights",14.503629527940841,115.95342465753424,136.986301369863,"reachable"
"balanced",40,0.5,0.48,"growth-only",18.81538008154573,115.95342465753424,136.986301369863,"reachable"
"balanced",40,0.5,0.49,"retained-rights",14.201900028546955,116.32328767123288,136.986301369863,"reachable"
"balanced",40,0.5,0.49,"growth-only",18.61010116590338,116.32328767123288,136.986301369863,"reachable"
"balanced",40,0.5,0.5,"retained-rights",13.905629965693711,116.69315068493151,136.986301369863,"reachable"
"balanced",40,0.5,0.5,"growth-only",18.409400040179523,116.69315068493151,136.986301369863,"reachable"
"balanced",40,0.5,0.51,"retained-rights",13.614663061910747,117.06301369863013,136.986301369863,"reachable"
"balanced",40,0.5,0.51,"growth-only",18.213120845281217,117.06301369863013,136.986301369863,"reachable"
"balanced",40,0.5,0.52,"retained-rights",13.328849236993667,117.43287671232876,136.986301369863,"reachable"
"balanced",40,0.5,0.52,"growth-only",18.021114893648573,117.43287671232876,136.986301369863,"reachable"
"balanced",40,0.5,0.53,"retained-rights",13.048044292618277,117.8027397260274,136.986301369863,"reachable"
"balanced",40,0.5,0.53,"growth-only",17.833240252796667,117.8027397260274,136.986301369863,"reachable"
"balanced",40,0.5,0.54,"retained-rights",12.772109616553639,118.17260273972603,136.986301369863,"reachable"
"balanced",40,0.5,0.54,"growth-only",17.649361358057302,118.17260273972603,136.986301369863,"reachable"
"balanced",40,0.5,0.55,"retained-rights",12.500911905036816,118.54246575342466,136.986301369863,"reachable"
"balanced",40,0.5,0.55,"growth-only",17.469348652124374,118.54246575342466,136.986301369863,"reachable"
"balanced",40,0.5,0.56,"retained-rights",12.234322901994599,118.91232876712327,136.986301369863,"reachable"
"balanced",40,0.5,0.56,"growth-only",17.293078249231474,118.91232876712327,136.986301369863,"reachable"
"balanced",40,0.5,0.57,"retained-rights",11.972219153905606,119.2821917808219,136.986301369863,"reachable"
"balanced",40,0.5,0.57,"growth-only",17.120431621991816,119.2821917808219,136.986301369863,"reachable"
"balanced",40,0.5,0.58,"retained-rights",11.714481779196916,119.65205479452055,136.986301369863,"reachable"
"balanced",40,0.5,0.58,"growth-only",16.951295309110236,119.65205479452055,136.986301369863,"reachable"
"balanced",40,0.5,0.59,"retained-rights",11.460996251158395,120.02191780821916,136.986301369863,"reachable"
"balanced",40,0.5,0.59,"growth-only",16.78556064233938,120.02191780821916,136.986301369863,"reachable"
"balanced",40,0.5,0.6,"retained-rights",11.21165219343978,120.39178082191779,136.986301369863,"reachable"
"balanced",40,0.5,0.6,"growth-only",16.623123491197013,120.39178082191779,136.986301369863,"reachable"
"balanced",40,0.5,0.61,"retained-rights",10.966343187270766,120.76164383561643,136.986301369863,"reachable"
"balanced",40,0.5,0.61,"growth-only",16.463884024092312,120.76164383561643,136.986301369863,"reachable"
"balanced",40,0.5,0.62,"retained-rights",10.724966589610663,121.13150684931506,136.986301369863,"reachable"
"balanced",40,0.5,0.62,"growth-only",16.30774648462694,121.13150684931506,136.986301369863,"reachable"
"balanced",40,0.5,0.63,"retained-rights",10.487423361497218,121.5013698630137,136.986301369863,"reachable"
"balanced",40,0.5,0.63,"growth-only",16.15461898194215,121.5013698630137,136.986301369863,"reachable"
"balanced",40,0.5,0.64,"retained-rights",10.253617905919455,121.87123287671233,136.986301369863,"reachable"
"balanced",40,0.5,0.64,"growth-only",16.0044132940804,121.87123287671233,136.986301369863,"reachable"
"balanced",40,0.5,0.65,"retained-rights",10.023457914591226,122.24109589041095,136.986301369863,"reachable"
"balanced",40,0.5,0.65,"growth-only",15.8570446834156,122.24109589041095,136.986301369863,"reachable"
"balanced",40,0.5,0.66,"retained-rights",9.796854223049166,122.61095890410958,136.986301369863,"reachable"
"balanced",40,0.5,0.66,"growth-only",15.712431723285292,122.61095890410958,136.986301369863,"reachable"
"balanced",40,0.5,0.67,"retained-rights",9.573720673541342,122.98082191780821,136.986301369863,"reachable"
"balanced",40,0.5,0.67,"growth-only",15.570496135029032,122.98082191780821,136.986301369863,"reachable"
"balanced",40,0.5,0.68,"retained-rights",9.353973985212537,123.35068493150685,136.986301369863,"reachable"
"balanced",40,0.5,0.68,"growth-only",15.431162634702144,123.35068493150685,136.986301369863,"reachable"
"balanced",40,0.5,0.69,"retained-rights",9.137533631128235,123.72054794520547,136.986301369863,"reachable"
"balanced",40,0.5,0.69,"growth-only",15.294358788792572,123.72054794520547,136.986301369863,"reachable"
"balanced",40,0.5,0.7,"retained-rights",8.924321721711937,124.0904109589041,136.986301369863,"reachable"
"balanced",40,0.5,0.7,"growth-only",15.160014878322038,124.0904109589041,136.986301369863,"reachable"
"balanced",40,0.5,0.71,"retained-rights",8.714262894201807,124.46027397260274,136.986301369863,"reachable"
"balanced",40,0.5,0.71,"growth-only",15.028063770761314,124.46027397260274,136.986301369863,"reachable"
"balanced",40,0.5,0.72,"retained-rights",8.50728420775928,124.83013698630137,136.986301369863,"reachable"
"balanced",40,0.5,0.72,"growth-only",14.89844079923417,124.83013698630137,136.986301369863,"reachable"
"balanced",40,0.5,0.73,"retained-rights",8.303315043889391,125.2,136.986301369863,"reachable"
"balanced",40,0.5,0.73,"growth-only",14.771083648524064,125.2,136.986301369863,"reachable"
"balanced",40,0.5,0.74,"retained-rights",8.102287011855092,125.56986301369861,136.986301369863,"reachable"
"balanced",40,0.5,0.74,"growth-only",14.645932247436155,125.56986301369861,136.986301369863,"reachable"
"balanced",40,0.5,0.75,"retained-rights",7.904133858790097,125.93972602739724,136.986301369863,"reachable"
"balanced",40,0.5,0.75,"growth-only",14.522928667099212,125.93972602739724,136.986301369863,"reachable"
"balanced",40,0.5,0.76,"retained-rights",7.708791384235325,126.30958904109588,136.986301369863,"reachable"
"balanced",40,0.5,0.76,"growth-only",14.402017024824554,126.30958904109588,136.986301369863,"reachable"
"balanced",40,0.5,0.77,"retained-rights",7.516197358841659,126.67945205479452,136.986301369863,"reachable"
"balanced",40,0.5,0.77,"growth-only",14.283143393166364,126.67945205479452,136.986301369863,"reachable"
"balanced",40,0.5,0.78,"retained-rights",7.326291446999789,127.04931506849316,136.986301369863,"reachable"
"balanced",40,0.5,0.78,"growth-only",14.166255713854436,127.04931506849316,136.986301369863,"reachable"
"balanced",40,0.5,0.79,"retained-rights",7.139015133173099,127.41917808219176,136.986301369863,"reachable"
"balanced",40,0.5,0.79,"growth-only",14.051303716293507,127.41917808219176,136.986301369863,"reachable"
"balanced",40,0.5,0.8,"retained-rights",6.954311651724798,127.7890410958904,136.986301369863,"reachable"
"balanced",40,0.5,0.8,"growth-only",13.938238840346283,127.7890410958904,136.986301369863,"reachable"
"balanced",40,0.5,0.81,"retained-rights",6.772125920043615,128.15890410958903,136.986301369863,"reachable"
"balanced",40,0.5,0.81,"growth-only",13.827014163136408,128.15890410958903,136.986301369863,"reachable"
"balanced",40,0.5,0.82,"retained-rights",6.592404474785174,128.52876712328768,136.986301369863,"reachable"
"balanced",40,0.5,0.82,"growth-only",13.717584329626398,128.52876712328768,136.986301369863,"reachable"
"balanced",40,0.5,0.83,"retained-rights",6.415095411057936,128.8986301369863,136.986301369863,"reachable"
"balanced",40,0.5,0.83,"growth-only",13.609905486743322,128.8986301369863,136.986301369863,"reachable"
"balanced",40,0.5,0.84,"retained-rights",6.240148324393213,129.26849315068492,136.986301369863,"reachable"
"balanced",40,0.5,0.84,"growth-only",13.50393522083959,129.26849315068492,136.986301369863,"reachable"
"balanced",40,0.5,0.85,"retained-rights",6.067514255348971,129.63835616438354,136.986301369863,"reachable"
"balanced",40,0.5,0.85,"growth-only",13.39963249829177,129.63835616438354,136.986301369863,"reachable"
"balanced",40,0.5,0.86,"retained-rights",5.897145636606371,130.0082191780822,136.986301369863,"reachable"
"balanced",40,0.5,0.86,"growth-only",13.296957609052962,130.0082191780822,136.986301369863,"reachable"
"balanced",40,0.5,0.87,"retained-rights",5.728996242426843,130.37808219178083,136.986301369863,"reachable"
"balanced",40,0.5,0.87,"growth-only",13.195872112987118,130.37808219178083,136.986301369863,"reachable"
"balanced",40,0.5,0.88,"retained-rights",5.563021140345459,130.74794520547945,136.986301369863,"reachable"
"balanced",40,0.5,0.88,"growth-only",13.09633878882488,130.74794520547945,136.986301369863,"reachable"
"balanced",40,0.5,0.89,"retained-rights",5.3991766449837275,131.11780821917807,136.986301369863,"reachable"
"balanced",40,0.5,0.89,"growth-only",12.998321585591155,131.11780821917807,136.986301369863,"reachable"
"balanced",40,0.5,0.9,"retained-rights",5.237420273872462,131.4876712328767,136.986301369863,"reachable"
"balanced",40,0.5,0.9,"growth-only",12.901785576364544,131.4876712328767,136.986301369863,"reachable"
"balanced",40,0.5,0.91,"retained-rights",5.077710705181215,131.85753424657534,136.986301369863,"reachable"
"balanced",40,0.5,0.91,"growth-only",12.806696914237548,131.85753424657534,136.986301369863,"reachable"
"balanced",40,0.5,0.92,"retained-rights",4.920007737257626,132.22739726027396,136.986301369863,"reachable"
"balanced",40,0.5,0.92,"growth-only",12.713022790355065,132.22739726027396,136.986301369863,"reachable"
"balanced",40,0.5,0.93,"retained-rights",4.764272249884849,132.5972602739726,136.986301369863,"reachable"
"balanced",40,0.5,0.93,"growth-only",12.620731393916707,132.5972602739726,136.986301369863,"reachable"
"balanced",40,0.5,0.94,"retained-rights",4.610466167171334,132.96712328767123,136.986301369863,"reachable"
"balanced",40,0.5,0.94,"growth-only",12.529791874035157,132.96712328767123,136.986301369863,"reachable"
"balanced",40,0.5,0.95,"retained-rights",4.458552421991979,133.33698630136985,136.986301369863,"reachable"
"balanced",40,0.5,0.95,"growth-only",12.440174303350005,133.33698630136985,136.986301369863,"reachable"
"balanced",40,0.5,0.96,"retained-rights",4.308494921903616,133.7068493150685,136.986301369863,"reachable"
"balanced",40,0.5,0.96,"growth-only",12.351849643302582,133.7068493150685,136.986301369863,"reachable"
"balanced",40,0.5,0.97,"retained-rights",4.160258516463422,134.0767123287671,136.986301369863,"reachable"
"balanced",40,0.5,0.97,"growth-only",12.264789710983148,134.0767123287671,136.986301369863,"reachable"
"balanced",40,0.5,0.98,"retained-rights",4.013808965881771,134.44657534246576,136.986301369863,"reachable"
"balanced",40,0.5,0.98,"growth-only",12.178967147467002,134.44657534246576,136.986301369863,"reachable"
"balanced",40,0.5,0.99,"retained-rights",3.8691129109452715,134.81643835616438,136.986301369863,"reachable"
"balanced",40,0.5,0.99,"growth-only",12.094355387561674,134.81643835616438,136.986301369863,"reachable"
"balanced",40,0.5,1,"retained-rights",3.7261378441495685,135.186301369863,136.986301369863,"reachable"
"balanced",40,0.5,1,"growth-only",12.010928630891282,135.186301369863,136.986301369863,"reachable"
"balanced",40,1,0,"retained-rights","",98.2,136.986301369863,"not-reachable"
"balanced",40,1,0,"growth-only","",98.2,136.986301369863,"not-reachable"
"balanced",40,1,0.01,"retained-rights","",98.56986301369864,136.986301369863,"not-reachable"
"balanced",40,1,0.01,"growth-only","",98.56986301369864,136.986301369863,"not-reachable"
"balanced",40,1,0.02,"retained-rights","",98.93972602739727,136.986301369863,"not-reachable"
"balanced",40,1,0.02,"growth-only","",98.93972602739727,136.986301369863,"not-reachable"
"balanced",40,1,0.03,"retained-rights","",99.30958904109588,136.986301369863,"not-reachable"
"balanced",40,1,0.03,"growth-only","",99.30958904109588,136.986301369863,"not-reachable"
"balanced",40,1,0.04,"retained-rights","",99.67945205479451,136.986301369863,"not-reachable"
"balanced",40,1,0.04,"growth-only","",99.67945205479451,136.986301369863,"not-reachable"
"balanced",40,1,0.05,"retained-rights",36.92115541644307,100.04931506849314,136.986301369863,"reachable"
"balanced",40,1,0.05,"growth-only",36.92415079850031,100.04931506849314,136.986301369863,"reachable"
"balanced",40,1,0.06,"retained-rights",36.4364406173316,100.41917808219179,136.986301369863,"reachable"
"balanced",40,1,0.06,"growth-only",36.46621136937633,100.41917808219179,136.986301369863,"reachable"
"balanced",40,1,0.07,"retained-rights",35.95844664314682,100.78904109589043,136.986301369863,"reachable"
"balanced",40,1,0.07,"growth-only",36.022183550556576,100.78904109589043,136.986301369863,"reachable"
"balanced",40,1,0.08,"retained-rights",35.48700163057816,101.15890410958903,136.986301369863,"reachable"
"balanced",40,1,0.08,"growth-only",35.591351265374385,101.15890410958903,136.986301369863,"reachable"
"balanced",40,1,0.09,"retained-rights",35.02194018219351,101.52876712328766,136.986301369863,"reachable"
"balanced",40,1,0.09,"growth-only",35.1730510342811,101.52876712328766,136.986301369863,"reachable"
"balanced",40,1,0.1,"retained-rights",34.56310304520858,101.8986301369863,136.986301369863,"reachable"
"balanced",40,1,0.1,"growth-only",34.76666696599639,101.8986301369863,136.986301369863,"reachable"
"balanced",40,1,0.11,"retained-rights",34.11033681004716,102.26849315068493,136.986301369863,"reachable"
"balanced",40,1,0.11,"growth-only",34.37162633168222,102.26849315068493,136.986301369863,"reachable"
"balanced",40,1,0.12,"retained-rights",33.6634936272413,102.63835616438355,136.986301369863,"reachable"
"balanced",40,1,0.12,"growth-only",33.98739564237412,102.63835616438355,136.986301369863,"reachable"
"balanced",40,1,0.13,"retained-rights",33.22243094134234,103.00821917808219,136.986301369863,"reachable"
"balanced",40,1,0.13,"growth-only",33.61347716238126,103.00821917808219,136.986301369863,"reachable"
"balanced",40,1,0.14,"retained-rights",32.787011240626065,103.37808219178082,136.986301369863,"reachable"
"balanced",40,1,0.14,"growth-only",33.24940580165943,103.37808219178082,136.986301369863,"reachable"
"balanced",40,1,0.15,"retained-rights",32.35710182147547,103.74794520547945,136.986301369863,"reachable"
"balanced",40,1,0.15,"growth-only",32.89474633868752,103.74794520547945,136.986301369863,"reachable"
"balanced",40,1,0.16,"retained-rights",31.932574566416207,104.11780821917809,136.986301369863,"reachable"
"balanced",40,1,0.16,"growth-only",32.54909093247556,104.11780821917809,136.986301369863,"reachable"
"balanced",40,1,0.17,"retained-rights",31.513305734862595,104.48767123287669,136.986301369863,"reachable"
"balanced",40,1,0.17,"growth-only",32.21205688826241,104.48767123287669,136.986301369863,"reachable"
"balanced",40,1,0.18,"retained-rights",31.09917576570693,104.85753424657534,136.986301369863,"reachable"
"balanced",40,1,0.18,"growth-only",31.88328464643899,104.85753424657534,136.986301369863,"reachable"
"balanced",40,1,0.19,"retained-rights",30.690069090954353,105.22739726027397,136.986301369863,"reachable"
"balanced",40,1,0.19,"growth-only",31.562435968424253,105.22739726027397,136.986301369863,"reachable"
"balanced",40,1,0.2,"retained-rights",30.285873959666155,105.59726027397261,136.986301369863,"reachable"
"balanced",40,1,0.2,"growth-only",31.249192296766616,105.59726027397261,136.986301369863,"reachable"
"balanced",40,1,0.21,"retained-rights",29.886482271533342,105.96712328767124,136.986301369863,"reachable"
"balanced",40,1,0.21,"growth-only",30.94325326974974,105.96712328767124,136.986301369863,"reachable"
"balanced",40,1,0.22,"retained-rights",29.49178941945185,106.33698630136985,136.986301369863,"reachable"
"balanced",40,1,0.22,"growth-only",30.644335373342592,106.33698630136985,136.986301369863,"reachable"
"balanced",40,1,0.23,"retained-rights",29.101694140520085,106.70684931506848,136.986301369863,"reachable"
"balanced",40,1,0.23,"growth-only",30.352170715519676,106.70684931506848,136.986301369863,"reachable"
"balanced",40,1,0.24,"retained-rights",28.71609837492164,107.07671232876712,136.986301369863,"reachable"
"balanced",40,1,0.24,"growth-only",30.06650590985118,107.07671232876712,136.986301369863,"reachable"
"balanced",40,1,0.25,"retained-rights",28.334907132195752,107.44657534246575,136.986301369863,"reachable"
"balanced",40,1,0.25,"growth-only",29.787101056871833,107.44657534246575,136.986301369863,"reachable"
"balanced",40,1,0.26,"retained-rights",27.958028364435194,107.81643835616438,136.986301369863,"reachable"
"balanced",40,1,0.26,"growth-only",29.513728813125617,107.81643835616438,136.986301369863,"reachable"
"balanced",40,1,0.27,"retained-rights",27.585372845983326,108.186301369863,136.986301369863,"reachable"
"balanced",40,1,0.27,"growth-only",29.246173538980823,108.186301369863,136.986301369863,"reachable"
"balanced",40,1,0.28,"retained-rights",27.216854059233864,108.55616438356164,136.986301369863,"reachable"
"balanced",40,1,0.28,"growth-only",28.98423051735033,108.55616438356164,136.986301369863,"reachable"
"balanced",40,1,0.29,"retained-rights",26.85238808616408,108.92602739726027,136.986301369863,"reachable"
"balanced",40,1,0.29,"growth-only",28.727705236352662,108.92602739726027,136.986301369863,"reachable"
"balanced",40,1,0.3,"retained-rights",26.491893505258535,109.2958904109589,136.986301369863,"reachable"
"balanced",40,1,0.3,"growth-only",28.476412729736623,109.2958904109589,136.986301369863,"reachable"
"balanced",40,1,0.31,"retained-rights",26.135291293504046,109.66575342465752,136.986301369863,"reachable"
"balanced",40,1,0.31,"growth-only",28.230176969577258,109.66575342465752,136.986301369863,"reachable"
"balanced",40,1,0.32,"retained-rights",25.78250473315833,110.03561643835616,136.986301369863,"reachable"
"balanced",40,1,0.32,"growth-only",27.988830306351353,110.03561643835616,136.986301369863,"reachable"
"balanced",40,1,0.33,"retained-rights",25.433459323015462,110.40547945205479,136.986301369863,"reachable"
"balanced",40,1,0.33,"growth-only",27.752212952027165,110.40547945205479,136.986301369863,"reachable"
"balanced",40,1,0.34,"retained-rights",25.088082693909364,110.77534246575343,136.986301369863,"reachable"
"balanced",40,1,0.34,"growth-only",27.52017250226526,110.77534246575343,136.986301369863,"reachable"
"balanced",40,1,0.35,"retained-rights",24.746304528214136,111.14520547945206,136.986301369863,"reachable"
"balanced",40,1,0.35,"growth-only",27.292563494234546,111.14520547945206,136.986301369863,"reachable"
"balanced",40,1,0.36,"retained-rights",24.408056483115793,111.51506849315066,136.986301369863,"reachable"
"balanced",40,1,0.36,"growth-only",27.069246996907403,111.51506849315066,136.986301369863,"reachable"
"balanced",40,1,0.37,"retained-rights",24.073272117444922,111.88493150684931,136.986301369863,"reachable"
"balanced",40,1,0.37,"growth-only",26.85009023101468,111.88493150684931,136.986301369863,"reachable"
"balanced",40,1,0.38,"retained-rights",23.741886821873127,112.25479452054795,136.986301369863,"reachable"
"balanced",40,1,0.38,"growth-only",26.634966216123978,112.25479452054795,136.986301369863,"reachable"
"balanced",40,1,0.39,"retained-rights",23.413837752288646,112.62465753424658,136.986301369863,"reachable"
"balanced",40,1,0.39,"growth-only",26.42375344255288,112.62465753424658,136.986301369863,"reachable"
"balanced",40,1,0.4,"retained-rights",23.08906376617923,112.99452054794521,136.986301369863,"reachable"
"balanced",40,1,0.4,"growth-only",26.21633556605223,112.99452054794521,136.986301369863,"reachable"
"balanced",40,1,0.41,"retained-rights",22.7675053618595,113.36438356164382,136.986301369863,"reachable"
"balanced",40,1,0.41,"growth-only",26.01260112339112,113.36438356164382,136.986301369863,"reachable"
"balanced",40,1,0.42,"retained-rights",22.449104620391893,113.73424657534245,136.986301369863,"reachable"
"balanced",40,1,0.42,"growth-only",25.812443267152574,113.73424657534245,136.986301369863,"reachable"
"balanced",40,1,0.43,"retained-rights",22.13380515005847,114.10410958904109,136.986301369863,"reachable"
"balanced",40,1,0.43,"growth-only",25.615759518205607,114.10410958904109,136.986301369863,"reachable"
"balanced",40,1,0.44,"retained-rights",21.821552033250157,114.47397260273972,136.986301369863,"reachable"
"balanced",40,1,0.44,"growth-only",25.422451534460876,114.47397260273972,136.986301369863,"reachable"
"balanced",40,1,0.45,"retained-rights",21.512291775647796,114.84383561643835,136.986301369863,"reachable"
"balanced",40,1,0.45,"growth-only",25.232424894643657,114.84383561643835,136.986301369863,"reachable"
"balanced",40,1,0.46,"retained-rights",21.2059722575771,115.21369863013697,136.986301369863,"reachable"
"balanced",40,1,0.46,"growth-only",25.045588895930383,115.21369863013697,136.986301369863,"reachable"
"balanced",40,1,0.47,"retained-rights",20.902542687426795,115.58356164383561,136.986301369863,"reachable"
"balanced",40,1,0.47,"growth-only",24.861856364398527,115.58356164383561,136.986301369863,"reachable"
"balanced",40,1,0.48,"retained-rights",20.601953557025432,115.95342465753424,136.986301369863,"reachable"
"balanced",40,1,0.48,"growth-only",24.68114347732948,115.95342465753424,136.986301369863,"reachable"
"balanced",40,1,0.49,"retained-rights",20.304156598878542,116.32328767123288,136.986301369863,"reachable"
"balanced",40,1,0.49,"growth-only",24.503369596488668,116.32328767123288,136.986301369863,"reachable"
"balanced",40,1,0.5,"retained-rights",20.009104745174035,116.69315068493151,136.986301369863,"reachable"
"balanced",40,1,0.5,"growth-only",24.328457111580338,116.69315068493151,136.986301369863,"reachable"
"balanced",40,1,0.51,"retained-rights",19.71675208846817,117.06301369863013,136.986301369863,"reachable"
"balanced",40,1,0.51,"growth-only",24.156331293142898,117.06301369863013,136.986301369863,"reachable"
"balanced",40,1,0.52,"retained-rights",19.42705384397032,117.43287671232876,136.986301369863,"reachable"
"balanced",40,1,0.52,"growth-only",23.986920154211244,117.43287671232876,136.986301369863,"reachable"
"balanced",40,1,0.53,"retained-rights",19.13996631334878,117.8027397260274,136.986301369863,"reachable"
"balanced",40,1,0.53,"growth-only",23.820154320128406,117.8027397260274,136.986301369863,"reachable"
"balanced",40,1,0.54,"retained-rights",18.855446849984503,118.17260273972603,136.986301369863,"reachable"
"balanced",40,1,0.54,"growth-only",23.655966905937966,118.17260273972603,136.986301369863,"reachable"
"balanced",40,1,0.55,"retained-rights",18.57345382560367,118.54246575342466,136.986301369863,"reachable"
"balanced",40,1,0.55,"growth-only",23.494293400835797,118.54246575342466,136.986301369863,"reachable"
"balanced",40,1,0.56,"retained-rights",18.293946598223943,118.91232876712327,136.986301369863,"reachable"
"balanced",40,1,0.56,"growth-only",23.335071559199893,118.91232876712327,136.986301369863,"reachable"
"balanced",40,1,0.57,"retained-rights",18.016885481352496,119.2821917808219,136.986301369863,"reachable"
"balanced",40,1,0.57,"growth-only",23.1782412977553,119.2821917808219,136.986301369863,"reachable"
"balanced",40,1,0.58,"retained-rights",17.742231714377766,119.65205479452055,136.986301369863,"reachable"
"balanced",40,1,0.58,"growth-only",23.023744598465456,119.65205479452055,136.986301369863,"reachable"
"balanced",40,1,0.59,"retained-rights",17.469947434099552,120.02191780821916,136.986301369863,"reachable"
"balanced",40,1,0.59,"growth-only",22.871525416772954,120.02191780821916,136.986301369863,"reachable"
"balanced",40,1,0.6,"retained-rights",17.199995647345357,120.39178082191779,136.986301369863,"reachable"
"balanced",40,1,0.6,"growth-only",22.72152959484075,120.39178082191779,136.986301369863,"reachable"
"balanced",40,1,0.61,"retained-rights",16.93234020462353,120.76164383561643,136.986301369863,"reachable"
"balanced",40,1,0.61,"growth-only",22.57370477947147,120.76164383561643,136.986301369863,"reachable"
"balanced",40,1,0.62,"retained-rights",16.666945774766372,121.13150684931506,136.986301369863,"reachable"
"balanced",40,1,0.62,"growth-only",22.428000344406552,121.13150684931506,136.986301369863,"reachable"
"balanced",40,1,0.63,"retained-rights",16.40377782051885,121.5013698630137,136.986301369863,"reachable"
"balanced",40,1,0.63,"growth-only",22.284367316728382,121.5013698630137,136.986301369863,"reachable"
"balanced",40,1,0.64,"retained-rights",16.14280257503069,121.87123287671233,136.986301369863,"reachable"
"balanced",40,1,0.64,"growth-only",22.142758307109368,121.87123287671233,136.986301369863,"reachable"
"balanced",40,1,0.65,"retained-rights",15.883987019212453,122.24109589041095,136.986301369863,"reachable"
"balanced",40,1,0.65,"growth-only",22.00312744366977,122.24109589041095,136.986301369863,"reachable"
"balanced",40,1,0.66,"retained-rights",15.62729885991705,122.61095890410958,136.986301369863,"reachable"
"balanced",40,1,0.66,"growth-only",21.865430309223477,122.61095890410958,136.986301369863,"reachable"
"balanced",40,1,0.67,"retained-rights",15.372706508911316,122.98082191780821,136.986301369863,"reachable"
"balanced",40,1,0.67,"growth-only",21.729623881706406,122.98082191780821,136.986301369863,"reachable"
"balanced",40,1,0.68,"retained-rights",15.120179062603366,123.35068493150685,136.986301369863,"reachable"
"balanced",40,1,0.68,"growth-only",21.59566647759632,123.35068493150685,136.986301369863,"reachable"
"balanced",40,1,0.69,"retained-rights",14.869686282493188,123.72054794520547,136.986301369863,"reachable"
"balanced",40,1,0.69,"growth-only",21.46351769814665,123.72054794520547,136.986301369863,"reachable"
"balanced",40,1,0.7,"retained-rights",14.621198576315898,124.0904109589041,136.986301369863,"reachable"
"balanced",40,1,0.7,"growth-only",21.333138378268313,124.0904109589041,136.986301369863,"reachable"
"balanced",40,1,0.71,"retained-rights",14.374686979848272,124.46027397260274,136.986301369863,"reachable"
"balanced",40,1,0.71,"growth-only",21.204490537905517,124.46027397260274,136.986301369863,"reachable"
"balanced",40,1,0.72,"retained-rights",14.130123139350781,124.83013698630137,136.986301369863,"reachable"
"balanced",40,1,0.72,"growth-only",21.077537335761363,124.83013698630137,136.986301369863,"reachable"
"balanced",40,1,0.73,"retained-rights",13.887479294618576,125.2,136.986301369863,"reachable"
"balanced",40,1,0.73,"growth-only",20.952243025238882,125.2,136.986301369863,"reachable"
"balanced",40,1,0.74,"retained-rights",13.646728262616259,125.56986301369861,136.986301369863,"reachable"
"balanced",40,1,0.74,"growth-only",20.82857291247202,125.56986301369861,136.986301369863,"reachable"
"balanced",40,1,0.75,"retained-rights",13.407843421672494,125.93972602739724,136.986301369863,"reachable"
"balanced",40,1,0.75,"growth-only",20.706493316329457,125.93972602739724,136.986301369863,"reachable"
"balanced",40,1,0.76,"retained-rights",13.170798696211627,126.30958904109588,136.986301369863,"reachable"
"balanced",40,1,0.76,"growth-only",20.585971530280943,126.30958904109588,136.986301369863,"reachable"
"balanced",40,1,0.77,"retained-rights",12.935568542000354,126.67945205479452,136.986301369863,"reachable"
"balanced",40,1,0.77,"growth-only",20.4669757860241,126.67945205479452,136.986301369863,"reachable"
"balanced",40,1,0.78,"retained-rights",12.702127931888963,127.04931506849316,136.986301369863,"reachable"
"balanced",40,1,0.78,"growth-only",20.349475218775304,127.04931506849316,136.986301369863,"reachable"
"balanced",40,1,0.79,"retained-rights",12.47045234202735,127.41917808219176,136.986301369863,"reachable"
"balanced",40,1,0.79,"growth-only",20.233439834134327,127.41917808219176,136.986301369863,"reachable"
"balanced",40,1,0.8,"retained-rights",12.24051773853665,127.7890410958904,136.986301369863,"reachable"
"balanced",40,1,0.8,"growth-only",20.118840476438592,127.7890410958904,136.986301369863,"reachable"
"balanced",40,1,0.81,"retained-rights",12.012300564618904,128.15890410958903,136.986301369863,"reachable"
"balanced",40,1,0.81,"growth-only",20.005648798527776,128.15890410958903,136.986301369863,"reachable"
"balanced",40,1,0.82,"retained-rights",11.785777728087353,128.52876712328768,136.986301369863,"reachable"
"balanced",40,1,0.82,"growth-only",19.893837232843993,128.52876712328768,136.986301369863,"reachable"
"balanced",40,1,0.83,"retained-rights",11.560926589301035,128.8986301369863,136.986301369863,"reachable"
"balanced",40,1,0.83,"growth-only",19.783378963798313,128.8986301369863,136.986301369863,"reachable"
"balanced",40,1,0.84,"retained-rights",11.337724949488127,129.26849315068492,136.986301369863,"reachable"
"balanced",40,1,0.84,"growth-only",19.674247901337495,129.26849315068492,136.986301369863,"reachable"
"balanced",40,1,0.85,"retained-rights",11.116151039442968,129.63835616438354,136.986301369863,"reachable"
"balanced",40,1,0.85,"growth-only",19.566418655649365,129.63835616438354,136.986301369863,"reachable"
"balanced",40,1,0.86,"retained-rights",10.896183508582457,130.0082191780822,136.986301369863,"reachable"
"balanced",40,1,0.86,"growth-only",19.459866512948977,130.0082191780822,136.986301369863,"reachable"
"balanced",40,1,0.87,"retained-rights",10.677801414348597,130.37808219178083,136.986301369863,"reachable"
"balanced",40,1,0.87,"growth-only",19.354567412290645,130.37808219178083,136.986301369863,"reachable"
"balanced",40,1,0.88,"retained-rights",10.46098421194337,130.74794520547945,136.986301369863,"reachable"
"balanced",40,1,0.88,"growth-only",19.250497923354427,130.74794520547945,136.986301369863,"reachable"
"balanced",40,1,0.89,"retained-rights",10.245711744384355,131.11780821917807,136.986301369863,"reachable"
"balanced",40,1,0.89,"growth-only",19.147635225158943,131.11780821917807,136.986301369863,"reachable"
"balanced",40,1,0.9,"retained-rights",10.031964232868473,131.4876712328767,136.986301369863,"reachable"
"balanced",40,1,0.9,"growth-only",19.04595708565435,131.4876712328767,136.986301369863,"reachable"
"balanced",40,1,0.91,"retained-rights",9.819722267432862,131.85753424657534,136.986301369863,"reachable"
"balanced",40,1,0.91,"growth-only",18.945441842152675,131.85753424657534,136.986301369863,"reachable"
"balanced",40,1,0.92,"retained-rights",9.608966797901775,132.22739726027396,136.986301369863,"reachable"
"balanced",40,1,0.92,"growth-only",18.846068382554783,132.22739726027396,136.986301369863,"reachable"
"balanced",40,1,0.93,"retained-rights",9.399679125109039,132.5972602739726,136.986301369863,"reachable"
"balanced",40,1,0.93,"growth-only",18.747816127335625,132.5972602739726,136.986301369863,"reachable"
"balanced",40,1,0.94,"retained-rights",9.19184089238627,132.96712328767123,136.986301369863,"reachable"
"balanced",40,1,0.94,"growth-only",18.650665012251476,132.96712328767123,136.986301369863,"reachable"
"balanced",40,1,0.95,"retained-rights",8.98543407730683,133.33698630136985,136.986301369863,"reachable"
"balanced",40,1,0.95,"growth-only",18.55459547173495,133.33698630136985,136.986301369863,"reachable"
"balanced",40,1,0.96,"retained-rights",8.780440983676986,133.7068493150685,136.986301369863,"reachable"
"balanced",40,1,0.96,"growth-only",18.459588422945394,133.7068493150685,136.986301369863,"reachable"
"balanced",40,1,0.97,"retained-rights",8.576844233764703,134.0767123287671,136.986301369863,"reachable"
"balanced",40,1,0.97,"growth-only",18.36562525044414,134.0767123287671,136.986301369863,"reachable"
"balanced",40,1,0.98,"retained-rights",8.374626760758396,134.44657534246576,136.986301369863,"reachable"
"balanced",40,1,0.98,"growth-only",18.272687791465493,134.44657534246576,136.986301369863,"reachable"
"balanced",40,1,0.99,"retained-rights",8.173771801446804,134.81643835616438,136.986301369863,"reachable"
"balanced",40,1,0.99,"growth-only",18.18075832175623,134.81643835616438,136.986301369863,"reachable"
"balanced",40,1,1,"retained-rights",7.974262889112915,135.186301369863,136.986301369863,"reachable"
"balanced",40,1,1,"growth-only",18.089819541957365,135.186301369863,136.986301369863,"reachable"
"hands-on-heavy",20,0,0,"retained-rights","",98.2,120,"not-reachable"
"hands-on-heavy",20,0,0,"growth-only","",98.2,120,"not-reachable"
"hands-on-heavy",20,0,0.01,"retained-rights","",98.4,120,"not-reachable"
"hands-on-heavy",20,0,0.01,"growth-only","",98.4,120,"not-reachable"
"hands-on-heavy",20,0,0.02,"retained-rights","",98.6,120,"not-reachable"
"hands-on-heavy",20,0,0.02,"growth-only","",98.6,120,"not-reachable"
"hands-on-heavy",20,0,0.03,"retained-rights","",98.8,120,"not-reachable"
"hands-on-heavy",20,0,0.03,"growth-only","",98.8,120,"not-reachable"
"hands-on-heavy",20,0,0.04,"retained-rights","",99,120,"not-reachable"
"hands-on-heavy",20,0,0.04,"growth-only","",99,120,"not-reachable"
"hands-on-heavy",20,0,0.05,"retained-rights","",99.2,120,"not-reachable"
"hands-on-heavy",20,0,0.05,"growth-only","",99.2,120,"not-reachable"
"hands-on-heavy",20,0,0.06,"retained-rights","",99.4,120,"not-reachable"
"hands-on-heavy",20,0,0.06,"growth-only","",99.4,120,"not-reachable"
"hands-on-heavy",20,0,0.07,"retained-rights","",99.6,120,"not-reachable"
"hands-on-heavy",20,0,0.07,"growth-only","",99.6,120,"not-reachable"
"hands-on-heavy",20,0,0.08,"retained-rights","",99.8,120,"not-reachable"
"hands-on-heavy",20,0,0.08,"growth-only","",99.8,120,"not-reachable"
"hands-on-heavy",20,0,0.09,"retained-rights",19.999999999999908,100,120,"reachable"
"hands-on-heavy",20,0,0.09,"growth-only",19.999999999999908,100,120,"reachable"
"hands-on-heavy",20,0,0.1,"retained-rights",17.99999999999993,100.2,120,"reachable"
"hands-on-heavy",20,0,0.1,"growth-only",17.99999999999993,100.2,120,"reachable"
"hands-on-heavy",20,0,0.11,"retained-rights",16.363636363636292,100.4,120,"reachable"
"hands-on-heavy",20,0,0.11,"growth-only",16.363636363636292,100.4,120,"reachable"
"hands-on-heavy",20,0,0.12,"retained-rights",14.999999999999925,100.6,120,"reachable"
"hands-on-heavy",20,0,0.12,"growth-only",14.999999999999925,100.6,120,"reachable"
"hands-on-heavy",20,0,0.13,"retained-rights",13.846153846153776,100.8,120,"reachable"
"hands-on-heavy",20,0,0.13,"growth-only",13.846153846153776,100.8,120,"reachable"
"hands-on-heavy",20,0,0.14,"retained-rights",12.857142857142811,101,120,"reachable"
"hands-on-heavy",20,0,0.14,"growth-only",12.857142857142811,101,120,"reachable"
"hands-on-heavy",20,0,0.15,"retained-rights",11.999999999999943,101.2,120,"reachable"
"hands-on-heavy",20,0,0.15,"growth-only",11.999999999999943,101.2,120,"reachable"
"hands-on-heavy",20,0,0.16,"retained-rights",11.249999999999961,101.4,120,"reachable"
"hands-on-heavy",20,0,0.16,"growth-only",11.249999999999961,101.4,120,"reachable"
"hands-on-heavy",20,0,0.17,"retained-rights",10.58823529411761,101.6,120,"reachable"
"hands-on-heavy",20,0,0.17,"growth-only",10.58823529411761,101.6,120,"reachable"
"hands-on-heavy",20,0,0.18,"retained-rights",9.999999999999964,101.8,120,"reachable"
"hands-on-heavy",20,0,0.18,"growth-only",9.999999999999964,101.8,120,"reachable"
"hands-on-heavy",20,0,0.19,"retained-rights",9.47368421052628,102,120,"reachable"
"hands-on-heavy",20,0,0.19,"growth-only",9.47368421052628,102,120,"reachable"
"hands-on-heavy",20,0,0.2,"retained-rights",8.999999999999964,102.2,120,"reachable"
"hands-on-heavy",20,0,0.2,"growth-only",8.999999999999964,102.2,120,"reachable"
"hands-on-heavy",20,0,0.21,"retained-rights",8.571428571428541,102.4,120,"reachable"
"hands-on-heavy",20,0,0.21,"growth-only",8.571428571428541,102.4,120,"reachable"
"hands-on-heavy",20,0,0.22,"retained-rights",8.181818181818157,102.60000000000001,120,"reachable"
"hands-on-heavy",20,0,0.22,"growth-only",8.181818181818157,102.60000000000001,120,"reachable"
"hands-on-heavy",20,0,0.23,"retained-rights",7.826086956521716,102.8,120,"reachable"
"hands-on-heavy",20,0,0.23,"growth-only",7.826086956521716,102.8,120,"reachable"
"hands-on-heavy",20,0,0.24,"retained-rights",7.499999999999973,103,120,"reachable"
"hands-on-heavy",20,0,0.24,"growth-only",7.499999999999973,103,120,"reachable"
"hands-on-heavy",20,0,0.25,"retained-rights",7.199999999999984,103.2,120,"reachable"
"hands-on-heavy",20,0,0.25,"growth-only",7.199999999999984,103.2,120,"reachable"
"hands-on-heavy",20,0,0.26,"retained-rights",6.9230769230768985,103.4,120,"reachable"
"hands-on-heavy",20,0,0.26,"growth-only",6.9230769230768985,103.4,120,"reachable"
"hands-on-heavy",20,0,0.27,"retained-rights",6.666666666666643,103.60000000000001,120,"reachable"
"hands-on-heavy",20,0,0.27,"growth-only",6.666666666666643,103.60000000000001,120,"reachable"
"hands-on-heavy",20,0,0.28,"retained-rights",6.428571428571406,103.8,120,"reachable"
"hands-on-heavy",20,0,0.28,"growth-only",6.428571428571406,103.8,120,"reachable"
"hands-on-heavy",20,0,0.29,"retained-rights",6.206896551724128,104,120,"reachable"
"hands-on-heavy",20,0,0.29,"growth-only",6.206896551724128,104,120,"reachable"
"hands-on-heavy",20,0,0.3,"retained-rights",5.999999999999983,104.2,120,"reachable"
"hands-on-heavy",20,0,0.3,"growth-only",5.999999999999983,104.2,120,"reachable"
"hands-on-heavy",20,0,0.31,"retained-rights",5.806451612903207,104.4,120,"reachable"
"hands-on-heavy",20,0,0.31,"growth-only",5.806451612903207,104.4,120,"reachable"
"hands-on-heavy",20,0,0.32,"retained-rights",5.624999999999991,104.60000000000001,120,"reachable"
"hands-on-heavy",20,0,0.32,"growth-only",5.624999999999991,104.60000000000001,120,"reachable"
"hands-on-heavy",20,0,0.33,"retained-rights",5.454545454545445,104.80000000000001,120,"reachable"
"hands-on-heavy",20,0,0.33,"growth-only",5.454545454545445,104.80000000000001,120,"reachable"
"hands-on-heavy",20,0,0.34,"retained-rights",5.294117647058805,105,120,"reachable"
"hands-on-heavy",20,0,0.34,"growth-only",5.294117647058805,105,120,"reachable"
"hands-on-heavy",20,0,0.35,"retained-rights",5.142857142857138,105.2,120,"reachable"
"hands-on-heavy",20,0,0.35,"growth-only",5.142857142857138,105.2,120,"reachable"
"hands-on-heavy",20,0,0.36,"retained-rights",4.999999999999982,105.4,120,"reachable"
"hands-on-heavy",20,0,0.36,"growth-only",4.999999999999982,105.4,120,"reachable"
"hands-on-heavy",20,0,0.37,"retained-rights",4.86486486486486,105.60000000000001,120,"reachable"
"hands-on-heavy",20,0,0.37,"growth-only",4.86486486486486,105.60000000000001,120,"reachable"
"hands-on-heavy",20,0,0.38,"retained-rights",4.73684210526315,105.80000000000001,120,"reachable"
"hands-on-heavy",20,0,0.38,"growth-only",4.73684210526315,105.80000000000001,120,"reachable"
"hands-on-heavy",20,0,0.39,"retained-rights",4.615384615384599,106,120,"reachable"
"hands-on-heavy",20,0,0.39,"growth-only",4.615384615384599,106,120,"reachable"
"hands-on-heavy",20,0,0.4,"retained-rights",4.499999999999993,106.2,120,"reachable"
"hands-on-heavy",20,0,0.4,"growth-only",4.499999999999993,106.2,120,"reachable"
"hands-on-heavy",20,0,0.41,"retained-rights",4.390243902439006,106.4,120,"reachable"
"hands-on-heavy",20,0,0.41,"growth-only",4.390243902439006,106.4,120,"reachable"
"hands-on-heavy",20,0,0.42,"retained-rights",4.2857142857142705,106.60000000000001,120,"reachable"
"hands-on-heavy",20,0,0.42,"growth-only",4.2857142857142705,106.60000000000001,120,"reachable"
"hands-on-heavy",20,0,0.43,"retained-rights",4.1860465116279055,106.80000000000001,120,"reachable"
"hands-on-heavy",20,0,0.43,"growth-only",4.1860465116279055,106.80000000000001,120,"reachable"
"hands-on-heavy",20,0,0.44,"retained-rights",4.090909090909078,107,120,"reachable"
"hands-on-heavy",20,0,0.44,"growth-only",4.090909090909078,107,120,"reachable"
"hands-on-heavy",20,0,0.45,"retained-rights",3.9999999999999813,107.2,120,"reachable"
"hands-on-heavy",20,0,0.45,"growth-only",3.9999999999999813,107.2,120,"reachable"
"hands-on-heavy",20,0,0.46,"retained-rights",3.913043478260869,107.4,120,"reachable"
"hands-on-heavy",20,0,0.46,"growth-only",3.913043478260869,107.4,120,"reachable"
"hands-on-heavy",20,0,0.47,"retained-rights",3.8297872340425476,107.59999999999998,120,"reachable"
"hands-on-heavy",20,0,0.47,"growth-only",3.8297872340425476,107.59999999999998,120,"reachable"
"hands-on-heavy",20,0,0.48,"retained-rights",3.7499999999999867,107.80000000000001,120,"reachable"
"hands-on-heavy",20,0,0.48,"growth-only",3.7499999999999867,107.80000000000001,120,"reachable"
"hands-on-heavy",20,0,0.49,"retained-rights",3.6734693877551017,107.99999999999999,120,"reachable"
"hands-on-heavy",20,0,0.49,"growth-only",3.6734693877551017,107.99999999999999,120,"reachable"
"hands-on-heavy",20,0,0.5,"retained-rights",3.600000000000003,108.2,120,"reachable"
"hands-on-heavy",20,0,0.5,"growth-only",3.600000000000003,108.2,120,"reachable"
"hands-on-heavy",20,0,0.51,"retained-rights",3.52941176470587,108.39999999999999,120,"reachable"
"hands-on-heavy",20,0,0.51,"growth-only",3.52941176470587,108.39999999999999,120,"reachable"
"hands-on-heavy",20,0,0.52,"retained-rights",3.4615384615384492,108.60000000000001,120,"reachable"
"hands-on-heavy",20,0,0.52,"growth-only",3.4615384615384492,108.60000000000001,120,"reachable"
"hands-on-heavy",20,0,0.53,"retained-rights",3.396226415094339,108.79999999999998,120,"reachable"
"hands-on-heavy",20,0,0.53,"growth-only",3.396226415094339,108.79999999999998,120,"reachable"
"hands-on-heavy",20,0,0.54,"retained-rights",3.3333333333333215,109.00000000000001,120,"reachable"
"hands-on-heavy",20,0,0.54,"growth-only",3.3333333333333215,109.00000000000001,120,"reachable"
"hands-on-heavy",20,0,0.55,"retained-rights",3.2727272727272716,109.19999999999999,120,"reachable"
"hands-on-heavy",20,0,0.55,"growth-only",3.2727272727272716,109.19999999999999,120,"reachable"
"hands-on-heavy",20,0,0.56,"retained-rights",3.214285714285703,109.4,120,"reachable"
"hands-on-heavy",20,0,0.56,"growth-only",3.214285714285703,109.4,120,"reachable"
"hands-on-heavy",20,0,0.57,"retained-rights",3.157894736842093,109.59999999999998,120,"reachable"
"hands-on-heavy",20,0,0.57,"growth-only",3.157894736842093,109.59999999999998,120,"reachable"
"hands-on-heavy",20,0,0.58,"retained-rights",3.103448275862064,109.79999999999998,120,"reachable"
"hands-on-heavy",20,0,0.58,"growth-only",3.103448275862064,109.79999999999998,120,"reachable"
"hands-on-heavy",20,0,0.59,"retained-rights",3.050847457627115,109.99999999999999,120,"reachable"
"hands-on-heavy",20,0,0.59,"growth-only",3.050847457627115,109.99999999999999,120,"reachable"
"hands-on-heavy",20,0,0.6,"retained-rights",3.0000000000000027,110.19999999999999,120,"reachable"
"hands-on-heavy",20,0,0.6,"growth-only",3.0000000000000027,110.19999999999999,120,"reachable"
"hands-on-heavy",20,0,0.61,"retained-rights",2.950819672131133,110.39999999999999,120,"reachable"
"hands-on-heavy",20,0,0.61,"growth-only",2.950819672131133,110.39999999999999,120,"reachable"
"hands-on-heavy",20,0,0.62,"retained-rights",2.9032258064516148,110.6,120,"reachable"
"hands-on-heavy",20,0,0.62,"growth-only",2.9032258064516148,110.6,120,"reachable"
"hands-on-heavy",20,0,0.63,"retained-rights",2.857142857142847,110.79999999999998,120,"reachable"
"hands-on-heavy",20,0,0.63,"growth-only",2.857142857142847,110.79999999999998,120,"reachable"
"hands-on-heavy",20,0,0.64,"retained-rights",2.8124999999999956,110.99999999999999,120,"reachable"
"hands-on-heavy",20,0,0.64,"growth-only",2.8124999999999956,110.99999999999999,120,"reachable"
"hands-on-heavy",20,0,0.65,"retained-rights",2.7692307692307683,111.19999999999999,120,"reachable"
"hands-on-heavy",20,0,0.65,"growth-only",2.7692307692307683,111.19999999999999,120,"reachable"
"hands-on-heavy",20,0,0.66,"retained-rights",2.7272727272727337,111.39999999999999,120,"reachable"
"hands-on-heavy",20,0,0.66,"growth-only",2.7272727272727337,111.39999999999999,120,"reachable"
"hands-on-heavy",20,0,0.67,"retained-rights",2.686567164179099,111.6,120,"reachable"
"hands-on-heavy",20,0,0.67,"growth-only",2.686567164179099,111.6,120,"reachable"
"hands-on-heavy",20,0,0.68,"retained-rights",2.6470588235294024,111.79999999999998,120,"reachable"
"hands-on-heavy",20,0,0.68,"growth-only",2.6470588235294024,111.79999999999998,120,"reachable"
"hands-on-heavy",20,0,0.69,"retained-rights",2.60869565217392,111.99999999999999,120,"reachable"
"hands-on-heavy",20,0,0.69,"growth-only",2.60869565217392,111.99999999999999,120,"reachable"
"hands-on-heavy",20,0,0.7,"retained-rights",2.57142857142858,112.19999999999999,120,"reachable"
"hands-on-heavy",20,0,0.7,"growth-only",2.57142857142858,112.19999999999999,120,"reachable"
"hands-on-heavy",20,0,0.71,"retained-rights",2.5352112676056304,112.39999999999999,120,"reachable"
"hands-on-heavy",20,0,0.71,"growth-only",2.5352112676056304,112.39999999999999,120,"reachable"
"hands-on-heavy",20,0,0.72,"retained-rights",2.499999999999991,112.6,120,"reachable"
"hands-on-heavy",20,0,0.72,"growth-only",2.499999999999991,112.6,120,"reachable"
"hands-on-heavy",20,0,0.73,"retained-rights",2.465753424657535,112.79999999999998,120,"reachable"
"hands-on-heavy",20,0,0.73,"growth-only",2.465753424657535,112.79999999999998,120,"reachable"
"hands-on-heavy",20,0,0.74,"retained-rights",2.43243243243243,112.99999999999999,120,"reachable"
"hands-on-heavy",20,0,0.74,"growth-only",2.43243243243243,112.99999999999999,120,"reachable"
"hands-on-heavy",20,0,0.75,"retained-rights",2.400000000000002,113.19999999999999,120,"reachable"
"hands-on-heavy",20,0,0.75,"growth-only",2.400000000000002,113.19999999999999,120,"reachable"
"hands-on-heavy",20,0,0.76,"retained-rights",2.368421052631575,113.39999999999999,120,"reachable"
"hands-on-heavy",20,0,0.76,"growth-only",2.368421052631575,113.39999999999999,120,"reachable"
"hands-on-heavy",20,0,0.77,"retained-rights",2.3376623376623273,113.6,120,"reachable"
"hands-on-heavy",20,0,0.77,"growth-only",2.3376623376623273,113.6,120,"reachable"
"hands-on-heavy",20,0,0.78,"retained-rights",2.3076923076922995,113.79999999999998,120,"reachable"
"hands-on-heavy",20,0,0.78,"growth-only",2.3076923076922995,113.79999999999998,120,"reachable"
"hands-on-heavy",20,0,0.79,"retained-rights",2.278481012658218,113.99999999999999,120,"reachable"
"hands-on-heavy",20,0,0.79,"growth-only",2.278481012658218,113.99999999999999,120,"reachable"
"hands-on-heavy",20,0,0.8,"retained-rights",2.2499999999999964,114.19999999999999,120,"reachable"
"hands-on-heavy",20,0,0.8,"growth-only",2.2499999999999964,114.19999999999999,120,"reachable"
"hands-on-heavy",20,0,0.81,"retained-rights",2.2222222222222143,114.39999999999999,120,"reachable"
"hands-on-heavy",20,0,0.81,"growth-only",2.2222222222222143,114.39999999999999,120,"reachable"
"hands-on-heavy",20,0,0.82,"retained-rights",2.195121951219514,114.6,120,"reachable"
"hands-on-heavy",20,0,0.82,"growth-only",2.195121951219514,114.6,120,"reachable"
"hands-on-heavy",20,0,0.83,"retained-rights",2.168674698795181,114.8,120,"reachable"
"hands-on-heavy",20,0,0.83,"growth-only",2.168674698795181,114.8,120,"reachable"
"hands-on-heavy",20,0,0.84,"retained-rights",2.1428571428571352,114.99999999999999,120,"reachable"
"hands-on-heavy",20,0,0.84,"growth-only",2.1428571428571352,114.99999999999999,120,"reachable"
"hands-on-heavy",20,0,0.85,"retained-rights",2.117647058823535,115.19999999999999,120,"reachable"
"hands-on-heavy",20,0,0.85,"growth-only",2.117647058823535,115.19999999999999,120,"reachable"
"hands-on-heavy",20,0,0.86,"retained-rights",2.0930232558139528,115.39999999999999,120,"reachable"
"hands-on-heavy",20,0,0.86,"growth-only",2.0930232558139528,115.39999999999999,120,"reachable"
"hands-on-heavy",20,0,0.87,"retained-rights",2.0689655172413834,115.6,120,"reachable"
"hands-on-heavy",20,0,0.87,"growth-only",2.0689655172413834,115.6,120,"reachable"
"hands-on-heavy",20,0,0.88,"retained-rights",2.0454545454545503,115.8,120,"reachable"
"hands-on-heavy",20,0,0.88,"growth-only",2.0454545454545503,115.8,120,"reachable"
"hands-on-heavy",20,0,0.89,"retained-rights",2.0224719101123556,115.99999999999999,120,"reachable"
"hands-on-heavy",20,0,0.89,"growth-only",2.0224719101123556,115.99999999999999,120,"reachable"
"hands-on-heavy",20,0,0.9,"retained-rights",2.0000000000000018,116.19999999999999,120,"reachable"
"hands-on-heavy",20,0,0.9,"growth-only",2.0000000000000018,116.19999999999999,120,"reachable"
"hands-on-heavy",20,0,0.91,"retained-rights",1.978021978021971,116.39999999999999,120,"reachable"
"hands-on-heavy",20,0,0.91,"growth-only",1.978021978021971,116.39999999999999,120,"reachable"
"hands-on-heavy",20,0,0.92,"retained-rights",1.9565217391304346,116.6,120,"reachable"
"hands-on-heavy",20,0,0.92,"growth-only",1.9565217391304346,116.6,120,"reachable"
"hands-on-heavy",20,0,0.93,"retained-rights",1.9354838709677358,116.8,120,"reachable"
"hands-on-heavy",20,0,0.93,"growth-only",1.9354838709677358,116.8,120,"reachable"
"hands-on-heavy",20,0,0.94,"retained-rights",1.914893617021285,117,120,"reachable"
"hands-on-heavy",20,0,0.94,"growth-only",1.914893617021285,117,120,"reachable"
"hands-on-heavy",20,0,0.95,"retained-rights",1.8947368421052602,117.19999999999999,120,"reachable"
"hands-on-heavy",20,0,0.95,"growth-only",1.8947368421052602,117.19999999999999,120,"reachable"
"hands-on-heavy",20,0,0.96,"retained-rights",1.8750000000000044,117.39999999999999,120,"reachable"
"hands-on-heavy",20,0,0.96,"growth-only",1.8750000000000044,117.39999999999999,120,"reachable"
"hands-on-heavy",20,0,0.97,"retained-rights",1.855670103092777,117.6,120,"reachable"
"hands-on-heavy",20,0,0.97,"growth-only",1.855670103092777,117.6,120,"reachable"
"hands-on-heavy",20,0,0.98,"retained-rights",1.8367346938775508,117.8,120,"reachable"
"hands-on-heavy",20,0,0.98,"growth-only",1.8367346938775508,117.8,120,"reachable"
"hands-on-heavy",20,0,0.99,"retained-rights",1.81818181818183,118,120,"reachable"
"hands-on-heavy",20,0,0.99,"growth-only",1.81818181818183,118,120,"reachable"
"hands-on-heavy",20,0,1,"retained-rights",1.8000000000000016,118.19999999999999,120,"reachable"
"hands-on-heavy",20,0,1,"growth-only",1.8000000000000016,118.19999999999999,120,"reachable"
"hands-on-heavy",20,0.5,0,"retained-rights","",95.24000000000001,120,"not-reachable"
"hands-on-heavy",20,0.5,0,"growth-only","",95.24000000000001,120,"not-reachable"
"hands-on-heavy",20,0.5,0.01,"retained-rights","",95.46280383999999,120,"not-reachable"
"hands-on-heavy",20,0.5,0.01,"growth-only","",95.43408,120,"not-reachable"
"hands-on-heavy",20,0.5,0.02,"retained-rights","",95.68560768,120,"not-reachable"
"hands-on-heavy",20,0.5,0.02,"growth-only","",95.62816000000001,120,"not-reachable"
"hands-on-heavy",20,0.5,0.03,"retained-rights","",95.90841152,120,"not-reachable"
"hands-on-heavy",20,0.5,0.03,"growth-only","",95.82224000000001,120,"not-reachable"
"hands-on-heavy",20,0.5,0.04,"retained-rights","",96.13121536,120,"not-reachable"
"hands-on-heavy",20,0.5,0.04,"growth-only","",96.01632,120,"not-reachable"
"hands-on-heavy",20,0.5,0.05,"retained-rights","",96.35401920000001,120,"not-reachable"
"hands-on-heavy",20,0.5,0.05,"growth-only","",96.2104,120,"not-reachable"
"hands-on-heavy",20,0.5,0.06,"retained-rights","",96.57682304000001,120,"not-reachable"
"hands-on-heavy",20,0.5,0.06,"growth-only","",96.40448,120,"not-reachable"
"hands-on-heavy",20,0.5,0.07,"retained-rights","",96.79962688,120,"not-reachable"
"hands-on-heavy",20,0.5,0.07,"growth-only","",96.59856,120,"not-reachable"
"hands-on-heavy",20,0.5,0.08,"retained-rights","",97.02243072,120,"not-reachable"
"hands-on-heavy",20,0.5,0.08,"growth-only","",96.79264,120,"not-reachable"
"hands-on-heavy",20,0.5,0.09,"retained-rights","",97.24523456,120,"not-reachable"
"hands-on-heavy",20,0.5,0.09,"growth-only","",96.98672,120,"not-reachable"
"hands-on-heavy",20,0.5,0.1,"retained-rights","",97.4680384,120,"not-reachable"
"hands-on-heavy",20,0.5,0.1,"growth-only","",97.1808,120,"not-reachable"
"hands-on-heavy",20,0.5,0.11,"retained-rights","",97.69084224,120,"not-reachable"
"hands-on-heavy",20,0.5,0.11,"growth-only","",97.37487999999999,120,"not-reachable"
"hands-on-heavy",20,0.5,0.12,"retained-rights","",97.91364608,120,"not-reachable"
"hands-on-heavy",20,0.5,0.12,"growth-only","",97.56896,120,"not-reachable"
"hands-on-heavy",20,0.5,0.13,"retained-rights","",98.13644992,120,"not-reachable"
"hands-on-heavy",20,0.5,0.13,"growth-only","",97.76304,120,"not-reachable"
"hands-on-heavy",20,0.5,0.14,"retained-rights","",98.35925376000002,120,"not-reachable"
"hands-on-heavy",20,0.5,0.14,"growth-only","",97.95712,120,"not-reachable"
"hands-on-heavy",20,0.5,0.15,"retained-rights","",98.58205760000001,120,"not-reachable"
"hands-on-heavy",20,0.5,0.15,"growth-only","",98.1512,120,"not-reachable"
"hands-on-heavy",20,0.5,0.16,"retained-rights","",98.80486144,120,"not-reachable"
"hands-on-heavy",20,0.5,0.16,"growth-only","",98.34528,120,"not-reachable"
"hands-on-heavy",20,0.5,0.17,"retained-rights","",99.02766528,120,"not-reachable"
"hands-on-heavy",20,0.5,0.17,"growth-only","",98.53936000000002,120,"not-reachable"
"hands-on-heavy",20,0.5,0.18,"retained-rights","",99.25046911999999,120,"not-reachable"
"hands-on-heavy",20,0.5,0.18,"growth-only","",98.73344,120,"not-reachable"
"hands-on-heavy",20,0.5,0.19,"retained-rights","",99.47327295999999,120,"not-reachable"
"hands-on-heavy",20,0.5,0.19,"growth-only","",98.92752,120,"not-reachable"
"hands-on-heavy",20,0.5,0.2,"retained-rights","",99.69607680000001,120,"not-reachable"
"hands-on-heavy",20,0.5,0.2,"growth-only","",99.12160000000002,120,"not-reachable"
"hands-on-heavy",20,0.5,0.21,"retained-rights","",99.91888064000001,120,"not-reachable"
"hands-on-heavy",20,0.5,0.21,"growth-only","",99.31568,120,"not-reachable"
"hands-on-heavy",20,0.5,0.22,"retained-rights",19.73833084662864,100.14168448000001,120,"reachable"
"hands-on-heavy",20,0.5,0.22,"growth-only","",99.50976,120,"not-reachable"
"hands-on-heavy",20,0.5,0.23,"retained-rights",19.334920103989518,100.36448832,120,"reachable"
"hands-on-heavy",20,0.5,0.23,"growth-only","",99.70384000000001,120,"not-reachable"
"hands-on-heavy",20,0.5,0.24,"retained-rights",18.94104471617213,100.58729216,120,"reachable"
"hands-on-heavy",20,0.5,0.24,"growth-only","",99.89792,120,"not-reachable"
"hands-on-heavy",20,0.5,0.25,"retained-rights",18.556342511988678,100.81009599999999,120,"reachable"
"hands-on-heavy",20,0.5,0.25,"growth-only",19.859340584882812,100.092,120,"reachable"
"hands-on-heavy",20,0.5,0.26,"retained-rights",18.18047053811278,101.03289984000001,120,"reachable"
"hands-on-heavy",20,0.5,0.26,"growth-only",19.56931816402394,100.28608000000001,120,"reachable"
"hands-on-heavy",20,0.5,0.27,"retained-rights",17.81310374561109,101.25570368000001,120,"reachable"
"hands-on-heavy",20,0.5,0.27,"growth-only",19.288042695263343,100.48016,120,"reachable"
"hands-on-heavy",20,0.5,0.28,"retained-rights",17.453933786176922,101.47850752000001,120,"reachable"
"hands-on-heavy",20,0.5,0.28,"growth-only",19.01510844307197,100.67424,120,"reachable"
"hands-on-heavy",20,0.5,0.29,"retained-rights",17.102667907267733,101.70131136,120,"reachable"
"hands-on-heavy",20,0.5,0.29,"growth-only",18.75013522086686,100.86832000000001,120,"reachable"
"hands-on-heavy",20,0.5,0.3,"retained-rights",16.759027936569225,101.9241152,120,"reachable"
"hands-on-heavy",20,0.5,0.3,"growth-only",18.49276635651944,101.0624,120,"reachable"
"hands-on-heavy",20,0.5,0.31,"retained-rights",16.422749347273257,102.14691904,120,"reachable"
"hands-on-heavy",20,0.5,0.31,"growth-only",18.242666853495958,101.25648000000001,120,"reachable"
"hands-on-heavy",20,0.5,0.32,"retained-rights",16.093580396588635,102.36972288,120,"reachable"
"hands-on-heavy",20,0.5,0.32,"growth-only",17.999521725640477,101.45056000000001,120,"reachable"
"hands-on-heavy",20,0.5,0.33,"retained-rights",15.77128133072019,102.59252672000001,120,"reachable"
"hands-on-heavy",20,0.5,0.33,"growth-only",17.76303448643084,101.64464,120,"reachable"
"hands-on-heavy",20,0.5,0.34,"retained-rights",15.455623650269601,102.81533056,120,"reachable"
"hands-on-heavy",20,0.5,0.34,"growth-only",17.532925775954734,101.83872000000001,120,"reachable"
"hands-on-heavy",20,0.5,0.35,"retained-rights",15.146389430643236,103.0381344,120,"reachable"
"hands-on-heavy",20,0.5,0.35,"growth-only",17.308932110925966,102.0328,120,"reachable"
"hands-on-heavy",20,0.5,0.36,"retained-rights",14.843370692609481,103.26093824,120,"reachable"
"hands-on-heavy",20,0.5,0.36,"growth-only",17.09080474484852,102.22688,120,"reachable"
"hands-on-heavy",20,0.5,0.37,"retained-rights",14.546368818641842,103.48374208,120,"reachable"
"hands-on-heavy",20,0.5,0.37,"growth-only",16.878308626978054,102.42096000000001,120,"reachable"
"hands-on-heavy",20,0.5,0.38,"retained-rights",14.255194011118988,103.70654592,120,"reachable"
"hands-on-heavy",20,0.5,0.38,"growth-only",16.67122145006634,102.61504,120,"reachable"
"hands-on-heavy",20,0.5,0.39,"retained-rights",13.969664788841829,103.92934976,120,"reachable"
"hands-on-heavy",20,0.5,0.39,"growth-only",16.469332778033664,102.80912,120,"reachable"
"hands-on-heavy",20,0.5,0.4,"retained-rights",13.68960751867112,104.1521536,120,"reachable"
"hands-on-heavy",20,0.5,0.4,"growth-only",16.272443245723125,103.0032,120,"reachable"
"hands-on-heavy",20,0.5,0.41,"retained-rights",13.414855979395535,104.37495744,120,"reachable"
"hands-on-heavy",20,0.5,0.41,"growth-only",16.08036382377027,103.19727999999999,120,"reachable"
"hands-on-heavy",20,0.5,0.42,"retained-rights",13.145250955214017,104.59776128,120,"reachable"
"hands-on-heavy",20,0.5,0.42,"growth-only",15.892915142391262,103.39135999999999,120,"reachable"
"hands-on-heavy",20,0.5,0.43,"retained-rights",12.88063985645993,104.82056512,120,"reachable"
"hands-on-heavy",20,0.5,0.43,"growth-only",15.709926868566203,103.58544,120,"reachable"
"hands-on-heavy",20,0.5,0.44,"retained-rights",12.62087636541358,105.04336896,120,"reachable"
"hands-on-heavy",20,0.5,0.44,"growth-only",15.531237131686225,103.77951999999999,120,"reachable"
"hands-on-heavy",20,0.5,0.45,"retained-rights",12.365820105244874,105.26617279999999,120,"reachable"
"hands-on-heavy",20,0.5,0.45,"growth-only",15.356691993253047,103.9736,120,"reachable"
"hands-on-heavy",20,0.5,0.46,"retained-rights",12.11533633030415,105.48897664,120,"reachable"
"hands-on-heavy",20,0.5,0.46,"growth-only",15.18614495667916,104.16768,120,"reachable"
"hands-on-heavy",20,0.5,0.47,"retained-rights",11.86929563613679,105.71178048,120,"reachable"
"hands-on-heavy",20,0.5,0.47,"growth-only",15.019456513641538,104.36175999999999,120,"reachable"
"hands-on-heavy",20,0.5,0.48,"retained-rights",11.627573687739545,105.93458432,120,"reachable"
"hands-on-heavy",20,0.5,0.48,"growth-only",14.856493723800202,104.55584,120,"reachable"
"hands-on-heavy",20,0.5,0.49,"retained-rights",11.390050964704868,106.15738816,120,"reachable"
"hands-on-heavy",20,0.5,0.49,"growth-only",14.697129825011901,104.74992,120,"reachable"
"hands-on-heavy",20,0.5,0.5,"retained-rights",11.156612522014097,106.380192,120,"reachable"
"hands-on-heavy",20,0.5,0.5,"growth-only",14.541243871450105,104.94399999999999,120,"reachable"
"hands-on-heavy",20,0.5,0.51,"retained-rights",10.927147765346712,106.60299583999999,120,"reachable"
"hands-on-heavy",20,0.5,0.51,"growth-only",14.38872039729453,105.13808,120,"reachable"
"hands-on-heavy",20,0.5,0.52,"retained-rights",10.701550239865142,106.82579968000002,120,"reachable"
"hands-on-heavy",20,0.5,0.52,"growth-only",14.239449103877067,105.33216,120,"reachable"
"hands-on-heavy",20,0.5,0.53,"retained-rights",10.479717431522385,107.04860352,120,"reachable"
"hands-on-heavy",20,0.5,0.53,"growth-only",14.093324568370091,105.52623999999999,120,"reachable"
"hands-on-heavy",20,0.5,0.54,"retained-rights",10.261550580015498,107.27140736,120,"reachable"
"hands-on-heavy",20,0.5,0.54,"growth-only",13.950245972282493,105.72032,120,"reachable"
"hands-on-heavy",20,0.5,0.55,"retained-rights",10.046954502580085,107.4942112,120,"reachable"
"hands-on-heavy",20,0.5,0.55,"growth-only",13.810116848187782,105.91440000000001,120,"reachable"
"hands-on-heavy",20,0.5,0.56,"retained-rights",9.835837427883964,107.71701503999999,120,"reachable"
"hands-on-heavy",20,0.5,0.56,"growth-only",13.672844843252484,106.10848,120,"reachable"
"hands-on-heavy",20,0.5,0.57,"retained-rights",9.628110839337145,107.93981887999999,120,"reachable"
"hands-on-heavy",20,0.5,0.57,"growth-only",13.538341498261076,106.30256,120,"reachable"
"hands-on-heavy",20,0.5,0.58,"retained-rights",9.42368932718809,108.16262271999999,120,"reachable"
"hands-on-heavy",20,0.5,0.58,"growth-only",13.406522040949787,106.49664000000001,120,"reachable"
"hands-on-heavy",20,0.5,0.59,"retained-rights",9.22249044882486,108.38542656000001,120,"reachable"
"hands-on-heavy",20,0.5,0.59,"growth-only",13.27730519256578,106.69072,120,"reachable"
"hands-on-heavy",20,0.5,0.6,"retained-rights",9.024434596744157,108.60823040000001,120,"reachable"
"hands-on-heavy",20,0.5,0.6,"growth-only",13.15061298666147,106.8848,120,"reachable"
"hands-on-heavy",20,0.5,0.61,"retained-rights",8.82944487369155,108.83103424000001,120,"reachable"
"hands-on-heavy",20,0.5,0.61,"growth-only",13.026370599219117,107.07888000000001,120,"reachable"
"hands-on-heavy",20,0.5,0.62,"retained-rights",8.637446974513008,109.05383807999999,120,"reachable"
"hands-on-heavy",20,0.5,0.62,"growth-only",12.904506189277187,107.27296,120,"reachable"
"hands-on-heavy",20,0.5,0.63,"retained-rights",8.448369074292671,109.27664191999999,120,"reachable"
"hands-on-heavy",20,0.5,0.63,"growth-only",12.78495074929884,107.46704,120,"reachable"
"hands-on-heavy",20,0.5,0.64,"retained-rights",8.262141722381312,109.49944575999999,120,"reachable"
"hands-on-heavy",20,0.5,0.64,"growth-only",12.667637964586763,107.66112000000001,120,"reachable"
"hands-on-heavy",20,0.5,0.65,"retained-rights",8.078697741950247,109.72224959999998,120,"reachable"
"hands-on-heavy",20,0.5,0.65,"growth-only",12.55250408110391,107.8552,120,"reachable"
"hands-on-heavy",20,0.5,0.66,"retained-rights",7.89797213473038,109.94505344000001,120,"reachable"
"hands-on-heavy",20,0.5,0.66,"growth-only",12.439487781113145,108.04928000000001,120,"reachable"
"hands-on-heavy",20,0.5,0.67,"retained-rights",7.719901990620293,110.16785728,120,"reachable"
"hands-on-heavy",20,0.5,0.67,"growth-only",12.328530066094402,108.24336000000001,120,"reachable"
"hands-on-heavy",20,0.5,0.68,"retained-rights",7.5444264018703855,110.39066112,120,"reachable"
"hands-on-heavy",20,0.5,0.68,"growth-only",12.219574146441659,108.43744,120,"reachable"
"hands-on-heavy",20,0.5,0.69,"retained-rights",7.371486381568926,110.61346496,120,"reachable"
"hands-on-heavy",20,0.5,0.69,"growth-only",12.112565337480397,108.63152000000001,120,"reachable"
"hands-on-heavy",20,0.5,0.7,"retained-rights",7.201024786176258,110.8362688,120,"reachable"
"hands-on-heavy",20,0.5,0.7,"growth-only",12.00745096138236,108.82560000000001,120,"reachable"
"hands-on-heavy",20,0.5,0.71,"retained-rights",7.032986241869432,111.05907263999998,120,"reachable"
"hands-on-heavy",20,0.5,0.71,"growth-only",11.90418025458615,109.01968,120,"reachable"
"hands-on-heavy",20,0.5,0.72,"retained-rights",6.8673170744764755,111.28187647999998,120,"reachable"
"hands-on-heavy",20,0.5,0.72,"growth-only",11.802704280362653,109.21376000000001,120,"reachable"
"hands-on-heavy",20,0.5,0.73,"retained-rights",6.703965242793664,111.50468032,120,"reachable"
"hands-on-heavy",20,0.5,0.73,"growth-only",11.702975846190867,109.40784000000001,120,"reachable"
"hands-on-heavy",20,0.5,0.74,"retained-rights",6.5428802750931325,111.72748416,120,"reachable"
"hands-on-heavy",20,0.5,0.74,"growth-only",11.604949425634569,109.60191999999999,120,"reachable"
"hands-on-heavy",20,0.5,0.75,"retained-rights",6.384013208640815,111.950288,120,"reachable"
"hands-on-heavy",20,0.5,0.75,"growth-only",11.508581084433267,109.796,120,"reachable"
"hands-on-heavy",20,0.5,0.76,"retained-rights",6.227316532056237,112.17309184,120,"reachable"
"hands-on-heavy",20,0.5,0.76,"growth-only",11.413828410541926,109.99008,120,"reachable"
"hands-on-heavy",20,0.5,0.77,"retained-rights",6.072744130356678,112.39589568,120,"reachable"
"hands-on-heavy",20,0.5,0.77,"growth-only",11.32065044787225,110.18415999999999,120,"reachable"
"hands-on-heavy",20,0.5,0.78,"retained-rights",5.920251232538187,112.61869951999999,120,"reachable"
"hands-on-heavy",20,0.5,0.78,"growth-only",11.229007633507159,110.37824,120,"reachable"
"hands-on-heavy",20,0.5,0.79,"retained-rights",5.769794361555292,112.84150336,120,"reachable"
"hands-on-heavy",20,0.5,0.79,"growth-only",11.138861738175088,110.57232000000002,120,"reachable"
"hands-on-heavy",20,0.5,0.8,"retained-rights",5.621331286569964,113.0643072,120,"reachable"
"hands-on-heavy",20,0.5,0.8,"growth-only",11.050175809786822,110.7664,120,"reachable"
"hands-on-heavy",20,0.5,0.81,"retained-rights",5.474820977348371,113.28711104,120,"reachable"
"hands-on-heavy",20,0.5,0.81,"growth-only",10.962914119850065,110.96048,120,"reachable"
"hands-on-heavy",20,0.5,0.82,"retained-rights",5.330223560691416,113.50991488,120,"reachable"
"hands-on-heavy",20,0.5,0.82,"growth-only",10.877042112590996,111.15455999999999,120,"reachable"
"hands-on-heavy",20,0.5,0.83,"retained-rights",5.1875002787921565,113.73271872,120,"reachable"
"hands-on-heavy",20,0.5,0.83,"growth-only",10.792526356622156,111.34864,120,"reachable"
"hands-on-heavy",20,0.5,0.84,"retained-rights",5.046613449419479,113.95552255999999,120,"reachable"
"hands-on-heavy",20,0.5,0.84,"growth-only",10.709334499008571,111.54272,120,"reachable"
"hands-on-heavy",20,0.5,0.85,"retained-rights",4.907526427833697,114.1783264,120,"reachable"
"hands-on-heavy",20,0.5,0.85,"growth-only",10.627435221592219,111.73679999999999,120,"reachable"
"hands-on-heavy",20,0.5,0.86,"retained-rights",4.770203570345122,114.40113024,120,"reachable"
"hands-on-heavy",20,0.5,0.86,"growth-only",10.546798199445817,111.93088,120,"reachable"
"hands-on-heavy",20,0.5,0.87,"retained-rights",4.634610199431899,114.62393408,120,"reachable"
"hands-on-heavy",20,0.5,0.87,"growth-only",10.467394061333879,112.12496,120,"reachable"
"hands-on-heavy",20,0.5,0.88,"retained-rights",4.500712570338705,114.84673792,120,"reachable"
"hands-on-heavy",20,0.5,0.88,"growth-only",10.389194352068287,112.31903999999999,120,"reachable"
"hands-on-heavy",20,0.5,0.89,"retained-rights",4.36847783908203,115.06954175999999,120,"reachable"
"hands-on-heavy",20,0.5,0.89,"growth-only",10.312171496652,112.51312,120,"reachable"
"hands-on-heavy",20,0.5,0.9,"retained-rights",4.237874031791855,115.29234559999999,120,"reachable"
"hands-on-heavy",20,0.5,0.9,"growth-only",10.236298766111606,112.7072,120,"reachable"
"hands-on-heavy",20,0.5,0.91,"retained-rights",4.108870015324673,115.51514943999999,120,"reachable"
"hands-on-heavy",20,0.5,0.91,"growth-only",10.161550244925998,112.90127999999999,120,"reachable"
"hands-on-heavy",20,0.5,0.92,"retained-rights",3.9814354690847598,115.73795328,120,"reachable"
"hands-on-heavy",20,0.5,0.92,"growth-only",10.087900799963712,113.09536,120,"reachable"
"hands-on-heavy",20,0.5,0.93,"retained-rights",3.855540857995843,115.96075712,120,"reachable"
"hands-on-heavy",20,0.5,0.93,"growth-only",10.015326050847694,113.28944000000001,120,"reachable"
"hands-on-heavy",20,0.5,0.94,"retained-rights",3.7311574065674202,116.18356096,120,"reachable"
"hands-on-heavy",20,0.5,0.94,"growth-only",9.943802341670228,113.48352,120,"reachable"
"hands-on-heavy",20,0.5,0.95,"retained-rights",3.608257074003496,116.40636479999999,120,"reachable"
"hands-on-heavy",20,0.5,0.95,"growth-only",9.873306713986963,113.6776,120,"reachable"
"hands-on-heavy",20,0.5,0.96,"retained-rights",3.4868125303044506,116.62916863999999,120,"reachable"
"hands-on-heavy",20,0.5,0.96,"growth-only",9.803816881021676,113.87167999999998,120,"reachable"
"hands-on-heavy",20,0.5,0.97,"retained-rights",3.3667971333152247,116.85197247999999,120,"reachable"
"hands-on-heavy",20,0.5,0.97,"growth-only",9.73531120301876,114.06576,120,"reachable"
"hands-on-heavy",20,0.5,0.98,"retained-rights",3.248184906675622,117.07477631999998,120,"reachable"
"hands-on-heavy",20,0.5,0.98,"growth-only",9.667768663683884,114.25984,120,"reachable"
"hands-on-heavy",20,0.5,0.99,"retained-rights",3.1309505186309483,117.29758016000001,120,"reachable"
"hands-on-heavy",20,0.5,0.99,"growth-only",9.60116884765625,114.45391999999998,120,"reachable"
"hands-on-heavy",20,0.5,1,"retained-rights",3.0150692616635277,117.520384,120,"reachable"
"hands-on-heavy",20,0.5,1,"growth-only",9.535491918960059,114.648,120,"reachable"
"hands-on-heavy",20,1,0,"retained-rights","",92.28,120,"not-reachable"
"hands-on-heavy",20,1,0,"growth-only","",92.28,120,"not-reachable"
"hands-on-heavy",20,1,0.01,"retained-rights","",92.52385536000001,120,"not-reachable"
"hands-on-heavy",20,1,0.01,"growth-only","",92.46816000000001,120,"not-reachable"
"hands-on-heavy",20,1,0.02,"retained-rights","",92.76771072000001,120,"not-reachable"
"hands-on-heavy",20,1,0.02,"growth-only","",92.65632000000001,120,"not-reachable"
"hands-on-heavy",20,1,0.03,"retained-rights","",93.01156608000001,120,"not-reachable"
"hands-on-heavy",20,1,0.03,"growth-only","",92.84448,120,"not-reachable"
"hands-on-heavy",20,1,0.04,"retained-rights","",93.25542144,120,"not-reachable"
"hands-on-heavy",20,1,0.04,"growth-only","",93.03264000000001,120,"not-reachable"
"hands-on-heavy",20,1,0.05,"retained-rights","",93.4992768,120,"not-reachable"
"hands-on-heavy",20,1,0.05,"growth-only","",93.2208,120,"not-reachable"
"hands-on-heavy",20,1,0.06,"retained-rights","",93.74313216000002,120,"not-reachable"
"hands-on-heavy",20,1,0.06,"growth-only","",93.40896000000001,120,"not-reachable"
"hands-on-heavy",20,1,0.07,"retained-rights","",93.98698752000001,120,"not-reachable"
"hands-on-heavy",20,1,0.07,"growth-only","",93.59712000000002,120,"not-reachable"
"hands-on-heavy",20,1,0.08,"retained-rights","",94.23084288000001,120,"not-reachable"
"hands-on-heavy",20,1,0.08,"growth-only","",93.78528,120,"not-reachable"
"hands-on-heavy",20,1,0.09,"retained-rights","",94.47469824000001,120,"not-reachable"
"hands-on-heavy",20,1,0.09,"growth-only","",93.97344000000001,120,"not-reachable"
"hands-on-heavy",20,1,0.1,"retained-rights","",94.7185536,120,"not-reachable"
"hands-on-heavy",20,1,0.1,"growth-only","",94.1616,120,"not-reachable"
"hands-on-heavy",20,1,0.11,"retained-rights","",94.96240896,120,"not-reachable"
"hands-on-heavy",20,1,0.11,"growth-only","",94.34976,120,"not-reachable"
"hands-on-heavy",20,1,0.12,"retained-rights","",95.20626432,120,"not-reachable"
"hands-on-heavy",20,1,0.12,"growth-only","",94.53792000000001,120,"not-reachable"
"hands-on-heavy",20,1,0.13,"retained-rights","",95.45011968,120,"not-reachable"
"hands-on-heavy",20,1,0.13,"growth-only","",94.72608,120,"not-reachable"
"hands-on-heavy",20,1,0.14,"retained-rights","",95.69397504,120,"not-reachable"
"hands-on-heavy",20,1,0.14,"growth-only","",94.91424,120,"not-reachable"
"hands-on-heavy",20,1,0.15,"retained-rights","",95.9378304,120,"not-reachable"
"hands-on-heavy",20,1,0.15,"growth-only","",95.1024,120,"not-reachable"
"hands-on-heavy",20,1,0.16,"retained-rights","",96.18168576000001,120,"not-reachable"
"hands-on-heavy",20,1,0.16,"growth-only","",95.29056,120,"not-reachable"
"hands-on-heavy",20,1,0.17,"retained-rights","",96.42554112,120,"not-reachable"
"hands-on-heavy",20,1,0.17,"growth-only","",95.47872000000001,120,"not-reachable"
"hands-on-heavy",20,1,0.18,"retained-rights","",96.66939648,120,"not-reachable"
"hands-on-heavy",20,1,0.18,"growth-only","",95.66688,120,"not-reachable"
"hands-on-heavy",20,1,0.19,"retained-rights","",96.91325184,120,"not-reachable"
"hands-on-heavy",20,1,0.19,"growth-only","",95.85504,120,"not-reachable"
"hands-on-heavy",20,1,0.2,"retained-rights","",97.1571072,120,"not-reachable"
"hands-on-heavy",20,1,0.2,"growth-only","",96.04320000000001,120,"not-reachable"
"hands-on-heavy",20,1,0.21,"retained-rights","",97.40096256000001,120,"not-reachable"
"hands-on-heavy",20,1,0.21,"growth-only","",96.23136000000001,120,"not-reachable"
"hands-on-heavy",20,1,0.22,"retained-rights","",97.64481792000001,120,"not-reachable"
"hands-on-heavy",20,1,0.22,"growth-only","",96.41952,120,"not-reachable"
"hands-on-heavy",20,1,0.23,"retained-rights","",97.88867328,120,"not-reachable"
"hands-on-heavy",20,1,0.23,"growth-only","",96.60768,120,"not-reachable"
"hands-on-heavy",20,1,0.24,"retained-rights","",98.13252864,120,"not-reachable"
"hands-on-heavy",20,1,0.24,"growth-only","",96.79584000000001,120,"not-reachable"
"hands-on-heavy",20,1,0.25,"retained-rights","",98.376384,120,"not-reachable"
"hands-on-heavy",20,1,0.25,"growth-only","",96.98400000000001,120,"not-reachable"
"hands-on-heavy",20,1,0.26,"retained-rights","",98.62023936,120,"not-reachable"
"hands-on-heavy",20,1,0.26,"growth-only","",97.17216,120,"not-reachable"
"hands-on-heavy",20,1,0.27,"retained-rights","",98.86409472,120,"not-reachable"
"hands-on-heavy",20,1,0.27,"growth-only","",97.36032000000002,120,"not-reachable"
"hands-on-heavy",20,1,0.28,"retained-rights","",99.10795008,120,"not-reachable"
"hands-on-heavy",20,1,0.28,"growth-only","",97.54848,120,"not-reachable"
"hands-on-heavy",20,1,0.29,"retained-rights","",99.35180543999999,120,"not-reachable"
"hands-on-heavy",20,1,0.29,"growth-only","",97.73664000000001,120,"not-reachable"
"hands-on-heavy",20,1,0.3,"retained-rights","",99.59566079999999,120,"not-reachable"
"hands-on-heavy",20,1,0.3,"growth-only","",97.9248,120,"not-reachable"
"hands-on-heavy",20,1,0.31,"retained-rights","",99.83951616,120,"not-reachable"
"hands-on-heavy",20,1,0.31,"growth-only","",98.11296,120,"not-reachable"
"hands-on-heavy",20,1,0.32,"retained-rights",19.90878456983014,100.08337152,120,"reachable"
"hands-on-heavy",20,1,0.32,"growth-only","",98.30112,120,"not-reachable"
"hands-on-heavy",20,1,0.33,"retained-rights",19.643513115179733,100.32722688,120,"reachable"
"hands-on-heavy",20,1,0.33,"growth-only","",98.48928000000001,120,"not-reachable"
"hands-on-heavy",20,1,0.34,"retained-rights",19.380489381250566,100.57108224,120,"reachable"
"hands-on-heavy",20,1,0.34,"growth-only","",98.67744,120,"not-reachable"
"hands-on-heavy",20,1,0.35,"retained-rights",19.11967844425686,100.8149376,120,"reachable"
"hands-on-heavy",20,1,0.35,"growth-only","",98.8656,120,"not-reachable"
"hands-on-heavy",20,1,0.36,"retained-rights",18.86104617848472,101.05879296,120,"reachable"
"hands-on-heavy",20,1,0.36,"growth-only","",99.05376000000001,120,"not-reachable"
"hands-on-heavy",20,1,0.37,"retained-rights",18.60455923216231,101.30264832,120,"reachable"
"hands-on-heavy",20,1,0.37,"growth-only","",99.24192000000001,120,"not-reachable"
"hands-on-heavy",20,1,0.38,"retained-rights",18.35018500423726,101.54650368,120,"reachable"
"hands-on-heavy",20,1,0.38,"growth-only","",99.43008,120,"not-reachable"
"hands-on-heavy",20,1,0.39,"retained-rights",18.09789162202089,101.79035904,120,"reachable"
"hands-on-heavy",20,1,0.39,"growth-only","",99.61824000000001,120,"not-reachable"
"hands-on-heavy",20,1,0.4,"retained-rights",17.847647919660602,102.0342144,120,"reachable"
"hands-on-heavy",20,1,0.4,"growth-only","",99.80640000000001,120,"not-reachable"
"hands-on-heavy",20,1,0.41,"retained-rights",17.599423417403703,102.27806976,120,"reachable"
"hands-on-heavy",20,1,0.41,"growth-only","",99.99455999999999,120,"not-reachable"
"hands-on-heavy",20,1,0.42,"retained-rights",17.353188301617894,102.52192512,120,"reachable"
"hands-on-heavy",20,1,0.42,"growth-only",19.853178991558185,100.18272000000002,120,"reachable"
"hands-on-heavy",20,1,0.43,"retained-rights",17.108913405535574,102.76578048,120,"reachable"
"hands-on-heavy",20,1,0.43,"growth-only",19.704471426853143,100.37088,120,"reachable"
"hands-on-heavy",20,1,0.44,"retained-rights",16.8665701906902,103.00963584,120,"reachable"
"hands-on-heavy",20,1,0.44,"growth-only",19.558217834771984,100.55904,120,"reachable"
"hands-on-heavy",20,1,0.45,"retained-rights",16.62613072901573,103.2534912,120,"reachable"
"hands-on-heavy",20,1,0.45,"growth-only",19.414352978255735,100.74720000000002,120,"reachable"
"hands-on-heavy",20,1,0.46,"retained-rights",16.38756768558003,103.49734656,120,"reachable"
"hands-on-heavy",20,1,0.46,"growth-only",19.272814050026344,100.93536,120,"reachable"
"hands-on-heavy",20,1,0.47,"retained-rights",16.150854301925932,103.74120192000001,120,"reachable"
"hands-on-heavy",20,1,0.47,"growth-only",19.13354055564369,101.12352,120,"reachable"
"hands-on-heavy",20,1,0.48,"retained-rights",15.915964379994364,103.98505728,120,"reachable"
"hands-on-heavy",20,1,0.48,"growth-only",18.99647420346502,101.31168000000001,120,"reachable"
"hands-on-heavy",20,1,0.49,"retained-rights",15.682872266604853,104.22891264,120,"reachable"
"hands-on-heavy",20,1,0.49,"growth-only",18.861558801025467,101.49984,120,"reachable"
"hands-on-heavy",20,1,0.5,"retained-rights",15.451552838470839,104.472768,120,"reachable"
"hands-on-heavy",20,1,0.5,"growth-only",18.72874015739594,101.688,120,"reachable"
"hands-on-heavy",20,1,0.51,"retained-rights",15.221981487727444,104.71662336,120,"reachable"
"hands-on-heavy",20,1,0.51,"growth-only",18.59796599111061,101.87616000000001,120,"reachable"
"hands-on-heavy",20,1,0.52,"retained-rights",14.994134107950785,104.96047872000001,120,"reachable"
"hands-on-heavy",20,1,0.52,"growth-only",18.46918584328805,102.06432000000001,120,"reachable"
"hands-on-heavy",20,1,0.53,"retained-rights",14.767987080649014,105.20433408000001,120,"reachable"
"hands-on-heavy",20,1,0.53,"growth-only",18.34235099559971,102.25248,120,"reachable"
"hands-on-heavy",20,1,0.54,"retained-rights",14.543517262205864,105.44818944000001,120,"reachable"
"hands-on-heavy",20,1,0.54,"growth-only",18.217414392765228,102.44063999999999,120,"reachable"
"hands-on-heavy",20,1,0.55,"retained-rights",14.32070197125892,105.6920448,120,"reachable"
"hands-on-heavy",20,1,0.55,"growth-only",18.09433056927947,102.62880000000001,120,"reachable"
"hands-on-heavy",20,1,0.56,"retained-rights",14.099518976494796,105.93590016,120,"reachable"
"hands-on-heavy",20,1,0.56,"growth-only",17.973055580097807,102.81696,120,"reachable"
"hands-on-heavy",20,1,0.57,"retained-rights",13.879946484845318,106.17975552000001,120,"reachable"
"hands-on-heavy",20,1,0.57,"growth-only",17.853546935026365,103.00511999999999,120,"reachable"
"hands-on-heavy",20,1,0.58,"retained-rights",13.66196313006862,106.42361088000001,120,"reachable"
"hands-on-heavy",20,1,0.58,"growth-only",17.73576353658337,103.19328000000002,120,"reachable"
"hands-on-heavy",20,1,0.59,"retained-rights",13.445547961700278,106.66746624000001,120,"reachable"
"hands-on-heavy",20,1,0.59,"growth-only",17.619665621113832,103.38144,120,"reachable"
"hands-on-heavy",20,1,0.6,"retained-rights",13.230680434360087,106.91132160000001,120,"reachable"
"hands-on-heavy",20,1,0.6,"growth-only",17.505214702956586,103.5696,120,"reachable"
"hands-on-heavy",20,1,0.61,"retained-rights",13.017340397400812,107.15517696,120,"reachable"
"hands-on-heavy",20,1,0.61,"growth-only",17.392373521475733,103.75776,120,"reachable"
"hands-on-heavy",20,1,0.62,"retained-rights",12.805508084885986,107.39903232,120,"reachable"
"hands-on-heavy",20,1,0.62,"growth-only",17.28110599078341,103.94592,120,"reachable"
"hands-on-heavy",20,1,0.63,"retained-rights",12.59516410588406,107.64288767999999,120,"reachable"
"hands-on-heavy",20,1,0.63,"growth-only",17.171377151991308,104.13408,120,"reachable"
"hands-on-heavy",20,1,0.64,"retained-rights",12.386289435066988,107.88674304000001,120,"reachable"
"hands-on-heavy",20,1,0.64,"growth-only",17.06315312784121,104.32224000000001,120,"reachable"
"hands-on-heavy",20,1,0.65,"retained-rights",12.178865403602002,108.13059839999998,120,"reachable"
"hands-on-heavy",20,1,0.65,"growth-only",16.956401079573546,104.5104,120,"reachable"
"hands-on-heavy",20,1,0.66,"retained-rights",11.972873690325535,108.37445376000001,120,"reachable"
"hands-on-heavy",20,1,0.66,"growth-only",16.851089165903854,104.69856,120,"reachable"
"hands-on-heavy",20,1,0.67,"retained-rights",11.768296313188786,108.61830911999999,120,"reachable"
"hands-on-heavy",20,1,0.67,"growth-only",16.747186503985102,104.88672000000001,120,"reachable"
"hands-on-heavy",20,1,0.68,"retained-rights",11.565115620965049,108.86216448000002,120,"reachable"
"hands-on-heavy",20,1,0.68,"growth-only",16.644663132242044,105.07488000000001,120,"reachable"
"hands-on-heavy",20,1,0.69,"retained-rights",11.363314285209203,109.10601983999999,120,"reachable"
"hands-on-heavy",20,1,0.69,"growth-only",16.543489974971326,105.26303999999999,120,"reachable"
"hands-on-heavy",20,1,0.7,"retained-rights",11.162875292460184,109.34987519999999,120,"reachable"
"hands-on-heavy",20,1,0.7,"growth-only",16.443638808608462,105.45120000000001,120,"reachable"
"hands-on-heavy",20,1,0.71,"retained-rights",10.963781936677597,109.59373056,120,"reachable"
"hands-on-heavy",20,1,0.71,"growth-only",16.34508222956821,105.63936000000001,120,"reachable"
"hands-on-heavy",20,1,0.72,"retained-rights",10.766017811904295,109.83758592,120,"reachable"
"hands-on-heavy",20,1,0.72,"growth-only",16.247793623572115,105.82751999999999,120,"reachable"
"hands-on-heavy",20,1,0.73,"retained-rights",10.56956680514649,110.08144127999999,120,"reachable"
"hands-on-heavy",20,1,0.73,"growth-only",16.151747136381324,106.01568000000002,120,"reachable"
"hands-on-heavy",20,1,0.74,"retained-rights",10.374413089464095,110.32529663999999,120,"reachable"
"hands-on-heavy",20,1,0.74,"growth-only",16.05691764585895,106.20384,120,"reachable"
"hands-on-heavy",20,1,0.75,"retained-rights",10.180541117263541,110.56915199999999,120,"reachable"
"hands-on-heavy",20,1,0.75,"growth-only",15.963280735290052,106.392,120,"reachable"
"hands-on-heavy",20,1,0.76,"retained-rights",9.98793561378617,110.81300736,120,"reachable"
"hands-on-heavy",20,1,0.76,"growth-only",15.87081266789272,106.58016,120,"reachable"
"hands-on-heavy",20,1,0.77,"retained-rights",9.796581570785378,111.05686272,120,"reachable"
"hands-on-heavy",20,1,0.77,"growth-only",15.779490362456983,106.76832,120,"reachable"
"hands-on-heavy",20,1,0.78,"retained-rights",9.606464240385781,111.30071808,120,"reachable"
"hands-on-heavy",20,1,0.78,"growth-only",15.689291370052704,106.95648,120,"reachable"
"hands-on-heavy",20,1,0.79,"retained-rights",9.417569129118553,111.54457344,120,"reachable"
"hands-on-heavy",20,1,0.79,"growth-only",15.600193851750731,107.14464000000001,120,"reachable"
"hands-on-heavy",20,1,0.8,"retained-rights",9.229881992126288,111.78842879999999,120,"reachable"
"hands-on-heavy",20,1,0.8,"growth-only",15.512176557305569,107.3328,120,"reachable"
"hands-on-heavy",20,1,0.81,"retained-rights",9.043388827532306,112.03228415999999,120,"reachable"
"hands-on-heavy",20,1,0.81,"growth-only",15.425218804749985,107.52096,120,"reachable"
"hands-on-heavy",20,1,0.82,"retained-rights",8.858075870968229,112.27613952,120,"reachable"
"hands-on-heavy",20,1,0.82,"growth-only",15.339300460855654,107.70912000000001,120,"reachable"
"hands-on-heavy",20,1,0.83,"retained-rights",8.67392959025497,112.51999488,120,"reachable"
"hands-on-heavy",20,1,0.83,"growth-only",15.254401922416406,107.89728000000001,120,"reachable"
"hands-on-heavy",20,1,0.84,"retained-rights",8.490936680231664,112.76385024,120,"reachable"
"hands-on-heavy",20,1,0.84,"growth-only",15.170504098313021,108.08544,120,"reachable"
"hands-on-heavy",20,1,0.85,"retained-rights",8.309084057727834,113.0077056,120,"reachable"
"hands-on-heavy",20,1,0.85,"growth-only",15.087588392320761,108.27359999999999,120,"reachable"
"hands-on-heavy",20,1,0.86,"retained-rights",8.128358856673866,113.25156095999999,120,"reachable"
"hands-on-heavy",20,1,0.86,"growth-only",15.005636686623692,108.46176000000001,120,"reachable"
"hands-on-heavy",20,1,0.87,"retained-rights",7.9487484233456085,113.49541632,120,"reachable"
"hands-on-heavy",20,1,0.87,"growth-only",14.924631326000991,108.64992,120,"reachable"
"hands-on-heavy",20,1,0.88,"retained-rights",7.770240311738119,113.73927168,120,"reachable"
"hands-on-heavy",20,1,0.88,"growth-only",14.844555102653189,108.83808000000002,120,"reachable"
"hands-on-heavy",20,1,0.89,"retained-rights",7.592822279064926,113.98312704,120,"reachable"
"hands-on-heavy",20,1,0.89,"growth-only",14.765391241637293,109.02624,120,"reachable"
"hands-on-heavy",20,1,0.9,"retained-rights",7.416482281378367,114.2269824,120,"reachable"
"hands-on-heavy",20,1,0.9,"growth-only",14.687123386882428,109.2144,120,"reachable"
"hands-on-heavy",20,1,0.91,"retained-rights",7.241208469307425,114.47083776,120,"reachable"
"hands-on-heavy",20,1,0.91,"growth-only",14.609735587758067,109.40256,120,"reachable"
"hands-on-heavy",20,1,0.92,"retained-rights",7.066989183908889,114.71469311999999,120,"reachable"
"hands-on-heavy",20,1,0.92,"growth-only",14.533212286169483,109.59072,120,"reachable"
"hands-on-heavy",20,1,0.93,"retained-rights",6.893812952628631,114.95854848,120,"reachable"
"hands-on-heavy",20,1,0.93,"growth-only",14.45753830415557,109.77888,120,"reachable"
"hands-on-heavy",20,1,0.94,"retained-rights",6.721668485369303,115.20240384,120,"reachable"
"hands-on-heavy",20,1,0.94,"growth-only",14.38269883196619,109.96704,120,"reachable"
"hands-on-heavy",20,1,0.95,"retained-rights",6.55054467066114,115.4462592,120,"reachable"
"hands-on-heavy",20,1,0.95,"growth-only",14.308679416597014,110.15520000000001,120,"reachable"
"hands-on-heavy",20,1,0.96,"retained-rights",6.380430571932583,115.69011456,120,"reachable"
"hands-on-heavy",20,1,0.96,"growth-only",14.235465950760995,110.34336,120,"reachable"
"hands-on-heavy",20,1,0.97,"retained-rights",6.2113154238777835,115.93396992,120,"reachable"
"hands-on-heavy",20,1,0.97,"growth-only",14.163044662276846,110.53152,120,"reachable"
"hands-on-heavy",20,1,0.98,"retained-rights",6.043188628917817,116.17782528000001,120,"reachable"
"hands-on-heavy",20,1,0.98,"growth-only",14.09140210385611,110.71968000000001,120,"reachable"
"hands-on-heavy",20,1,0.99,"retained-rights",5.876039753752704,116.42168064,120,"reachable"
"hands-on-heavy",20,1,0.99,"growth-only",14.020525143270678,110.90784000000001,120,"reachable"
"hands-on-heavy",20,1,1,"retained-rights",5.709858526001654,116.665536,120,"reachable"
"hands-on-heavy",20,1,1,"growth-only",13.950400953884401,111.09599999999999,120,"reachable"
"hands-on-heavy",40,0,0,"retained-rights","",98.2,127.55102040816324,"not-reachable"
"hands-on-heavy",40,0,0,"growth-only","",98.2,127.55102040816324,"not-reachable"
"hands-on-heavy",40,0,0.01,"retained-rights","",98.47551020408163,127.55102040816324,"not-reachable"
"hands-on-heavy",40,0,0.01,"growth-only","",98.47551020408163,127.55102040816324,"not-reachable"
"hands-on-heavy",40,0,0.02,"retained-rights","",98.75102040816326,127.55102040816324,"not-reachable"
"hands-on-heavy",40,0,0.02,"growth-only","",98.75102040816326,127.55102040816324,"not-reachable"
"hands-on-heavy",40,0,0.03,"retained-rights","",99.02653061224488,127.55102040816324,"not-reachable"
"hands-on-heavy",40,0,0.03,"growth-only","",99.02653061224488,127.55102040816324,"not-reachable"
"hands-on-heavy",40,0,0.04,"retained-rights","",99.30204081632652,127.55102040816324,"not-reachable"
"hands-on-heavy",40,0,0.04,"growth-only","",99.30204081632652,127.55102040816324,"not-reachable"
"hands-on-heavy",40,0,0.05,"retained-rights","",99.57755102040815,127.55102040816324,"not-reachable"
"hands-on-heavy",40,0,0.05,"growth-only","",99.57755102040815,127.55102040816324,"not-reachable"
"hands-on-heavy",40,0,0.06,"retained-rights","",99.8530612244898,127.55102040816324,"not-reachable"
"hands-on-heavy",40,0,0.06,"growth-only","",99.8530612244898,127.55102040816324,"not-reachable"
"hands-on-heavy",40,0,0.07,"retained-rights",25.7142857142856,100.12857142857143,127.55102040816324,"reachable"
"hands-on-heavy",40,0,0.07,"growth-only",25.7142857142856,100.12857142857143,127.55102040816324,"reachable"
"hands-on-heavy",40,0,0.08,"retained-rights",22.499999999999897,100.40408163265306,127.55102040816324,"reachable"
"hands-on-heavy",40,0,0.08,"growth-only",22.499999999999897,100.40408163265306,127.55102040816324,"reachable"
"hands-on-heavy",40,0,0.09,"retained-rights",19.999999999999908,100.67959183673469,127.55102040816324,"reachable"
"hands-on-heavy",40,0,0.09,"growth-only",19.999999999999908,100.67959183673469,127.55102040816324,"reachable"
"hands-on-heavy",40,0,0.1,"retained-rights",17.99999999999993,100.95510204081633,127.55102040816324,"reachable"
"hands-on-heavy",40,0,0.1,"growth-only",17.99999999999993,100.95510204081633,127.55102040816324,"reachable"
"hands-on-heavy",40,0,0.11,"retained-rights",16.363636363636292,101.23061224489796,127.55102040816324,"reachable"
"hands-on-heavy",40,0,0.11,"growth-only",16.363636363636292,101.23061224489796,127.55102040816324,"reachable"
"hands-on-heavy",40,0,0.12,"retained-rights",14.999999999999925,101.50612244897958,127.55102040816324,"reachable"
"hands-on-heavy",40,0,0.12,"growth-only",14.999999999999925,101.50612244897958,127.55102040816324,"reachable"
"hands-on-heavy",40,0,0.13,"retained-rights",13.846153846153776,101.78163265306122,127.55102040816324,"reachable"
"hands-on-heavy",40,0,0.13,"growth-only",13.846153846153776,101.78163265306122,127.55102040816324,"reachable"
"hands-on-heavy",40,0,0.14,"retained-rights",12.857142857142811,102.05714285714285,127.55102040816324,"reachable"
"hands-on-heavy",40,0,0.14,"growth-only",12.857142857142811,102.05714285714285,127.55102040816324,"reachable"
"hands-on-heavy",40,0,0.15,"retained-rights",11.999999999999943,102.33265306122448,127.55102040816324,"reachable"
"hands-on-heavy",40,0,0.15,"growth-only",11.999999999999943,102.33265306122448,127.55102040816324,"reachable"
"hands-on-heavy",40,0,0.16,"retained-rights",11.249999999999961,102.6081632653061,127.55102040816324,"reachable"
"hands-on-heavy",40,0,0.16,"growth-only",11.249999999999961,102.6081632653061,127.55102040816324,"reachable"
"hands-on-heavy",40,0,0.17,"retained-rights",10.58823529411761,102.88367346938776,127.55102040816324,"reachable"
"hands-on-heavy",40,0,0.17,"growth-only",10.58823529411761,102.88367346938776,127.55102040816324,"reachable"
"hands-on-heavy",40,0,0.18,"retained-rights",9.999999999999964,103.15918367346939,127.55102040816324,"reachable"
"hands-on-heavy",40,0,0.18,"growth-only",9.999999999999964,103.15918367346939,127.55102040816324,"reachable"
"hands-on-heavy",40,0,0.19,"retained-rights",9.47368421052628,103.43469387755103,127.55102040816324,"reachable"
"hands-on-heavy",40,0,0.19,"growth-only",9.47368421052628,103.43469387755103,127.55102040816324,"reachable"
"hands-on-heavy",40,0,0.2,"retained-rights",8.999999999999964,103.71020408163265,127.55102040816324,"reachable"
"hands-on-heavy",40,0,0.2,"growth-only",8.999999999999964,103.71020408163265,127.55102040816324,"reachable"
"hands-on-heavy",40,0,0.21,"retained-rights",8.571428571428541,103.98571428571428,127.55102040816324,"reachable"
"hands-on-heavy",40,0,0.21,"growth-only",8.571428571428541,103.98571428571428,127.55102040816324,"reachable"
"hands-on-heavy",40,0,0.22,"retained-rights",8.181818181818157,104.26122448979591,127.55102040816324,"reachable"
"hands-on-heavy",40,0,0.22,"growth-only",8.181818181818157,104.26122448979591,127.55102040816324,"reachable"
"hands-on-heavy",40,0,0.23,"retained-rights",7.826086956521716,104.53673469387755,127.55102040816324,"reachable"
"hands-on-heavy",40,0,0.23,"growth-only",7.826086956521716,104.53673469387755,127.55102040816324,"reachable"
"hands-on-heavy",40,0,0.24,"retained-rights",7.499999999999973,104.81224489795918,127.55102040816324,"reachable"
"hands-on-heavy",40,0,0.24,"growth-only",7.499999999999973,104.81224489795918,127.55102040816324,"reachable"
"hands-on-heavy",40,0,0.25,"retained-rights",7.199999999999984,105.0877551020408,127.55102040816324,"reachable"
"hands-on-heavy",40,0,0.25,"growth-only",7.199999999999984,105.0877551020408,127.55102040816324,"reachable"
"hands-on-heavy",40,0,0.26,"retained-rights",6.9230769230768985,105.36326530612243,127.55102040816324,"reachable"
"hands-on-heavy",40,0,0.26,"growth-only",6.9230769230768985,105.36326530612243,127.55102040816324,"reachable"
"hands-on-heavy",40,0,0.27,"retained-rights",6.666666666666643,105.63877551020407,127.55102040816324,"reachable"
"hands-on-heavy",40,0,0.27,"growth-only",6.666666666666643,105.63877551020407,127.55102040816324,"reachable"
"hands-on-heavy",40,0,0.28,"retained-rights",6.428571428571406,105.91428571428571,127.55102040816324,"reachable"
"hands-on-heavy",40,0,0.28,"growth-only",6.428571428571406,105.91428571428571,127.55102040816324,"reachable"
"hands-on-heavy",40,0,0.29,"retained-rights",6.206896551724128,106.18979591836735,127.55102040816324,"reachable"
"hands-on-heavy",40,0,0.29,"growth-only",6.206896551724128,106.18979591836735,127.55102040816324,"reachable"
"hands-on-heavy",40,0,0.3,"retained-rights",5.999999999999983,106.46530612244898,127.55102040816324,"reachable"
"hands-on-heavy",40,0,0.3,"growth-only",5.999999999999983,106.46530612244898,127.55102040816324,"reachable"
"hands-on-heavy",40,0,0.31,"retained-rights",5.806451612903207,106.7408163265306,127.55102040816324,"reachable"
"hands-on-heavy",40,0,0.31,"growth-only",5.806451612903207,106.7408163265306,127.55102040816324,"reachable"
"hands-on-heavy",40,0,0.32,"retained-rights",5.624999999999991,107.01632653061223,127.55102040816324,"reachable"
"hands-on-heavy",40,0,0.32,"growth-only",5.624999999999991,107.01632653061223,127.55102040816324,"reachable"
"hands-on-heavy",40,0,0.33,"retained-rights",5.454545454545445,107.29183673469387,127.55102040816324,"reachable"
"hands-on-heavy",40,0,0.33,"growth-only",5.454545454545445,107.29183673469387,127.55102040816324,"reachable"
"hands-on-heavy",40,0,0.34,"retained-rights",5.294117647058805,107.5673469387755,127.55102040816324,"reachable"
"hands-on-heavy",40,0,0.34,"growth-only",5.294117647058805,107.5673469387755,127.55102040816324,"reachable"
"hands-on-heavy",40,0,0.35,"retained-rights",5.142857142857138,107.84285714285713,127.55102040816324,"reachable"
"hands-on-heavy",40,0,0.35,"growth-only",5.142857142857138,107.84285714285713,127.55102040816324,"reachable"
"hands-on-heavy",40,0,0.36,"retained-rights",4.999999999999982,108.11836734693875,127.55102040816324,"reachable"
"hands-on-heavy",40,0,0.36,"growth-only",4.999999999999982,108.11836734693875,127.55102040816324,"reachable"
"hands-on-heavy",40,0,0.37,"retained-rights",4.86486486486486,108.3938775510204,127.55102040816324,"reachable"
"hands-on-heavy",40,0,0.37,"growth-only",4.86486486486486,108.3938775510204,127.55102040816324,"reachable"
"hands-on-heavy",40,0,0.38,"retained-rights",4.73684210526315,108.66938775510202,127.55102040816324,"reachable"
"hands-on-heavy",40,0,0.38,"growth-only",4.73684210526315,108.66938775510202,127.55102040816324,"reachable"
"hands-on-heavy",40,0,0.39,"retained-rights",4.615384615384599,108.94489795918368,127.55102040816324,"reachable"
"hands-on-heavy",40,0,0.39,"growth-only",4.615384615384599,108.94489795918368,127.55102040816324,"reachable"
"hands-on-heavy",40,0,0.4,"retained-rights",4.499999999999993,109.2204081632653,127.55102040816324,"reachable"
"hands-on-heavy",40,0,0.4,"growth-only",4.499999999999993,109.2204081632653,127.55102040816324,"reachable"
"hands-on-heavy",40,0,0.41,"retained-rights",4.390243902439006,109.49591836734693,127.55102040816324,"reachable"
"hands-on-heavy",40,0,0.41,"growth-only",4.390243902439006,109.49591836734693,127.55102040816324,"reachable"
"hands-on-heavy",40,0,0.42,"retained-rights",4.2857142857142705,109.77142857142856,127.55102040816324,"reachable"
"hands-on-heavy",40,0,0.42,"growth-only",4.2857142857142705,109.77142857142856,127.55102040816324,"reachable"
"hands-on-heavy",40,0,0.43,"retained-rights",4.1860465116279055,110.0469387755102,127.55102040816324,"reachable"
"hands-on-heavy",40,0,0.43,"growth-only",4.1860465116279055,110.0469387755102,127.55102040816324,"reachable"
"hands-on-heavy",40,0,0.44,"retained-rights",4.090909090909078,110.32244897959183,127.55102040816324,"reachable"
"hands-on-heavy",40,0,0.44,"growth-only",4.090909090909078,110.32244897959183,127.55102040816324,"reachable"
"hands-on-heavy",40,0,0.45,"retained-rights",3.9999999999999813,110.59795918367345,127.55102040816324,"reachable"
"hands-on-heavy",40,0,0.45,"growth-only",3.9999999999999813,110.59795918367345,127.55102040816324,"reachable"
"hands-on-heavy",40,0,0.46,"retained-rights",3.913043478260869,110.87346938775508,127.55102040816324,"reachable"
"hands-on-heavy",40,0,0.46,"growth-only",3.913043478260869,110.87346938775508,127.55102040816324,"reachable"
"hands-on-heavy",40,0,0.47,"retained-rights",3.8297872340425476,111.14897959183672,127.55102040816324,"reachable"
"hands-on-heavy",40,0,0.47,"growth-only",3.8297872340425476,111.14897959183672,127.55102040816324,"reachable"
"hands-on-heavy",40,0,0.48,"retained-rights",3.7499999999999867,111.42448979591835,127.55102040816324,"reachable"
"hands-on-heavy",40,0,0.48,"growth-only",3.7499999999999867,111.42448979591835,127.55102040816324,"reachable"
"hands-on-heavy",40,0,0.49,"retained-rights",3.6734693877551017,111.69999999999997,127.55102040816324,"reachable"
"hands-on-heavy",40,0,0.49,"growth-only",3.6734693877551017,111.69999999999997,127.55102040816324,"reachable"
"hands-on-heavy",40,0,0.5,"retained-rights",3.600000000000003,111.9755102040816,127.55102040816324,"reachable"
"hands-on-heavy",40,0,0.5,"growth-only",3.600000000000003,111.9755102040816,127.55102040816324,"reachable"
"hands-on-heavy",40,0,0.51,"retained-rights",3.52941176470587,112.25102040816326,127.55102040816324,"reachable"
"hands-on-heavy",40,0,0.51,"growth-only",3.52941176470587,112.25102040816326,127.55102040816324,"reachable"
"hands-on-heavy",40,0,0.52,"retained-rights",3.4615384615384492,112.5265306122449,127.55102040816324,"reachable"
"hands-on-heavy",40,0,0.52,"growth-only",3.4615384615384492,112.5265306122449,127.55102040816324,"reachable"
"hands-on-heavy",40,0,0.53,"retained-rights",3.396226415094339,112.80204081632652,127.55102040816324,"reachable"
"hands-on-heavy",40,0,0.53,"growth-only",3.396226415094339,112.80204081632652,127.55102040816324,"reachable"
"hands-on-heavy",40,0,0.54,"retained-rights",3.3333333333333215,113.07755102040815,127.55102040816324,"reachable"
"hands-on-heavy",40,0,0.54,"growth-only",3.3333333333333215,113.07755102040815,127.55102040816324,"reachable"
"hands-on-heavy",40,0,0.55,"retained-rights",3.2727272727272716,113.35306122448978,127.55102040816324,"reachable"
"hands-on-heavy",40,0,0.55,"growth-only",3.2727272727272716,113.35306122448978,127.55102040816324,"reachable"
"hands-on-heavy",40,0,0.56,"retained-rights",3.214285714285703,113.6285714285714,127.55102040816324,"reachable"
"hands-on-heavy",40,0,0.56,"growth-only",3.214285714285703,113.6285714285714,127.55102040816324,"reachable"
"hands-on-heavy",40,0,0.57,"retained-rights",3.157894736842093,113.90408163265305,127.55102040816324,"reachable"
"hands-on-heavy",40,0,0.57,"growth-only",3.157894736842093,113.90408163265305,127.55102040816324,"reachable"
"hands-on-heavy",40,0,0.58,"retained-rights",3.103448275862064,114.17959183673467,127.55102040816324,"reachable"
"hands-on-heavy",40,0,0.58,"growth-only",3.103448275862064,114.17959183673467,127.55102040816324,"reachable"
"hands-on-heavy",40,0,0.59,"retained-rights",3.050847457627115,114.4551020408163,127.55102040816324,"reachable"
"hands-on-heavy",40,0,0.59,"growth-only",3.050847457627115,114.4551020408163,127.55102040816324,"reachable"
"hands-on-heavy",40,0,0.6,"retained-rights",3.0000000000000027,114.73061224489794,127.55102040816324,"reachable"
"hands-on-heavy",40,0,0.6,"growth-only",3.0000000000000027,114.73061224489794,127.55102040816324,"reachable"
"hands-on-heavy",40,0,0.61,"retained-rights",2.950819672131133,115.00612244897958,127.55102040816324,"reachable"
"hands-on-heavy",40,0,0.61,"growth-only",2.950819672131133,115.00612244897958,127.55102040816324,"reachable"
"hands-on-heavy",40,0,0.62,"retained-rights",2.9032258064516148,115.28163265306122,127.55102040816324,"reachable"
"hands-on-heavy",40,0,0.62,"growth-only",2.9032258064516148,115.28163265306122,127.55102040816324,"reachable"
"hands-on-heavy",40,0,0.63,"retained-rights",2.857142857142847,115.55714285714285,127.55102040816324,"reachable"
"hands-on-heavy",40,0,0.63,"growth-only",2.857142857142847,115.55714285714285,127.55102040816324,"reachable"
"hands-on-heavy",40,0,0.64,"retained-rights",2.8124999999999956,115.83265306122448,127.55102040816324,"reachable"
"hands-on-heavy",40,0,0.64,"growth-only",2.8124999999999956,115.83265306122448,127.55102040816324,"reachable"
"hands-on-heavy",40,0,0.65,"retained-rights",2.7692307692307683,116.1081632653061,127.55102040816324,"reachable"
"hands-on-heavy",40,0,0.65,"growth-only",2.7692307692307683,116.1081632653061,127.55102040816324,"reachable"
"hands-on-heavy",40,0,0.66,"retained-rights",2.7272727272727337,116.38367346938774,127.55102040816324,"reachable"
"hands-on-heavy",40,0,0.66,"growth-only",2.7272727272727337,116.38367346938774,127.55102040816324,"reachable"
"hands-on-heavy",40,0,0.67,"retained-rights",2.686567164179099,116.65918367346937,127.55102040816324,"reachable"
"hands-on-heavy",40,0,0.67,"growth-only",2.686567164179099,116.65918367346937,127.55102040816324,"reachable"
"hands-on-heavy",40,0,0.68,"retained-rights",2.6470588235294024,116.934693877551,127.55102040816324,"reachable"
"hands-on-heavy",40,0,0.68,"growth-only",2.6470588235294024,116.934693877551,127.55102040816324,"reachable"
"hands-on-heavy",40,0,0.69,"retained-rights",2.60869565217392,117.21020408163263,127.55102040816324,"reachable"
"hands-on-heavy",40,0,0.69,"growth-only",2.60869565217392,117.21020408163263,127.55102040816324,"reachable"
"hands-on-heavy",40,0,0.7,"retained-rights",2.57142857142858,117.48571428571427,127.55102040816324,"reachable"
"hands-on-heavy",40,0,0.7,"growth-only",2.57142857142858,117.48571428571427,127.55102040816324,"reachable"
"hands-on-heavy",40,0,0.71,"retained-rights",2.5352112676056304,117.7612244897959,127.55102040816324,"reachable"
"hands-on-heavy",40,0,0.71,"growth-only",2.5352112676056304,117.7612244897959,127.55102040816324,"reachable"
"hands-on-heavy",40,0,0.72,"retained-rights",2.499999999999991,118.03673469387752,127.55102040816324,"reachable"
"hands-on-heavy",40,0,0.72,"growth-only",2.499999999999991,118.03673469387752,127.55102040816324,"reachable"
"hands-on-heavy",40,0,0.73,"retained-rights",2.465753424657535,118.31224489795915,127.55102040816324,"reachable"
"hands-on-heavy",40,0,0.73,"growth-only",2.465753424657535,118.31224489795915,127.55102040816324,"reachable"
"hands-on-heavy",40,0,0.74,"retained-rights",2.43243243243243,118.5877551020408,127.55102040816324,"reachable"
"hands-on-heavy",40,0,0.74,"growth-only",2.43243243243243,118.5877551020408,127.55102040816324,"reachable"
"hands-on-heavy",40,0,0.75,"retained-rights",2.400000000000002,118.86326530612243,127.55102040816324,"reachable"
"hands-on-heavy",40,0,0.75,"growth-only",2.400000000000002,118.86326530612243,127.55102040816324,"reachable"
"hands-on-heavy",40,0,0.76,"retained-rights",2.368421052631575,119.13877551020407,127.55102040816324,"reachable"
"hands-on-heavy",40,0,0.76,"growth-only",2.368421052631575,119.13877551020407,127.55102040816324,"reachable"
"hands-on-heavy",40,0,0.77,"retained-rights",2.3376623376623273,119.4142857142857,127.55102040816324,"reachable"
"hands-on-heavy",40,0,0.77,"growth-only",2.3376623376623273,119.4142857142857,127.55102040816324,"reachable"
"hands-on-heavy",40,0,0.78,"retained-rights",2.3076923076922995,119.68979591836732,127.55102040816324,"reachable"
"hands-on-heavy",40,0,0.78,"growth-only",2.3076923076922995,119.68979591836732,127.55102040816324,"reachable"
"hands-on-heavy",40,0,0.79,"retained-rights",2.278481012658218,119.96530612244895,127.55102040816324,"reachable"
"hands-on-heavy",40,0,0.79,"growth-only",2.278481012658218,119.96530612244895,127.55102040816324,"reachable"
"hands-on-heavy",40,0,0.8,"retained-rights",2.2499999999999964,120.24081632653059,127.55102040816324,"reachable"
"hands-on-heavy",40,0,0.8,"growth-only",2.2499999999999964,120.24081632653059,127.55102040816324,"reachable"
"hands-on-heavy",40,0,0.81,"retained-rights",2.2222222222222143,120.51632653061222,127.55102040816324,"reachable"
"hands-on-heavy",40,0,0.81,"growth-only",2.2222222222222143,120.51632653061222,127.55102040816324,"reachable"
"hands-on-heavy",40,0,0.82,"retained-rights",2.195121951219514,120.79183673469385,127.55102040816324,"reachable"
"hands-on-heavy",40,0,0.82,"growth-only",2.195121951219514,120.79183673469385,127.55102040816324,"reachable"
"hands-on-heavy",40,0,0.83,"retained-rights",2.168674698795181,121.06734693877547,127.55102040816324,"reachable"
"hands-on-heavy",40,0,0.83,"growth-only",2.168674698795181,121.06734693877547,127.55102040816324,"reachable"
"hands-on-heavy",40,0,0.84,"retained-rights",2.1428571428571352,121.34285714285713,127.55102040816324,"reachable"
"hands-on-heavy",40,0,0.84,"growth-only",2.1428571428571352,121.34285714285713,127.55102040816324,"reachable"
"hands-on-heavy",40,0,0.85,"retained-rights",2.117647058823535,121.61836734693875,127.55102040816324,"reachable"
"hands-on-heavy",40,0,0.85,"growth-only",2.117647058823535,121.61836734693875,127.55102040816324,"reachable"
"hands-on-heavy",40,0,0.86,"retained-rights",2.0930232558139528,121.8938775510204,127.55102040816324,"reachable"
"hands-on-heavy",40,0,0.86,"growth-only",2.0930232558139528,121.8938775510204,127.55102040816324,"reachable"
"hands-on-heavy",40,0,0.87,"retained-rights",2.0689655172413834,122.16938775510202,127.55102040816324,"reachable"
"hands-on-heavy",40,0,0.87,"growth-only",2.0689655172413834,122.16938775510202,127.55102040816324,"reachable"
"hands-on-heavy",40,0,0.88,"retained-rights",2.0454545454545503,122.44489795918365,127.55102040816324,"reachable"
"hands-on-heavy",40,0,0.88,"growth-only",2.0454545454545503,122.44489795918365,127.55102040816324,"reachable"
"hands-on-heavy",40,0,0.89,"retained-rights",2.0224719101123556,122.72040816326528,127.55102040816324,"reachable"
"hands-on-heavy",40,0,0.89,"growth-only",2.0224719101123556,122.72040816326528,127.55102040816324,"reachable"
"hands-on-heavy",40,0,0.9,"retained-rights",2.0000000000000018,122.99591836734692,127.55102040816324,"reachable"
"hands-on-heavy",40,0,0.9,"growth-only",2.0000000000000018,122.99591836734692,127.55102040816324,"reachable"
"hands-on-heavy",40,0,0.91,"retained-rights",1.978021978021971,123.27142857142854,127.55102040816324,"reachable"
"hands-on-heavy",40,0,0.91,"growth-only",1.978021978021971,123.27142857142854,127.55102040816324,"reachable"
"hands-on-heavy",40,0,0.92,"retained-rights",1.9565217391304346,123.54693877551017,127.55102040816324,"reachable"
"hands-on-heavy",40,0,0.92,"growth-only",1.9565217391304346,123.54693877551017,127.55102040816324,"reachable"
"hands-on-heavy",40,0,0.93,"retained-rights",1.9354838709677358,123.8224489795918,127.55102040816324,"reachable"
"hands-on-heavy",40,0,0.93,"growth-only",1.9354838709677358,123.8224489795918,127.55102040816324,"reachable"
"hands-on-heavy",40,0,0.94,"retained-rights",1.914893617021285,124.09795918367344,127.55102040816324,"reachable"
"hands-on-heavy",40,0,0.94,"growth-only",1.914893617021285,124.09795918367344,127.55102040816324,"reachable"
"hands-on-heavy",40,0,0.95,"retained-rights",1.8947368421052602,124.37346938775507,127.55102040816324,"reachable"
"hands-on-heavy",40,0,0.95,"growth-only",1.8947368421052602,124.37346938775507,127.55102040816324,"reachable"
"hands-on-heavy",40,0,0.96,"retained-rights",1.8750000000000044,124.64897959183669,127.55102040816324,"reachable"
"hands-on-heavy",40,0,0.96,"growth-only",1.8750000000000044,124.64897959183669,127.55102040816324,"reachable"
"hands-on-heavy",40,0,0.97,"retained-rights",1.855670103092777,124.92448979591835,127.55102040816324,"reachable"
"hands-on-heavy",40,0,0.97,"growth-only",1.855670103092777,124.92448979591835,127.55102040816324,"reachable"
"hands-on-heavy",40,0,0.98,"retained-rights",1.8367346938775508,125.19999999999997,127.55102040816324,"reachable"
"hands-on-heavy",40,0,0.98,"growth-only",1.8367346938775508,125.19999999999997,127.55102040816324,"reachable"
"hands-on-heavy",40,0,0.99,"retained-rights",1.81818181818183,125.47551020408162,127.55102040816324,"reachable"
"hands-on-heavy",40,0,0.99,"growth-only",1.81818181818183,125.47551020408162,127.55102040816324,"reachable"
"hands-on-heavy",40,0,1,"retained-rights",1.8000000000000016,125.75102040816324,127.55102040816324,"reachable"
"hands-on-heavy",40,0,1,"growth-only",1.8000000000000016,125.75102040816324,127.55102040816324,"reachable"
"hands-on-heavy",40,0.5,0,"retained-rights","",98.2,127.55102040816324,"not-reachable"
"hands-on-heavy",40,0.5,0,"growth-only","",98.2,127.55102040816324,"not-reachable"
"hands-on-heavy",40,0.5,0.01,"retained-rights","",98.47551020408163,127.55102040816324,"not-reachable"
"hands-on-heavy",40,0.5,0.01,"growth-only","",98.47551020408163,127.55102040816324,"not-reachable"
"hands-on-heavy",40,0.5,0.02,"retained-rights","",98.75102040816326,127.55102040816324,"not-reachable"
"hands-on-heavy",40,0.5,0.02,"growth-only","",98.75102040816326,127.55102040816324,"not-reachable"
"hands-on-heavy",40,0.5,0.03,"retained-rights","",99.02653061224488,127.55102040816324,"not-reachable"
"hands-on-heavy",40,0.5,0.03,"growth-only","",99.02653061224488,127.55102040816324,"not-reachable"
"hands-on-heavy",40,0.5,0.04,"retained-rights","",99.30204081632652,127.55102040816324,"not-reachable"
"hands-on-heavy",40,0.5,0.04,"growth-only","",99.30204081632652,127.55102040816324,"not-reachable"
"hands-on-heavy",40,0.5,0.05,"retained-rights","",99.57755102040815,127.55102040816324,"not-reachable"
"hands-on-heavy",40,0.5,0.05,"growth-only","",99.57755102040815,127.55102040816324,"not-reachable"
"hands-on-heavy",40,0.5,0.06,"retained-rights","",99.8530612244898,127.55102040816324,"not-reachable"
"hands-on-heavy",40,0.5,0.06,"growth-only","",99.8530612244898,127.55102040816324,"not-reachable"
"hands-on-heavy",40,0.5,0.07,"retained-rights",27.260181856025632,100.12857142857143,127.55102040816324,"reachable"
"hands-on-heavy",40,0.5,0.07,"growth-only",27.277164015290943,100.12857142857143,127.55102040816324,"reachable"
"hands-on-heavy",40,0.5,0.08,"retained-rights",26.651278630717545,100.40408163265306,127.55102040816324,"reachable"
"hands-on-heavy",40,0.5,0.08,"growth-only",26.709842958127815,100.40408163265306,127.55102040816324,"reachable"
"hands-on-heavy",40,0.5,0.09,"retained-rights",26.061080843527364,100.67959183673469,127.55102040816324,"reachable"
"hands-on-heavy",40,0.5,0.09,"growth-only",26.167576442644467,100.67959183673469,127.55102040816324,"reachable"
"hands-on-heavy",40,0.5,0.1,"retained-rights",25.48864816005554,100.95510204081633,127.55102040816324,"reachable"
"hands-on-heavy",40,0.5,0.1,"growth-only",25.648632340706712,100.95510204081633,127.55102040816324,"reachable"
"hands-on-heavy",40,0.5,0.11,"retained-rights",24.933106785848167,101.23061224489796,127.55102040816324,"reachable"
"hands-on-heavy",40,0.5,0.11,"growth-only",25.151442523643407,101.23061224489796,127.55102040816324,"reachable"
"hands-on-heavy",40,0.5,0.12,"retained-rights",24.393643392445895,101.50612244897958,127.55102040816324,"reachable"
"hands-on-heavy",40,0.5,0.12,"growth-only",24.67458317986708,101.50612244897958,127.55102040816324,"reachable"
"hands-on-heavy",40,0.5,0.13,"retained-rights",23.869499719959908,101.78163265306122,127.55102040816324,"reachable"
"hands-on-heavy",40,0.5,0.13,"growth-only",24.2167579796704,101.78163265306122,127.55102040816324,"reachable"
"hands-on-heavy",40,0.5,0.14,"retained-rights",23.359967767639933,102.05714285714285,127.55102040816324,"reachable"
"hands-on-heavy",40,0.5,0.14,"growth-only",23.776783607844433,102.05714285714285,127.55102040816324,"reachable"
"hands-on-heavy",40,0.5,0.15,"retained-rights",22.86438549715044,102.33265306122448,127.55102040816324,"reachable"
"hands-on-heavy",40,0.5,0.15,"growth-only",23.3535772763372,102.33265306122448,127.55102040816324,"reachable"
"hands-on-heavy",40,0.5,0.16,"retained-rights",22.382132984298675,102.6081632653061,127.55102040816324,"reachable"
"hands-on-heavy",40,0.5,0.16,"growth-only",22.94614590127111,102.6081632653061,127.55102040816324,"reachable"
"hands-on-heavy",40,0.5,0.17,"retained-rights",21.912628964174274,102.88367346938776,127.55102040816324,"reachable"
"hands-on-heavy",40,0.5,0.17,"growth-only",22.5535766858044,102.88367346938776,127.55102040816324,"reachable"
"hands-on-heavy",40,0.5,0.18,"retained-rights",21.45532772239449,103.15918367346939,127.55102040816324,"reachable"
"hands-on-heavy",40,0.5,0.18,"growth-only",22.175028895953265,103.15918367346939,127.55102040816324,"reachable"
"hands-on-heavy",40,0.5,0.19,"retained-rights",21.009716291661995,103.43469387755103,127.55102040816324,"reachable"
"hands-on-heavy",40,0.5,0.19,"growth-only",21.809726653140316,103.43469387755103,127.55102040816324,"reachable"
"hands-on-heavy",40,0.5,0.2,"retained-rights",20.57531191835078,103.71020408163265,127.55102040816324,"reachable"
"hands-on-heavy",40,0.5,0.2,"growth-only",21.456952596846477,103.71020408163265,127.55102040816324,"reachable"
"hands-on-heavy",40,0.5,0.21,"retained-rights",20.151659768506768,103.98571428571428,127.55102040816324,"reachable"
"hands-on-heavy",40,0.5,0.21,"growth-only",21.11604229480144,103.98571428571428,127.55102040816324,"reachable"
"hands-on-heavy",40,0.5,0.22,"retained-rights",19.73833084662864,104.26122448979591,127.55102040816324,"reachable"
"hands-on-heavy",40,0.5,0.22,"growth-only",20.786379297799094,104.26122448979591,127.55102040816324,"reachable"
"hands-on-heavy",40,0.5,0.23,"retained-rights",19.334920103989518,104.53673469387755,127.55102040816324,"reachable"
"hands-on-heavy",40,0.5,0.23,"growth-only",20.467390752355485,104.53673469387755,127.55102040816324,"reachable"
"hands-on-heavy",40,0.5,0.24,"retained-rights",18.94104471617213,104.81224489795918,127.55102040816324,"reachable"
"hands-on-heavy",40,0.5,0.24,"growth-only",20.15854349773334,104.81224489795918,127.55102040816324,"reachable"
"hands-on-heavy",40,0.5,0.25,"retained-rights",18.556342511988678,105.0877551020408,127.55102040816324,"reachable"
"hands-on-heavy",40,0.5,0.25,"growth-only",19.859340584882812,105.0877551020408,127.55102040816324,"reachable"
"hands-on-heavy",40,0.5,0.26,"retained-rights",18.18047053811278,105.36326530612243,127.55102040816324,"reachable"
"hands-on-heavy",40,0.5,0.26,"growth-only",19.56931816402394,105.36326530612243,127.55102040816324,"reachable"
"hands-on-heavy",40,0.5,0.27,"retained-rights",17.81310374561109,105.63877551020407,127.55102040816324,"reachable"
"hands-on-heavy",40,0.5,0.27,"growth-only",19.288042695263343,105.63877551020407,127.55102040816324,"reachable"
"hands-on-heavy",40,0.5,0.28,"retained-rights",17.453933786176922,105.91428571428571,127.55102040816324,"reachable"
"hands-on-heavy",40,0.5,0.28,"growth-only",19.01510844307197,105.91428571428571,127.55102040816324,"reachable"
"hands-on-heavy",40,0.5,0.29,"retained-rights",17.102667907267733,106.18979591836735,127.55102040816324,"reachable"
"hands-on-heavy",40,0.5,0.29,"growth-only",18.75013522086686,106.18979591836735,127.55102040816324,"reachable"
"hands-on-heavy",40,0.5,0.3,"retained-rights",16.759027936569225,106.46530612244898,127.55102040816324,"reachable"
"hands-on-heavy",40,0.5,0.3,"growth-only",18.49276635651944,106.46530612244898,127.55102040816324,"reachable"
"hands-on-heavy",40,0.5,0.31,"retained-rights",16.422749347273257,106.7408163265306,127.55102040816324,"reachable"
"hands-on-heavy",40,0.5,0.31,"growth-only",18.242666853495958,106.7408163265306,127.55102040816324,"reachable"
"hands-on-heavy",40,0.5,0.32,"retained-rights",16.093580396588635,107.01632653061223,127.55102040816324,"reachable"
"hands-on-heavy",40,0.5,0.32,"growth-only",17.999521725640477,107.01632653061223,127.55102040816324,"reachable"
"hands-on-heavy",40,0.5,0.33,"retained-rights",15.77128133072019,107.29183673469387,127.55102040816324,"reachable"
"hands-on-heavy",40,0.5,0.33,"growth-only",17.76303448643084,107.29183673469387,127.55102040816324,"reachable"
"hands-on-heavy",40,0.5,0.34,"retained-rights",15.455623650269601,107.5673469387755,127.55102040816324,"reachable"
"hands-on-heavy",40,0.5,0.34,"growth-only",17.532925775954734,107.5673469387755,127.55102040816324,"reachable"
"hands-on-heavy",40,0.5,0.35,"retained-rights",15.146389430643236,107.84285714285713,127.55102040816324,"reachable"
"hands-on-heavy",40,0.5,0.35,"growth-only",17.308932110925966,107.84285714285713,127.55102040816324,"reachable"
"hands-on-heavy",40,0.5,0.36,"retained-rights",14.843370692609481,108.11836734693875,127.55102040816324,"reachable"
"hands-on-heavy",40,0.5,0.36,"growth-only",17.09080474484852,108.11836734693875,127.55102040816324,"reachable"
"hands-on-heavy",40,0.5,0.37,"retained-rights",14.546368818641842,108.3938775510204,127.55102040816324,"reachable"
"hands-on-heavy",40,0.5,0.37,"growth-only",16.878308626978054,108.3938775510204,127.55102040816324,"reachable"
"hands-on-heavy",40,0.5,0.38,"retained-rights",14.255194011118988,108.66938775510202,127.55102040816324,"reachable"
"hands-on-heavy",40,0.5,0.38,"growth-only",16.67122145006634,108.66938775510202,127.55102040816324,"reachable"
"hands-on-heavy",40,0.5,0.39,"retained-rights",13.969664788841829,108.94489795918368,127.55102040816324,"reachable"
"hands-on-heavy",40,0.5,0.39,"growth-only",16.469332778033664,108.94489795918368,127.55102040816324,"reachable"
"hands-on-heavy",40,0.5,0.4,"retained-rights",13.68960751867112,109.2204081632653,127.55102040816324,"reachable"
"hands-on-heavy",40,0.5,0.4,"growth-only",16.272443245723125,109.2204081632653,127.55102040816324,"reachable"
"hands-on-heavy",40,0.5,0.41,"retained-rights",13.414855979395535,109.49591836734693,127.55102040816324,"reachable"
"hands-on-heavy",40,0.5,0.41,"growth-only",16.08036382377027,109.49591836734693,127.55102040816324,"reachable"
"hands-on-heavy",40,0.5,0.42,"retained-rights",13.145250955214017,109.77142857142856,127.55102040816324,"reachable"
"hands-on-heavy",40,0.5,0.42,"growth-only",15.892915142391262,109.77142857142856,127.55102040816324,"reachable"
"hands-on-heavy",40,0.5,0.43,"retained-rights",12.88063985645993,110.0469387755102,127.55102040816324,"reachable"
"hands-on-heavy",40,0.5,0.43,"growth-only",15.709926868566203,110.0469387755102,127.55102040816324,"reachable"
"hands-on-heavy",40,0.5,0.44,"retained-rights",12.62087636541358,110.32244897959183,127.55102040816324,"reachable"
"hands-on-heavy",40,0.5,0.44,"growth-only",15.531237131686225,110.32244897959183,127.55102040816324,"reachable"
"hands-on-heavy",40,0.5,0.45,"retained-rights",12.365820105244874,110.59795918367345,127.55102040816324,"reachable"
"hands-on-heavy",40,0.5,0.45,"growth-only",15.356691993253047,110.59795918367345,127.55102040816324,"reachable"
"hands-on-heavy",40,0.5,0.46,"retained-rights",12.11533633030415,110.87346938775508,127.55102040816324,"reachable"
"hands-on-heavy",40,0.5,0.46,"growth-only",15.18614495667916,110.87346938775508,127.55102040816324,"reachable"
"hands-on-heavy",40,0.5,0.47,"retained-rights",11.86929563613679,111.14897959183672,127.55102040816324,"reachable"
"hands-on-heavy",40,0.5,0.47,"growth-only",15.019456513641538,111.14897959183672,127.55102040816324,"reachable"
"hands-on-heavy",40,0.5,0.48,"retained-rights",11.627573687739545,111.42448979591835,127.55102040816324,"reachable"
"hands-on-heavy",40,0.5,0.48,"growth-only",14.856493723800202,111.42448979591835,127.55102040816324,"reachable"
"hands-on-heavy",40,0.5,0.49,"retained-rights",11.390050964704868,111.69999999999997,127.55102040816324,"reachable"
"hands-on-heavy",40,0.5,0.49,"growth-only",14.697129825011901,111.69999999999997,127.55102040816324,"reachable"
"hands-on-heavy",40,0.5,0.5,"retained-rights",11.156612522014097,111.9755102040816,127.55102040816324,"reachable"
"hands-on-heavy",40,0.5,0.5,"growth-only",14.541243871450105,111.9755102040816,127.55102040816324,"reachable"
"hands-on-heavy",40,0.5,0.51,"retained-rights",10.927147765346712,112.25102040816326,127.55102040816324,"reachable"
"hands-on-heavy",40,0.5,0.51,"growth-only",14.38872039729453,112.25102040816326,127.55102040816324,"reachable"
"hands-on-heavy",40,0.5,0.52,"retained-rights",10.701550239865142,112.5265306122449,127.55102040816324,"reachable"
"hands-on-heavy",40,0.5,0.52,"growth-only",14.239449103877067,112.5265306122449,127.55102040816324,"reachable"
"hands-on-heavy",40,0.5,0.53,"retained-rights",10.479717431522385,112.80204081632652,127.55102040816324,"reachable"
"hands-on-heavy",40,0.5,0.53,"growth-only",14.093324568370091,112.80204081632652,127.55102040816324,"reachable"
"hands-on-heavy",40,0.5,0.54,"retained-rights",10.261550580015498,113.07755102040815,127.55102040816324,"reachable"
"hands-on-heavy",40,0.5,0.54,"growth-only",13.950245972282493,113.07755102040815,127.55102040816324,"reachable"
"hands-on-heavy",40,0.5,0.55,"retained-rights",10.046954502580085,113.35306122448978,127.55102040816324,"reachable"
"hands-on-heavy",40,0.5,0.55,"growth-only",13.810116848187782,113.35306122448978,127.55102040816324,"reachable"
"hands-on-heavy",40,0.5,0.56,"retained-rights",9.835837427883964,113.6285714285714,127.55102040816324,"reachable"
"hands-on-heavy",40,0.5,0.56,"growth-only",13.672844843252484,113.6285714285714,127.55102040816324,"reachable"
"hands-on-heavy",40,0.5,0.57,"retained-rights",9.628110839337145,113.90408163265305,127.55102040816324,"reachable"
"hands-on-heavy",40,0.5,0.57,"growth-only",13.538341498261076,113.90408163265305,127.55102040816324,"reachable"
"hands-on-heavy",40,0.5,0.58,"retained-rights",9.42368932718809,114.17959183673467,127.55102040816324,"reachable"
"hands-on-heavy",40,0.5,0.58,"growth-only",13.406522040949787,114.17959183673467,127.55102040816324,"reachable"
"hands-on-heavy",40,0.5,0.59,"retained-rights",9.22249044882486,114.4551020408163,127.55102040816324,"reachable"
"hands-on-heavy",40,0.5,0.59,"growth-only",13.27730519256578,114.4551020408163,127.55102040816324,"reachable"
"hands-on-heavy",40,0.5,0.6,"retained-rights",9.024434596744157,114.73061224489794,127.55102040816324,"reachable"
"hands-on-heavy",40,0.5,0.6,"growth-only",13.15061298666147,114.73061224489794,127.55102040816324,"reachable"
"hands-on-heavy",40,0.5,0.61,"retained-rights",8.82944487369155,115.00612244897958,127.55102040816324,"reachable"
"hands-on-heavy",40,0.5,0.61,"growth-only",13.026370599219117,115.00612244897958,127.55102040816324,"reachable"
"hands-on-heavy",40,0.5,0.62,"retained-rights",8.637446974513008,115.28163265306122,127.55102040816324,"reachable"
"hands-on-heavy",40,0.5,0.62,"growth-only",12.904506189277187,115.28163265306122,127.55102040816324,"reachable"
"hands-on-heavy",40,0.5,0.63,"retained-rights",8.448369074292671,115.55714285714285,127.55102040816324,"reachable"
"hands-on-heavy",40,0.5,0.63,"growth-only",12.78495074929884,115.55714285714285,127.55102040816324,"reachable"
"hands-on-heavy",40,0.5,0.64,"retained-rights",8.262141722381312,115.83265306122448,127.55102040816324,"reachable"
"hands-on-heavy",40,0.5,0.64,"growth-only",12.667637964586763,115.83265306122448,127.55102040816324,"reachable"
"hands-on-heavy",40,0.5,0.65,"retained-rights",8.078697741950247,116.1081632653061,127.55102040816324,"reachable"
"hands-on-heavy",40,0.5,0.65,"growth-only",12.55250408110391,116.1081632653061,127.55102040816324,"reachable"
"hands-on-heavy",40,0.5,0.66,"retained-rights",7.89797213473038,116.38367346938774,127.55102040816324,"reachable"
"hands-on-heavy",40,0.5,0.66,"growth-only",12.439487781113145,116.38367346938774,127.55102040816324,"reachable"
"hands-on-heavy",40,0.5,0.67,"retained-rights",7.719901990620293,116.65918367346937,127.55102040816324,"reachable"
"hands-on-heavy",40,0.5,0.67,"growth-only",12.328530066094402,116.65918367346937,127.55102040816324,"reachable"
"hands-on-heavy",40,0.5,0.68,"retained-rights",7.5444264018703855,116.934693877551,127.55102040816324,"reachable"
"hands-on-heavy",40,0.5,0.68,"growth-only",12.219574146441659,116.934693877551,127.55102040816324,"reachable"
"hands-on-heavy",40,0.5,0.69,"retained-rights",7.371486381568926,117.21020408163263,127.55102040816324,"reachable"
"hands-on-heavy",40,0.5,0.69,"growth-only",12.112565337480397,117.21020408163263,127.55102040816324,"reachable"
"hands-on-heavy",40,0.5,0.7,"retained-rights",7.201024786176258,117.48571428571427,127.55102040816324,"reachable"
"hands-on-heavy",40,0.5,0.7,"growth-only",12.00745096138236,117.48571428571427,127.55102040816324,"reachable"
"hands-on-heavy",40,0.5,0.71,"retained-rights",7.032986241869432,117.7612244897959,127.55102040816324,"reachable"
"hands-on-heavy",40,0.5,0.71,"growth-only",11.90418025458615,117.7612244897959,127.55102040816324,"reachable"
"hands-on-heavy",40,0.5,0.72,"retained-rights",6.8673170744764755,118.03673469387752,127.55102040816324,"reachable"
"hands-on-heavy",40,0.5,0.72,"growth-only",11.802704280362653,118.03673469387752,127.55102040816324,"reachable"
"hands-on-heavy",40,0.5,0.73,"retained-rights",6.703965242793664,118.31224489795915,127.55102040816324,"reachable"
"hands-on-heavy",40,0.5,0.73,"growth-only",11.702975846190867,118.31224489795915,127.55102040816324,"reachable"
"hands-on-heavy",40,0.5,0.74,"retained-rights",6.5428802750931325,118.5877551020408,127.55102040816324,"reachable"
"hands-on-heavy",40,0.5,0.74,"growth-only",11.604949425634569,118.5877551020408,127.55102040816324,"reachable"
"hands-on-heavy",40,0.5,0.75,"retained-rights",6.384013208640815,118.86326530612243,127.55102040816324,"reachable"
"hands-on-heavy",40,0.5,0.75,"growth-only",11.508581084433267,118.86326530612243,127.55102040816324,"reachable"
"hands-on-heavy",40,0.5,0.76,"retained-rights",6.227316532056237,119.13877551020407,127.55102040816324,"reachable"
"hands-on-heavy",40,0.5,0.76,"growth-only",11.413828410541926,119.13877551020407,127.55102040816324,"reachable"
"hands-on-heavy",40,0.5,0.77,"retained-rights",6.072744130356678,119.4142857142857,127.55102040816324,"reachable"
"hands-on-heavy",40,0.5,0.77,"growth-only",11.32065044787225,119.4142857142857,127.55102040816324,"reachable"
"hands-on-heavy",40,0.5,0.78,"retained-rights",5.920251232538187,119.68979591836732,127.55102040816324,"reachable"
"hands-on-heavy",40,0.5,0.78,"growth-only",11.229007633507159,119.68979591836732,127.55102040816324,"reachable"
"hands-on-heavy",40,0.5,0.79,"retained-rights",5.769794361555292,119.96530612244895,127.55102040816324,"reachable"
"hands-on-heavy",40,0.5,0.79,"growth-only",11.138861738175088,119.96530612244895,127.55102040816324,"reachable"
"hands-on-heavy",40,0.5,0.8,"retained-rights",5.621331286569964,120.24081632653059,127.55102040816324,"reachable"
"hands-on-heavy",40,0.5,0.8,"growth-only",11.050175809786822,120.24081632653059,127.55102040816324,"reachable"
"hands-on-heavy",40,0.5,0.81,"retained-rights",5.474820977348371,120.51632653061222,127.55102040816324,"reachable"
"hands-on-heavy",40,0.5,0.81,"growth-only",10.962914119850065,120.51632653061222,127.55102040816324,"reachable"
"hands-on-heavy",40,0.5,0.82,"retained-rights",5.330223560691416,120.79183673469385,127.55102040816324,"reachable"
"hands-on-heavy",40,0.5,0.82,"growth-only",10.877042112590996,120.79183673469385,127.55102040816324,"reachable"
"hands-on-heavy",40,0.5,0.83,"retained-rights",5.1875002787921565,121.06734693877547,127.55102040816324,"reachable"
"hands-on-heavy",40,0.5,0.83,"growth-only",10.792526356622156,121.06734693877547,127.55102040816324,"reachable"
"hands-on-heavy",40,0.5,0.84,"retained-rights",5.046613449419479,121.34285714285713,127.55102040816324,"reachable"
"hands-on-heavy",40,0.5,0.84,"growth-only",10.709334499008571,121.34285714285713,127.55102040816324,"reachable"
"hands-on-heavy",40,0.5,0.85,"retained-rights",4.907526427833697,121.61836734693875,127.55102040816324,"reachable"
"hands-on-heavy",40,0.5,0.85,"growth-only",10.627435221592219,121.61836734693875,127.55102040816324,"reachable"
"hands-on-heavy",40,0.5,0.86,"retained-rights",4.770203570345122,121.8938775510204,127.55102040816324,"reachable"
"hands-on-heavy",40,0.5,0.86,"growth-only",10.546798199445817,121.8938775510204,127.55102040816324,"reachable"
"hands-on-heavy",40,0.5,0.87,"retained-rights",4.634610199431899,122.16938775510202,127.55102040816324,"reachable"
"hands-on-heavy",40,0.5,0.87,"growth-only",10.467394061333879,122.16938775510202,127.55102040816324,"reachable"
"hands-on-heavy",40,0.5,0.88,"retained-rights",4.500712570338705,122.44489795918365,127.55102040816324,"reachable"
"hands-on-heavy",40,0.5,0.88,"growth-only",10.389194352068287,122.44489795918365,127.55102040816324,"reachable"
"hands-on-heavy",40,0.5,0.89,"retained-rights",4.36847783908203,122.72040816326528,127.55102040816324,"reachable"
"hands-on-heavy",40,0.5,0.89,"growth-only",10.312171496652,122.72040816326528,127.55102040816324,"reachable"
"hands-on-heavy",40,0.5,0.9,"retained-rights",4.237874031791855,122.99591836734692,127.55102040816324,"reachable"
"hands-on-heavy",40,0.5,0.9,"growth-only",10.236298766111606,122.99591836734692,127.55102040816324,"reachable"
"hands-on-heavy",40,0.5,0.91,"retained-rights",4.108870015324673,123.27142857142854,127.55102040816324,"reachable"
"hands-on-heavy",40,0.5,0.91,"growth-only",10.161550244925998,123.27142857142854,127.55102040816324,"reachable"
"hands-on-heavy",40,0.5,0.92,"retained-rights",3.9814354690847598,123.54693877551017,127.55102040816324,"reachable"
"hands-on-heavy",40,0.5,0.92,"growth-only",10.087900799963712,123.54693877551017,127.55102040816324,"reachable"
"hands-on-heavy",40,0.5,0.93,"retained-rights",3.855540857995843,123.8224489795918,127.55102040816324,"reachable"
"hands-on-heavy",40,0.5,0.93,"growth-only",10.015326050847694,123.8224489795918,127.55102040816324,"reachable"
"hands-on-heavy",40,0.5,0.94,"retained-rights",3.7311574065674202,124.09795918367344,127.55102040816324,"reachable"
"hands-on-heavy",40,0.5,0.94,"growth-only",9.943802341670228,124.09795918367344,127.55102040816324,"reachable"
"hands-on-heavy",40,0.5,0.95,"retained-rights",3.608257074003496,124.37346938775507,127.55102040816324,"reachable"
"hands-on-heavy",40,0.5,0.95,"growth-only",9.873306713986963,124.37346938775507,127.55102040816324,"reachable"
"hands-on-heavy",40,0.5,0.96,"retained-rights",3.4868125303044506,124.64897959183669,127.55102040816324,"reachable"
"hands-on-heavy",40,0.5,0.96,"growth-only",9.803816881021676,124.64897959183669,127.55102040816324,"reachable"
"hands-on-heavy",40,0.5,0.97,"retained-rights",3.3667971333152247,124.92448979591835,127.55102040816324,"reachable"
"hands-on-heavy",40,0.5,0.97,"growth-only",9.73531120301876,124.92448979591835,127.55102040816324,"reachable"
"hands-on-heavy",40,0.5,0.98,"retained-rights",3.248184906675622,125.19999999999997,127.55102040816324,"reachable"
"hands-on-heavy",40,0.5,0.98,"growth-only",9.667768663683884,125.19999999999997,127.55102040816324,"reachable"
"hands-on-heavy",40,0.5,0.99,"retained-rights",3.1309505186309483,125.47551020408162,127.55102040816324,"reachable"
"hands-on-heavy",40,0.5,0.99,"growth-only",9.60116884765625,125.47551020408162,127.55102040816324,"reachable"
"hands-on-heavy",40,0.5,1,"retained-rights",3.0150692616635277,125.75102040816324,127.55102040816324,"reachable"
"hands-on-heavy",40,0.5,1,"growth-only",9.535491918960059,125.75102040816324,127.55102040816324,"reachable"
"hands-on-heavy",40,1,0,"retained-rights","",98.2,127.55102040816324,"not-reachable"
"hands-on-heavy",40,1,0,"growth-only","",98.2,127.55102040816324,"not-reachable"
"hands-on-heavy",40,1,0.01,"retained-rights","",98.47551020408163,127.55102040816324,"not-reachable"
"hands-on-heavy",40,1,0.01,"growth-only","",98.47551020408163,127.55102040816324,"not-reachable"
"hands-on-heavy",40,1,0.02,"retained-rights","",98.75102040816326,127.55102040816324,"not-reachable"
"hands-on-heavy",40,1,0.02,"growth-only","",98.75102040816326,127.55102040816324,"not-reachable"
"hands-on-heavy",40,1,0.03,"retained-rights","",99.02653061224488,127.55102040816324,"not-reachable"
"hands-on-heavy",40,1,0.03,"growth-only","",99.02653061224488,127.55102040816324,"not-reachable"
"hands-on-heavy",40,1,0.04,"retained-rights","",99.30204081632652,127.55102040816324,"not-reachable"
"hands-on-heavy",40,1,0.04,"growth-only","",99.30204081632652,127.55102040816324,"not-reachable"
"hands-on-heavy",40,1,0.05,"retained-rights","",99.57755102040815,127.55102040816324,"not-reachable"
"hands-on-heavy",40,1,0.05,"growth-only","",99.57755102040815,127.55102040816324,"not-reachable"
"hands-on-heavy",40,1,0.06,"retained-rights","",99.8530612244898,127.55102040816324,"not-reachable"
"hands-on-heavy",40,1,0.06,"growth-only","",99.8530612244898,127.55102040816324,"not-reachable"
"hands-on-heavy",40,1,0.07,"retained-rights",27.393113176450257,100.12857142857143,127.55102040816324,"reachable"
"hands-on-heavy",40,1,0.07,"growth-only",27.40307370249453,100.12857142857143,127.55102040816324,"reachable"
"hands-on-heavy",40,1,0.08,"retained-rights",27.057330694568236,100.40408163265306,127.55102040816324,"reachable"
"hands-on-heavy",40,1,0.08,"growth-only",27.092353945966096,100.40408163265306,127.55102040816324,"reachable"
"hands-on-heavy",40,1,0.09,"retained-rights",26.72502412533826,100.67959183673469,127.55102040816324,"reachable"
"hands-on-heavy",40,1,0.09,"growth-only",26.789916611613496,100.67959183673469,127.55102040816324,"reachable"
"hands-on-heavy",40,1,0.1,"retained-rights",26.39612690201105,100.95510204081633,127.55102040816324,"reachable"
"hands-on-heavy",40,1,0.1,"growth-only",26.495393542316336,100.95510204081633,127.55102040816324,"reachable"
"hands-on-heavy",40,1,0.11,"retained-rights",26.070574339400498,101.23061224489796,127.55102040816324,"reachable"
"hands-on-heavy",40,1,0.11,"growth-only",26.208439842037066,101.23061224489796,127.55102040816324,"reachable"
"hands-on-heavy",40,1,0.12,"retained-rights",25.74830356342861,101.50612244897958,127.55102040816324,"reachable"
"hands-on-heavy",40,1,0.12,"growth-only",25.928731969343332,101.50612244897958,127.55102040816324,"reachable"
"hands-on-heavy",40,1,0.13,"retained-rights",25.429253443952547,101.78163265306122,127.55102040816324,"reachable"
"hands-on-heavy",40,1,0.13,"growth-only",25.655966022310484,101.78163265306122,127.55102040816324,"reachable"
"hands-on-heavy",40,1,0.14,"retained-rights",25.11336453069124,102.05714285714285,127.55102040816324,"reachable"
"hands-on-heavy",40,1,0.14,"growth-only",25.389856192164785,102.05714285714285,127.55102040816324,"reachable"
"hands-on-heavy",40,1,0.15,"retained-rights",24.800578992080435,102.33265306122448,127.55102040816324,"reachable"
"hands-on-heavy",40,1,0.15,"growth-only",25.13013336609855,102.33265306122448,127.55102040816324,"reachable"
"hands-on-heavy",40,1,0.16,"retained-rights",24.490840556896543,102.6081632653061,127.55102040816324,"reachable"
"hands-on-heavy",40,1,0.16,"growth-only",24.876543862291523,102.6081632653061,127.55102040816324,"reachable"
"hands-on-heavy",40,1,0.17,"retained-rights",24.18409445849963,102.88367346938776,127.55102040816324,"reachable"
"hands-on-heavy",40,1,0.17,"growth-only",24.62884828238603,102.88367346938776,127.55102040816324,"reachable"
"hands-on-heavy",40,1,0.18,"retained-rights",23.880287381554986,103.15918367346939,127.55102040816324,"reachable"
"hands-on-heavy",40,1,0.18,"growth-only",24.386820468552894,103.15918367346939,127.55102040816324,"reachable"
"hands-on-heavy",40,1,0.19,"retained-rights",23.57936741110178,103.43469387755103,127.55102040816324,"reachable"
"hands-on-heavy",40,1,0.19,"growth-only",24.150246553901788,103.43469387755103,127.55102040816324,"reachable"
"hands-on-heavy",40,1,0.2,"retained-rights",23.28128398384539,103.71020408163265,127.55102040816324,"reachable"
"hands-on-heavy",40,1,0.2,"growth-only",23.918924096377992,103.71020408163265,127.55102040816324,"reachable"
"hands-on-heavy",40,1,0.21,"retained-rights",22.985987841557233,103.98571428571428,127.55102040816324,"reachable"
"hands-on-heavy",40,1,0.21,"growth-only",23.692661287483485,103.98571428571428,127.55102040816324,"reachable"
"hands-on-heavy",40,1,0.22,"retained-rights",22.693430986473317,104.26122448979591,127.55102040816324,"reachable"
"hands-on-heavy",40,1,0.22,"growth-only",23.471276228191805,104.26122448979591,127.55102040816324,"reachable"
"hands-on-heavy",40,1,0.23,"retained-rights",22.403566638589133,104.53673469387755,127.55102040816324,"reachable"
"hands-on-heavy",40,1,0.23,"growth-only",23.254596265321204,104.53673469387755,127.55102040816324,"reachable"
"hands-on-heavy",40,1,0.24,"retained-rights",22.116349194754513,104.81224489795918,127.55102040816324,"reachable"
"hands-on-heavy",40,1,0.24,"growth-only",23.04245738240509,104.81224489795918,127.55102040816324,"reachable"
"hands-on-heavy",40,1,0.25,"retained-rights",21.831734189477793,105.0877551020408,127.55102040816324,"reachable"
"hands-on-heavy",40,1,0.25,"growth-only",22.834703639775398,105.0877551020408,127.55102040816324,"reachable"
"hands-on-heavy",40,1,0.26,"retained-rights",21.549678257353943,105.36326530612243,127.55102040816324,"reachable"
"hands-on-heavy",40,1,0.26,"growth-only",22.63118665916295,105.36326530612243,127.55102040816324,"reachable"
"hands-on-heavy",40,1,0.27,"retained-rights",21.270139097036566,105.63877551020407,127.55102040816324,"reachable"
"hands-on-heavy",40,1,0.27,"growth-only",22.431765148633744,105.63877551020407,127.55102040816324,"reachable"
"hands-on-heavy",40,1,0.28,"retained-rights",20.99307543667748,105.91428571428571,127.55102040816324,"reachable"
"hands-on-heavy",40,1,0.28,"growth-only",22.236304464132562,105.91428571428571,127.55102040816324,"reachable"
"hands-on-heavy",40,1,0.29,"retained-rights",20.718447000762907,106.18979591836735,127.55102040816324,"reachable"
"hands-on-heavy",40,1,0.29,"growth-only",22.044676204300796,106.18979591836735,127.55102040816324,"reachable"
"hands-on-heavy",40,1,0.3,"retained-rights",20.446214478278613,106.46530612244898,127.55102040816324,"reachable"
"hands-on-heavy",40,1,0.3,"growth-only",21.856757835584627,106.46530612244898,127.55102040816324,"reachable"
"hands-on-heavy",40,1,0.31,"retained-rights",20.17633949214044,106.7408163265306,127.55102040816324,"reachable"
"hands-on-heavy",40,1,0.31,"growth-only",21.672432344958125,106.7408163265306,127.55102040816324,"reachable"
"hands-on-heavy",40,1,0.32,"retained-rights",19.90878456983014,107.01632653061223,127.55102040816324,"reachable"
"hands-on-heavy",40,1,0.32,"growth-only",21.49158791785688,107.01632653061223,127.55102040816324,"reachable"
"hands-on-heavy",40,1,0.33,"retained-rights",19.643513115179733,107.29183673469387,127.55102040816324,"reachable"
"hands-on-heavy",40,1,0.33,"growth-only",21.314117639159136,107.29183673469387,127.55102040816324,"reachable"
"hands-on-heavy",40,1,0.34,"retained-rights",19.380489381250566,107.5673469387755,127.55102040816324,"reachable"
"hands-on-heavy",40,1,0.34,"growth-only",21.13991921526508,107.5673469387755,127.55102040816324,"reachable"
"hands-on-heavy",40,1,0.35,"retained-rights",19.11967844425686,107.84285714285713,127.55102040816324,"reachable"
"hands-on-heavy",40,1,0.35,"growth-only",20.968894715514132,107.84285714285713,127.55102040816324,"reachable"
"hands-on-heavy",40,1,0.36,"retained-rights",18.86104617848472,108.11836734693875,127.55102040816324,"reachable"
"hands-on-heavy",40,1,0.36,"growth-only",20.800950331349966,108.11836734693875,127.55102040816324,"reachable"
"hands-on-heavy",40,1,0.37,"retained-rights",18.60455923216231,108.3938775510204,127.55102040816324,"reachable"
"hands-on-heavy",40,1,0.37,"growth-only",20.635996151792725,108.3938775510204,127.55102040816324,"reachable"
"hands-on-heavy",40,1,0.38,"retained-rights",18.35018500423726,108.66938775510202,127.55102040816324,"reachable"
"hands-on-heavy",40,1,0.38,"growth-only",20.473945953912988,108.66938775510202,127.55102040816324,"reachable"
"hands-on-heavy",40,1,0.39,"retained-rights",18.09789162202089,108.94489795918368,127.55102040816324,"reachable"
"hands-on-heavy",40,1,0.39,"growth-only",20.314717007122486,108.94489795918368,127.55102040816324,"reachable"
"hands-on-heavy",40,1,0.4,"retained-rights",17.847647919660602,109.2204081632653,127.55102040816324,"reachable"
"hands-on-heavy",40,1,0.4,"growth-only",20.15822989020357,109.2204081632653,127.55102040816324,"reachable"
"hands-on-heavy",40,1,0.41,"retained-rights",17.599423417403703,109.49591836734693,127.55102040816324,"reachable"
"hands-on-heavy",40,1,0.41,"growth-only",20.004408320097667,109.49591836734693,127.55102040816324,"reachable"
"hands-on-heavy",40,1,0.42,"retained-rights",17.353188301617894,109.77142857142856,127.55102040816324,"reachable"
"hands-on-heavy",40,1,0.42,"growth-only",19.853178991558185,109.77142857142856,127.55102040816324,"reachable"
"hands-on-heavy",40,1,0.43,"retained-rights",17.108913405535574,110.0469387755102,127.55102040816324,"reachable"
"hands-on-heavy",40,1,0.43,"growth-only",19.704471426853143,110.0469387755102,127.55102040816324,"reachable"
"hands-on-heavy",40,1,0.44,"retained-rights",16.8665701906902,110.32244897959183,127.55102040816324,"reachable"
"hands-on-heavy",40,1,0.44,"growth-only",19.558217834771984,110.32244897959183,127.55102040816324,"reachable"
"hands-on-heavy",40,1,0.45,"retained-rights",16.62613072901573,110.59795918367345,127.55102040816324,"reachable"
"hands-on-heavy",40,1,0.45,"growth-only",19.414352978255735,110.59795918367345,127.55102040816324,"reachable"
"hands-on-heavy",40,1,0.46,"retained-rights",16.38756768558003,110.87346938775508,127.55102040816324,"reachable"
"hands-on-heavy",40,1,0.46,"growth-only",19.272814050026344,110.87346938775508,127.55102040816324,"reachable"
"hands-on-heavy",40,1,0.47,"retained-rights",16.150854301925932,111.14897959183672,127.55102040816324,"reachable"
"hands-on-heavy",40,1,0.47,"growth-only",19.13354055564369,111.14897959183672,127.55102040816324,"reachable"
"hands-on-heavy",40,1,0.48,"retained-rights",15.915964379994364,111.42448979591835,127.55102040816324,"reachable"
"hands-on-heavy",40,1,0.48,"growth-only",18.99647420346502,111.42448979591835,127.55102040816324,"reachable"
"hands-on-heavy",40,1,0.49,"retained-rights",15.682872266604853,111.69999999999997,127.55102040816324,"reachable"
"hands-on-heavy",40,1,0.49,"growth-only",18.861558801025467,111.69999999999997,127.55102040816324,"reachable"
"hands-on-heavy",40,1,0.5,"retained-rights",15.451552838470839,111.9755102040816,127.55102040816324,"reachable"
"hands-on-heavy",40,1,0.5,"growth-only",18.72874015739594,111.9755102040816,127.55102040816324,"reachable"
"hands-on-heavy",40,1,0.51,"retained-rights",15.221981487727444,112.25102040816326,127.55102040816324,"reachable"
"hands-on-heavy",40,1,0.51,"growth-only",18.59796599111061,112.25102040816326,127.55102040816324,"reachable"
"hands-on-heavy",40,1,0.52,"retained-rights",14.994134107950785,112.5265306122449,127.55102040816324,"reachable"
"hands-on-heavy",40,1,0.52,"growth-only",18.46918584328805,112.5265306122449,127.55102040816324,"reachable"
"hands-on-heavy",40,1,0.53,"retained-rights",14.767987080649014,112.80204081632652,127.55102040816324,"reachable"
"hands-on-heavy",40,1,0.53,"growth-only",18.34235099559971,112.80204081632652,127.55102040816324,"reachable"
"hands-on-heavy",40,1,0.54,"retained-rights",14.543517262205864,113.07755102040815,127.55102040816324,"reachable"
"hands-on-heavy",40,1,0.54,"growth-only",18.217414392765228,113.07755102040815,127.55102040816324,"reachable"
"hands-on-heavy",40,1,0.55,"retained-rights",14.32070197125892,113.35306122448978,127.55102040816324,"reachable"
"hands-on-heavy",40,1,0.55,"growth-only",18.09433056927947,113.35306122448978,127.55102040816324,"reachable"
"hands-on-heavy",40,1,0.56,"retained-rights",14.099518976494796,113.6285714285714,127.55102040816324,"reachable"
"hands-on-heavy",40,1,0.56,"growth-only",17.973055580097807,113.6285714285714,127.55102040816324,"reachable"
"hands-on-heavy",40,1,0.57,"retained-rights",13.879946484845318,113.90408163265305,127.55102040816324,"reachable"
"hands-on-heavy",40,1,0.57,"growth-only",17.853546935026365,113.90408163265305,127.55102040816324,"reachable"
"hands-on-heavy",40,1,0.58,"retained-rights",13.66196313006862,114.17959183673467,127.55102040816324,"reachable"
"hands-on-heavy",40,1,0.58,"growth-only",17.73576353658337,114.17959183673467,127.55102040816324,"reachable"
"hands-on-heavy",40,1,0.59,"retained-rights",13.445547961700278,114.4551020408163,127.55102040816324,"reachable"
"hands-on-heavy",40,1,0.59,"growth-only",17.619665621113832,114.4551020408163,127.55102040816324,"reachable"
"hands-on-heavy",40,1,0.6,"retained-rights",13.230680434360087,114.73061224489794,127.55102040816324,"reachable"
"hands-on-heavy",40,1,0.6,"growth-only",17.505214702956586,114.73061224489794,127.55102040816324,"reachable"
"hands-on-heavy",40,1,0.61,"retained-rights",13.017340397400812,115.00612244897958,127.55102040816324,"reachable"
"hands-on-heavy",40,1,0.61,"growth-only",17.392373521475733,115.00612244897958,127.55102040816324,"reachable"
"hands-on-heavy",40,1,0.62,"retained-rights",12.805508084885986,115.28163265306122,127.55102040816324,"reachable"
"hands-on-heavy",40,1,0.62,"growth-only",17.28110599078341,115.28163265306122,127.55102040816324,"reachable"
"hands-on-heavy",40,1,0.63,"retained-rights",12.59516410588406,115.55714285714285,127.55102040816324,"reachable"
"hands-on-heavy",40,1,0.63,"growth-only",17.171377151991308,115.55714285714285,127.55102040816324,"reachable"
"hands-on-heavy",40,1,0.64,"retained-rights",12.386289435066988,115.83265306122448,127.55102040816324,"reachable"
"hands-on-heavy",40,1,0.64,"growth-only",17.06315312784121,115.83265306122448,127.55102040816324,"reachable"
"hands-on-heavy",40,1,0.65,"retained-rights",12.178865403602002,116.1081632653061,127.55102040816324,"reachable"
"hands-on-heavy",40,1,0.65,"growth-only",16.956401079573546,116.1081632653061,127.55102040816324,"reachable"
"hands-on-heavy",40,1,0.66,"retained-rights",11.972873690325535,116.38367346938774,127.55102040816324,"reachable"
"hands-on-heavy",40,1,0.66,"growth-only",16.851089165903854,116.38367346938774,127.55102040816324,"reachable"
"hands-on-heavy",40,1,0.67,"retained-rights",11.768296313188786,116.65918367346937,127.55102040816324,"reachable"
"hands-on-heavy",40,1,0.67,"growth-only",16.747186503985102,116.65918367346937,127.55102040816324,"reachable"
"hands-on-heavy",40,1,0.68,"retained-rights",11.565115620965049,116.934693877551,127.55102040816324,"reachable"
"hands-on-heavy",40,1,0.68,"growth-only",16.644663132242044,116.934693877551,127.55102040816324,"reachable"
"hands-on-heavy",40,1,0.69,"retained-rights",11.363314285209203,117.21020408163263,127.55102040816324,"reachable"
"hands-on-heavy",40,1,0.69,"growth-only",16.543489974971326,117.21020408163263,127.55102040816324,"reachable"
"hands-on-heavy",40,1,0.7,"retained-rights",11.162875292460184,117.48571428571427,127.55102040816324,"reachable"
"hands-on-heavy",40,1,0.7,"growth-only",16.443638808608462,117.48571428571427,127.55102040816324,"reachable"
"hands-on-heavy",40,1,0.71,"retained-rights",10.963781936677597,117.7612244897959,127.55102040816324,"reachable"
"hands-on-heavy",40,1,0.71,"growth-only",16.34508222956821,117.7612244897959,127.55102040816324,"reachable"
"hands-on-heavy",40,1,0.72,"retained-rights",10.766017811904295,118.03673469387752,127.55102040816324,"reachable"
"hands-on-heavy",40,1,0.72,"growth-only",16.247793623572115,118.03673469387752,127.55102040816324,"reachable"
"hands-on-heavy",40,1,0.73,"retained-rights",10.56956680514649,118.31224489795915,127.55102040816324,"reachable"
"hands-on-heavy",40,1,0.73,"growth-only",16.151747136381324,118.31224489795915,127.55102040816324,"reachable"
"hands-on-heavy",40,1,0.74,"retained-rights",10.374413089464095,118.5877551020408,127.55102040816324,"reachable"
"hands-on-heavy",40,1,0.74,"growth-only",16.05691764585895,118.5877551020408,127.55102040816324,"reachable"
"hands-on-heavy",40,1,0.75,"retained-rights",10.180541117263541,118.86326530612243,127.55102040816324,"reachable"
"hands-on-heavy",40,1,0.75,"growth-only",15.963280735290052,118.86326530612243,127.55102040816324,"reachable"
"hands-on-heavy",40,1,0.76,"retained-rights",9.98793561378617,119.13877551020407,127.55102040816324,"reachable"
"hands-on-heavy",40,1,0.76,"growth-only",15.87081266789272,119.13877551020407,127.55102040816324,"reachable"
"hands-on-heavy",40,1,0.77,"retained-rights",9.796581570785378,119.4142857142857,127.55102040816324,"reachable"
"hands-on-heavy",40,1,0.77,"growth-only",15.779490362456983,119.4142857142857,127.55102040816324,"reachable"
"hands-on-heavy",40,1,0.78,"retained-rights",9.606464240385781,119.68979591836732,127.55102040816324,"reachable"
"hands-on-heavy",40,1,0.78,"growth-only",15.689291370052704,119.68979591836732,127.55102040816324,"reachable"
"hands-on-heavy",40,1,0.79,"retained-rights",9.417569129118553,119.96530612244895,127.55102040816324,"reachable"
"hands-on-heavy",40,1,0.79,"growth-only",15.600193851750731,119.96530612244895,127.55102040816324,"reachable"
"hands-on-heavy",40,1,0.8,"retained-rights",9.229881992126288,120.24081632653059,127.55102040816324,"reachable"
"hands-on-heavy",40,1,0.8,"growth-only",15.512176557305569,120.24081632653059,127.55102040816324,"reachable"
"hands-on-heavy",40,1,0.81,"retained-rights",9.043388827532306,120.51632653061222,127.55102040816324,"reachable"
"hands-on-heavy",40,1,0.81,"growth-only",15.425218804749985,120.51632653061222,127.55102040816324,"reachable"
"hands-on-heavy",40,1,0.82,"retained-rights",8.858075870968229,120.79183673469385,127.55102040816324,"reachable"
"hands-on-heavy",40,1,0.82,"growth-only",15.339300460855654,120.79183673469385,127.55102040816324,"reachable"
"hands-on-heavy",40,1,0.83,"retained-rights",8.67392959025497,121.06734693877547,127.55102040816324,"reachable"
"hands-on-heavy",40,1,0.83,"growth-only",15.254401922416406,121.06734693877547,127.55102040816324,"reachable"
"hands-on-heavy",40,1,0.84,"retained-rights",8.490936680231664,121.34285714285713,127.55102040816324,"reachable"
"hands-on-heavy",40,1,0.84,"growth-only",15.170504098313021,121.34285714285713,127.55102040816324,"reachable"
"hands-on-heavy",40,1,0.85,"retained-rights",8.309084057727834,121.61836734693875,127.55102040816324,"reachable"
"hands-on-heavy",40,1,0.85,"growth-only",15.087588392320761,121.61836734693875,127.55102040816324,"reachable"
"hands-on-heavy",40,1,0.86,"retained-rights",8.128358856673866,121.8938775510204,127.55102040816324,"reachable"
"hands-on-heavy",40,1,0.86,"growth-only",15.005636686623692,121.8938775510204,127.55102040816324,"reachable"
"hands-on-heavy",40,1,0.87,"retained-rights",7.9487484233456085,122.16938775510202,127.55102040816324,"reachable"
"hands-on-heavy",40,1,0.87,"growth-only",14.924631326000991,122.16938775510202,127.55102040816324,"reachable"
"hands-on-heavy",40,1,0.88,"retained-rights",7.770240311738119,122.44489795918365,127.55102040816324,"reachable"
"hands-on-heavy",40,1,0.88,"growth-only",14.844555102653189,122.44489795918365,127.55102040816324,"reachable"
"hands-on-heavy",40,1,0.89,"retained-rights",7.592822279064926,122.72040816326528,127.55102040816324,"reachable"
"hands-on-heavy",40,1,0.89,"growth-only",14.765391241637293,122.72040816326528,127.55102040816324,"reachable"
"hands-on-heavy",40,1,0.9,"retained-rights",7.416482281378367,122.99591836734692,127.55102040816324,"reachable"
"hands-on-heavy",40,1,0.9,"growth-only",14.687123386882428,122.99591836734692,127.55102040816324,"reachable"
"hands-on-heavy",40,1,0.91,"retained-rights",7.241208469307425,123.27142857142854,127.55102040816324,"reachable"
"hands-on-heavy",40,1,0.91,"growth-only",14.609735587758067,123.27142857142854,127.55102040816324,"reachable"
"hands-on-heavy",40,1,0.92,"retained-rights",7.066989183908889,123.54693877551017,127.55102040816324,"reachable"
"hands-on-heavy",40,1,0.92,"growth-only",14.533212286169483,123.54693877551017,127.55102040816324,"reachable"
"hands-on-heavy",40,1,0.93,"retained-rights",6.893812952628631,123.8224489795918,127.55102040816324,"reachable"
"hands-on-heavy",40,1,0.93,"growth-only",14.45753830415557,123.8224489795918,127.55102040816324,"reachable"
"hands-on-heavy",40,1,0.94,"retained-rights",6.721668485369303,124.09795918367344,127.55102040816324,"reachable"
"hands-on-heavy",40,1,0.94,"growth-only",14.38269883196619,124.09795918367344,127.55102040816324,"reachable"
"hands-on-heavy",40,1,0.95,"retained-rights",6.55054467066114,124.37346938775507,127.55102040816324,"reachable"
"hands-on-heavy",40,1,0.95,"growth-only",14.308679416597014,124.37346938775507,127.55102040816324,"reachable"
"hands-on-heavy",40,1,0.96,"retained-rights",6.380430571932583,124.64897959183669,127.55102040816324,"reachable"
"hands-on-heavy",40,1,0.96,"growth-only",14.235465950760995,124.64897959183669,127.55102040816324,"reachable"
"hands-on-heavy",40,1,0.97,"retained-rights",6.2113154238777835,124.92448979591835,127.55102040816324,"reachable"
"hands-on-heavy",40,1,0.97,"growth-only",14.163044662276846,124.92448979591835,127.55102040816324,"reachable"
"hands-on-heavy",40,1,0.98,"retained-rights",6.043188628917817,125.19999999999997,127.55102040816324,"reachable"
"hands-on-heavy",40,1,0.98,"growth-only",14.09140210385611,125.19999999999997,127.55102040816324,"reachable"
"hands-on-heavy",40,1,0.99,"retained-rights",5.876039753752704,125.47551020408162,127.55102040816324,"reachable"
"hands-on-heavy",40,1,0.99,"growth-only",14.020525143270678,125.47551020408162,127.55102040816324,"reachable"
"hands-on-heavy",40,1,1,"retained-rights",5.709858526001654,125.75102040816324,127.55102040816324,"reachable"
"hands-on-heavy",40,1,1,"growth-only",13.950400953884401,125.75102040816324,127.55102040816324,"reachable"
