staffing,demand,salariedParticipation,gapChangeMin,gapChangeMax,gapChange,robustDirection,salariedEarnings,proprietorEarnings
0,-40,0,0,0,0,"mixed-or-unchanged",58.199999999999996,58.199999999999996
0,-40,0.05,0,0,0,"mixed-or-unchanged",58.199999999999996,58.199999999999996
0,-40,0.1,0,0,0,"mixed-or-unchanged",58.199999999999996,58.199999999999996
0,-40,0.15,0,0,0,"mixed-or-unchanged",58.199999999999996,58.199999999999996
0,-40,0.2,0,0,0,"mixed-or-unchanged",58.199999999999996,58.199999999999996
0,-40,0.25,0,0,0,"mixed-or-unchanged",58.199999999999996,58.199999999999996
0,-40,0.3,0,0,0,"mixed-or-unchanged",58.199999999999996,58.199999999999996
0,-40,0.35,0,0,0,"mixed-or-unchanged",58.199999999999996,58.199999999999996
0,-40,0.4,0,0,0,"mixed-or-unchanged",58.199999999999996,58.199999999999996
0,-40,0.45,0,0,0,"mixed-or-unchanged",58.199999999999996,58.199999999999996
0,-40,0.5,0,0,0,"mixed-or-unchanged",58.199999999999996,58.199999999999996
0,-40,0.55,0,0,0,"mixed-or-unchanged",58.199999999999996,58.199999999999996
0,-40,0.6,0,0,0,"mixed-or-unchanged",58.199999999999996,58.199999999999996
0,-40,0.65,0,0,0,"mixed-or-unchanged",58.199999999999996,58.199999999999996
0,-40,0.7,0,0,0,"mixed-or-unchanged",58.199999999999996,58.199999999999996
0,-40,0.75,0,0,0,"mixed-or-unchanged",58.199999999999996,58.199999999999996
0,-40,0.8,0,0,0,"mixed-or-unchanged",58.199999999999996,58.199999999999996
0,-40,0.85,0,0,0,"mixed-or-unchanged",58.199999999999996,58.199999999999996
0,-40,0.9,0,0,0,"mixed-or-unchanged",58.199999999999996,58.199999999999996
0,-40,0.95,0,0,0,"mixed-or-unchanged",58.199999999999996,58.199999999999996
0,-40,1,0,0,0,"mixed-or-unchanged",58.199999999999996,58.199999999999996
0,-38,0,2.220446049250313e-14,2.220446049250313e-14,2.220446049250313e-14,"mixed-or-unchanged",60.199999999999996,60.199999999999996
0,-38,0.05,2.220446049250313e-14,2.220446049250313e-14,2.220446049250313e-14,"mixed-or-unchanged",60.199999999999996,60.199999999999996
0,-38,0.1,2.220446049250313e-14,2.220446049250313e-14,2.220446049250313e-14,"mixed-or-unchanged",60.199999999999996,60.199999999999996
0,-38,0.15,2.220446049250313e-14,2.220446049250313e-14,2.220446049250313e-14,"mixed-or-unchanged",60.199999999999996,60.199999999999996
0,-38,0.2,2.220446049250313e-14,2.220446049250313e-14,2.220446049250313e-14,"mixed-or-unchanged",60.199999999999996,60.199999999999996
0,-38,0.25,2.220446049250313e-14,2.220446049250313e-14,2.220446049250313e-14,"mixed-or-unchanged",60.199999999999996,60.199999999999996
0,-38,0.3,2.220446049250313e-14,2.220446049250313e-14,2.220446049250313e-14,"mixed-or-unchanged",60.199999999999996,60.199999999999996
0,-38,0.35,2.220446049250313e-14,2.220446049250313e-14,2.220446049250313e-14,"mixed-or-unchanged",60.199999999999996,60.199999999999996
0,-38,0.4,2.220446049250313e-14,2.220446049250313e-14,2.220446049250313e-14,"mixed-or-unchanged",60.199999999999996,60.199999999999996
0,-38,0.45,2.220446049250313e-14,2.220446049250313e-14,2.220446049250313e-14,"mixed-or-unchanged",60.199999999999996,60.199999999999996
0,-38,0.5,2.220446049250313e-14,2.220446049250313e-14,2.220446049250313e-14,"mixed-or-unchanged",60.199999999999996,60.199999999999996
0,-38,0.55,2.220446049250313e-14,2.220446049250313e-14,2.220446049250313e-14,"mixed-or-unchanged",60.199999999999996,60.199999999999996
0,-38,0.6,2.220446049250313e-14,2.220446049250313e-14,2.220446049250313e-14,"mixed-or-unchanged",60.199999999999996,60.199999999999996
0,-38,0.65,2.220446049250313e-14,2.220446049250313e-14,2.220446049250313e-14,"mixed-or-unchanged",60.199999999999996,60.199999999999996
0,-38,0.7,2.220446049250313e-14,2.220446049250313e-14,2.220446049250313e-14,"mixed-or-unchanged",60.199999999999996,60.199999999999996
0,-38,0.75,2.220446049250313e-14,2.220446049250313e-14,2.220446049250313e-14,"mixed-or-unchanged",60.199999999999996,60.199999999999996
0,-38,0.8,2.220446049250313e-14,2.220446049250313e-14,2.220446049250313e-14,"mixed-or-unchanged",60.199999999999996,60.199999999999996
0,-38,0.85,2.220446049250313e-14,2.220446049250313e-14,2.220446049250313e-14,"mixed-or-unchanged",60.199999999999996,60.199999999999996
0,-38,0.9,2.220446049250313e-14,2.220446049250313e-14,2.220446049250313e-14,"mixed-or-unchanged",60.199999999999996,60.199999999999996
0,-38,0.95,2.220446049250313e-14,2.220446049250313e-14,2.220446049250313e-14,"mixed-or-unchanged",60.199999999999996,60.199999999999996
0,-38,1,2.220446049250313e-14,2.220446049250313e-14,2.220446049250313e-14,"mixed-or-unchanged",60.199999999999996,60.199999999999996
0,-36,0,0,0,0,"mixed-or-unchanged",62.2,62.2
0,-36,0.05,0,0,0,"mixed-or-unchanged",62.2,62.2
0,-36,0.1,0,0,0,"mixed-or-unchanged",62.2,62.2
0,-36,0.15,0,0,0,"mixed-or-unchanged",62.2,62.2
0,-36,0.2,0,0,0,"mixed-or-unchanged",62.2,62.2
0,-36,0.25,0,0,0,"mixed-or-unchanged",62.2,62.2
0,-36,0.3,0,0,0,"mixed-or-unchanged",62.2,62.2
0,-36,0.35,0,0,0,"mixed-or-unchanged",62.2,62.2
0,-36,0.4,0,0,0,"mixed-or-unchanged",62.2,62.2
0,-36,0.45,0,0,0,"mixed-or-unchanged",62.2,62.2
0,-36,0.5,0,0,0,"mixed-or-unchanged",62.2,62.2
0,-36,0.55,0,0,0,"mixed-or-unchanged",62.2,62.2
0,-36,0.6,0,0,0,"mixed-or-unchanged",62.2,62.2
0,-36,0.65,0,0,0,"mixed-or-unchanged",62.2,62.2
0,-36,0.7,0,0,0,"mixed-or-unchanged",62.2,62.2
0,-36,0.75,0,0,0,"mixed-or-unchanged",62.2,62.2
0,-36,0.8,0,0,0,"mixed-or-unchanged",62.2,62.2
0,-36,0.85,0,0,0,"mixed-or-unchanged",62.2,62.2
0,-36,0.9,0,0,0,"mixed-or-unchanged",62.2,62.2
0,-36,0.95,0,0,0,"mixed-or-unchanged",62.2,62.2
0,-36,1,0,0,0,"mixed-or-unchanged",62.2,62.2
0,-34,0,-1.1102230246251565e-14,-1.1102230246251565e-14,-1.1102230246251565e-14,"mixed-or-unchanged",64.19999999999999,64.19999999999999
0,-34,0.05,-1.1102230246251565e-14,-1.1102230246251565e-14,-1.1102230246251565e-14,"mixed-or-unchanged",64.19999999999999,64.19999999999999
0,-34,0.1,-1.1102230246251565e-14,-1.1102230246251565e-14,-1.1102230246251565e-14,"mixed-or-unchanged",64.19999999999999,64.19999999999999
0,-34,0.15,-1.1102230246251565e-14,-1.1102230246251565e-14,-1.1102230246251565e-14,"mixed-or-unchanged",64.19999999999999,64.19999999999999
0,-34,0.2,-1.1102230246251565e-14,-1.1102230246251565e-14,-1.1102230246251565e-14,"mixed-or-unchanged",64.19999999999999,64.19999999999999
0,-34,0.25,-1.1102230246251565e-14,-1.1102230246251565e-14,-1.1102230246251565e-14,"mixed-or-unchanged",64.19999999999999,64.19999999999999
0,-34,0.3,-1.1102230246251565e-14,-1.1102230246251565e-14,-1.1102230246251565e-14,"mixed-or-unchanged",64.19999999999999,64.19999999999999
0,-34,0.35,-1.1102230246251565e-14,-1.1102230246251565e-14,-1.1102230246251565e-14,"mixed-or-unchanged",64.19999999999999,64.19999999999999
0,-34,0.4,-1.1102230246251565e-14,-1.1102230246251565e-14,-1.1102230246251565e-14,"mixed-or-unchanged",64.19999999999999,64.19999999999999
0,-34,0.45,-1.1102230246251565e-14,-1.1102230246251565e-14,-1.1102230246251565e-14,"mixed-or-unchanged",64.19999999999999,64.19999999999999
0,-34,0.5,-1.1102230246251565e-14,-1.1102230246251565e-14,-1.1102230246251565e-14,"mixed-or-unchanged",64.19999999999999,64.19999999999999
0,-34,0.55,-1.1102230246251565e-14,-1.1102230246251565e-14,-1.1102230246251565e-14,"mixed-or-unchanged",64.19999999999999,64.19999999999999
0,-34,0.6,-1.1102230246251565e-14,-1.1102230246251565e-14,-1.1102230246251565e-14,"mixed-or-unchanged",64.19999999999999,64.19999999999999
0,-34,0.65,-1.1102230246251565e-14,-1.1102230246251565e-14,-1.1102230246251565e-14,"mixed-or-unchanged",64.19999999999999,64.19999999999999
0,-34,0.7,-1.1102230246251565e-14,-1.1102230246251565e-14,-1.1102230246251565e-14,"mixed-or-unchanged",64.19999999999999,64.19999999999999
0,-34,0.75,-1.1102230246251565e-14,-1.1102230246251565e-14,-1.1102230246251565e-14,"mixed-or-unchanged",64.19999999999999,64.19999999999999
0,-34,0.8,-1.1102230246251565e-14,-1.1102230246251565e-14,-1.1102230246251565e-14,"mixed-or-unchanged",64.19999999999999,64.19999999999999
0,-34,0.85,-1.1102230246251565e-14,-1.1102230246251565e-14,-1.1102230246251565e-14,"mixed-or-unchanged",64.19999999999999,64.19999999999999
0,-34,0.9,-1.1102230246251565e-14,-1.1102230246251565e-14,-1.1102230246251565e-14,"mixed-or-unchanged",64.19999999999999,64.19999999999999
0,-34,0.95,-1.1102230246251565e-14,-1.1102230246251565e-14,-1.1102230246251565e-14,"mixed-or-unchanged",64.19999999999999,64.19999999999999
0,-34,1,-1.1102230246251565e-14,-1.1102230246251565e-14,-1.1102230246251565e-14,"mixed-or-unchanged",64.19999999999999,64.19999999999999
0,-32,0,2.220446049250313e-14,2.220446049250313e-14,2.220446049250313e-14,"mixed-or-unchanged",66.19999999999999,66.19999999999999
0,-32,0.05,2.220446049250313e-14,2.220446049250313e-14,2.220446049250313e-14,"mixed-or-unchanged",66.19999999999999,66.19999999999999
0,-32,0.1,2.220446049250313e-14,2.220446049250313e-14,2.220446049250313e-14,"mixed-or-unchanged",66.19999999999999,66.19999999999999
0,-32,0.15,2.220446049250313e-14,2.220446049250313e-14,2.220446049250313e-14,"mixed-or-unchanged",66.19999999999999,66.19999999999999
0,-32,0.2,2.220446049250313e-14,2.220446049250313e-14,2.220446049250313e-14,"mixed-or-unchanged",66.19999999999999,66.19999999999999
0,-32,0.25,2.220446049250313e-14,2.220446049250313e-14,2.220446049250313e-14,"mixed-or-unchanged",66.19999999999999,66.19999999999999
0,-32,0.3,2.220446049250313e-14,2.220446049250313e-14,2.220446049250313e-14,"mixed-or-unchanged",66.19999999999999,66.19999999999999
0,-32,0.35,2.220446049250313e-14,2.220446049250313e-14,2.220446049250313e-14,"mixed-or-unchanged",66.19999999999999,66.19999999999999
0,-32,0.4,2.220446049250313e-14,2.220446049250313e-14,2.220446049250313e-14,"mixed-or-unchanged",66.19999999999999,66.19999999999999
0,-32,0.45,2.220446049250313e-14,2.220446049250313e-14,2.220446049250313e-14,"mixed-or-unchanged",66.19999999999999,66.19999999999999
0,-32,0.5,2.220446049250313e-14,2.220446049250313e-14,2.220446049250313e-14,"mixed-or-unchanged",66.19999999999999,66.19999999999999
0,-32,0.55,2.220446049250313e-14,2.220446049250313e-14,2.220446049250313e-14,"mixed-or-unchanged",66.19999999999999,66.19999999999999
0,-32,0.6,2.220446049250313e-14,2.220446049250313e-14,2.220446049250313e-14,"mixed-or-unchanged",66.19999999999999,66.19999999999999
0,-32,0.65,2.220446049250313e-14,2.220446049250313e-14,2.220446049250313e-14,"mixed-or-unchanged",66.19999999999999,66.19999999999999
0,-32,0.7,2.220446049250313e-14,2.220446049250313e-14,2.220446049250313e-14,"mixed-or-unchanged",66.19999999999999,66.19999999999999
0,-32,0.75,2.220446049250313e-14,2.220446049250313e-14,2.220446049250313e-14,"mixed-or-unchanged",66.19999999999999,66.19999999999999
0,-32,0.8,2.220446049250313e-14,2.220446049250313e-14,2.220446049250313e-14,"mixed-or-unchanged",66.19999999999999,66.19999999999999
0,-32,0.85,2.220446049250313e-14,2.220446049250313e-14,2.220446049250313e-14,"mixed-or-unchanged",66.19999999999999,66.19999999999999
0,-32,0.9,2.220446049250313e-14,2.220446049250313e-14,2.220446049250313e-14,"mixed-or-unchanged",66.19999999999999,66.19999999999999
0,-32,0.95,2.220446049250313e-14,2.220446049250313e-14,2.220446049250313e-14,"mixed-or-unchanged",66.19999999999999,66.19999999999999
0,-32,1,2.220446049250313e-14,2.220446049250313e-14,2.220446049250313e-14,"mixed-or-unchanged",66.19999999999999,66.19999999999999
0,-30,0,0,0,0,"mixed-or-unchanged",68.19999999999999,68.19999999999999
0,-30,0.05,0,0,0,"mixed-or-unchanged",68.19999999999999,68.19999999999999
0,-30,0.1,0,0,0,"mixed-or-unchanged",68.19999999999999,68.19999999999999
0,-30,0.15,0,0,0,"mixed-or-unchanged",68.19999999999999,68.19999999999999
0,-30,0.2,0,0,0,"mixed-or-unchanged",68.19999999999999,68.19999999999999
0,-30,0.25,0,0,0,"mixed-or-unchanged",68.19999999999999,68.19999999999999
0,-30,0.3,0,0,0,"mixed-or-unchanged",68.19999999999999,68.19999999999999
0,-30,0.35,0,0,0,"mixed-or-unchanged",68.19999999999999,68.19999999999999
0,-30,0.4,0,0,0,"mixed-or-unchanged",68.19999999999999,68.19999999999999
0,-30,0.45,0,0,0,"mixed-or-unchanged",68.19999999999999,68.19999999999999
0,-30,0.5,0,0,0,"mixed-or-unchanged",68.19999999999999,68.19999999999999
0,-30,0.55,0,0,0,"mixed-or-unchanged",68.19999999999999,68.19999999999999
0,-30,0.6,0,0,0,"mixed-or-unchanged",68.19999999999999,68.19999999999999
0,-30,0.65,0,0,0,"mixed-or-unchanged",68.19999999999999,68.19999999999999
0,-30,0.7,0,0,0,"mixed-or-unchanged",68.19999999999999,68.19999999999999
0,-30,0.75,0,0,0,"mixed-or-unchanged",68.19999999999999,68.19999999999999
0,-30,0.8,0,0,0,"mixed-or-unchanged",68.19999999999999,68.19999999999999
0,-30,0.85,0,0,0,"mixed-or-unchanged",68.19999999999999,68.19999999999999
0,-30,0.9,0,0,0,"mixed-or-unchanged",68.19999999999999,68.19999999999999
0,-30,0.95,0,0,0,"mixed-or-unchanged",68.19999999999999,68.19999999999999
0,-30,1,0,0,0,"mixed-or-unchanged",68.19999999999999,68.19999999999999
0,-28,0,2.220446049250313e-14,2.220446049250313e-14,2.220446049250313e-14,"mixed-or-unchanged",70.19999999999999,70.19999999999999
0,-28,0.05,2.220446049250313e-14,2.220446049250313e-14,2.220446049250313e-14,"mixed-or-unchanged",70.19999999999999,70.19999999999999
0,-28,0.1,2.220446049250313e-14,2.220446049250313e-14,2.220446049250313e-14,"mixed-or-unchanged",70.19999999999999,70.19999999999999
0,-28,0.15,2.220446049250313e-14,2.220446049250313e-14,2.220446049250313e-14,"mixed-or-unchanged",70.19999999999999,70.19999999999999
0,-28,0.2,2.220446049250313e-14,2.220446049250313e-14,2.220446049250313e-14,"mixed-or-unchanged",70.19999999999999,70.19999999999999
0,-28,0.25,2.220446049250313e-14,2.220446049250313e-14,2.220446049250313e-14,"mixed-or-unchanged",70.19999999999999,70.19999999999999
0,-28,0.3,2.220446049250313e-14,2.220446049250313e-14,2.220446049250313e-14,"mixed-or-unchanged",70.19999999999999,70.19999999999999
0,-28,0.35,2.220446049250313e-14,2.220446049250313e-14,2.220446049250313e-14,"mixed-or-unchanged",70.19999999999999,70.19999999999999
0,-28,0.4,2.220446049250313e-14,2.220446049250313e-14,2.220446049250313e-14,"mixed-or-unchanged",70.19999999999999,70.19999999999999
0,-28,0.45,2.220446049250313e-14,2.220446049250313e-14,2.220446049250313e-14,"mixed-or-unchanged",70.19999999999999,70.19999999999999
0,-28,0.5,2.220446049250313e-14,2.220446049250313e-14,2.220446049250313e-14,"mixed-or-unchanged",70.19999999999999,70.19999999999999
0,-28,0.55,2.220446049250313e-14,2.220446049250313e-14,2.220446049250313e-14,"mixed-or-unchanged",70.19999999999999,70.19999999999999
0,-28,0.6,2.220446049250313e-14,2.220446049250313e-14,2.220446049250313e-14,"mixed-or-unchanged",70.19999999999999,70.19999999999999
0,-28,0.65,2.220446049250313e-14,2.220446049250313e-14,2.220446049250313e-14,"mixed-or-unchanged",70.19999999999999,70.19999999999999
0,-28,0.7,2.220446049250313e-14,2.220446049250313e-14,2.220446049250313e-14,"mixed-or-unchanged",70.19999999999999,70.19999999999999
0,-28,0.75,2.220446049250313e-14,2.220446049250313e-14,2.220446049250313e-14,"mixed-or-unchanged",70.19999999999999,70.19999999999999
0,-28,0.8,2.220446049250313e-14,2.220446049250313e-14,2.220446049250313e-14,"mixed-or-unchanged",70.19999999999999,70.19999999999999
0,-28,0.85,2.220446049250313e-14,2.220446049250313e-14,2.220446049250313e-14,"mixed-or-unchanged",70.19999999999999,70.19999999999999
0,-28,0.9,2.220446049250313e-14,2.220446049250313e-14,2.220446049250313e-14,"mixed-or-unchanged",70.19999999999999,70.19999999999999
0,-28,0.95,2.220446049250313e-14,2.220446049250313e-14,2.220446049250313e-14,"mixed-or-unchanged",70.19999999999999,70.19999999999999
0,-28,1,2.220446049250313e-14,2.220446049250313e-14,2.220446049250313e-14,"mixed-or-unchanged",70.19999999999999,70.19999999999999
0,-26,0,0,0,0,"mixed-or-unchanged",72.2,72.2
0,-26,0.05,0,0,0,"mixed-or-unchanged",72.2,72.2
0,-26,0.1,0,0,0,"mixed-or-unchanged",72.2,72.2
0,-26,0.15,0,0,0,"mixed-or-unchanged",72.2,72.2
0,-26,0.2,0,0,0,"mixed-or-unchanged",72.2,72.2
0,-26,0.25,0,0,0,"mixed-or-unchanged",72.2,72.2
0,-26,0.3,0,0,0,"mixed-or-unchanged",72.2,72.2
0,-26,0.35,0,0,0,"mixed-or-unchanged",72.2,72.2
0,-26,0.4,0,0,0,"mixed-or-unchanged",72.2,72.2
0,-26,0.45,0,0,0,"mixed-or-unchanged",72.2,72.2
0,-26,0.5,0,0,0,"mixed-or-unchanged",72.2,72.2
0,-26,0.55,0,0,0,"mixed-or-unchanged",72.2,72.2
0,-26,0.6,0,0,0,"mixed-or-unchanged",72.2,72.2
0,-26,0.65,0,0,0,"mixed-or-unchanged",72.2,72.2
0,-26,0.7,0,0,0,"mixed-or-unchanged",72.2,72.2
0,-26,0.75,0,0,0,"mixed-or-unchanged",72.2,72.2
0,-26,0.8,0,0,0,"mixed-or-unchanged",72.2,72.2
0,-26,0.85,0,0,0,"mixed-or-unchanged",72.2,72.2
0,-26,0.9,0,0,0,"mixed-or-unchanged",72.2,72.2
0,-26,0.95,0,0,0,"mixed-or-unchanged",72.2,72.2
0,-26,1,0,0,0,"mixed-or-unchanged",72.2,72.2
0,-24,0,2.220446049250313e-14,2.220446049250313e-14,2.220446049250313e-14,"mixed-or-unchanged",74.2,74.2
0,-24,0.05,2.220446049250313e-14,2.220446049250313e-14,2.220446049250313e-14,"mixed-or-unchanged",74.2,74.2
0,-24,0.1,2.220446049250313e-14,2.220446049250313e-14,2.220446049250313e-14,"mixed-or-unchanged",74.2,74.2
0,-24,0.15,2.220446049250313e-14,2.220446049250313e-14,2.220446049250313e-14,"mixed-or-unchanged",74.2,74.2
0,-24,0.2,2.220446049250313e-14,2.220446049250313e-14,2.220446049250313e-14,"mixed-or-unchanged",74.2,74.2
0,-24,0.25,2.220446049250313e-14,2.220446049250313e-14,2.220446049250313e-14,"mixed-or-unchanged",74.2,74.2
0,-24,0.3,2.220446049250313e-14,2.220446049250313e-14,2.220446049250313e-14,"mixed-or-unchanged",74.2,74.2
0,-24,0.35,2.220446049250313e-14,2.220446049250313e-14,2.220446049250313e-14,"mixed-or-unchanged",74.2,74.2
0,-24,0.4,2.220446049250313e-14,2.220446049250313e-14,2.220446049250313e-14,"mixed-or-unchanged",74.2,74.2
0,-24,0.45,2.220446049250313e-14,2.220446049250313e-14,2.220446049250313e-14,"mixed-or-unchanged",74.2,74.2
0,-24,0.5,2.220446049250313e-14,2.220446049250313e-14,2.220446049250313e-14,"mixed-or-unchanged",74.2,74.2
0,-24,0.55,2.220446049250313e-14,2.220446049250313e-14,2.220446049250313e-14,"mixed-or-unchanged",74.2,74.2
0,-24,0.6,2.220446049250313e-14,2.220446049250313e-14,2.220446049250313e-14,"mixed-or-unchanged",74.2,74.2
0,-24,0.65,2.220446049250313e-14,2.220446049250313e-14,2.220446049250313e-14,"mixed-or-unchanged",74.2,74.2
0,-24,0.7,2.220446049250313e-14,2.220446049250313e-14,2.220446049250313e-14,"mixed-or-unchanged",74.2,74.2
0,-24,0.75,2.220446049250313e-14,2.220446049250313e-14,2.220446049250313e-14,"mixed-or-unchanged",74.2,74.2
0,-24,0.8,2.220446049250313e-14,2.220446049250313e-14,2.220446049250313e-14,"mixed-or-unchanged",74.2,74.2
0,-24,0.85,2.220446049250313e-14,2.220446049250313e-14,2.220446049250313e-14,"mixed-or-unchanged",74.2,74.2
0,-24,0.9,2.220446049250313e-14,2.220446049250313e-14,2.220446049250313e-14,"mixed-or-unchanged",74.2,74.2
0,-24,0.95,2.220446049250313e-14,2.220446049250313e-14,2.220446049250313e-14,"mixed-or-unchanged",74.2,74.2
0,-24,1,2.220446049250313e-14,2.220446049250313e-14,2.220446049250313e-14,"mixed-or-unchanged",74.2,74.2
0,-22,0,0,0,0,"mixed-or-unchanged",76.2,76.2
0,-22,0.05,0,0,0,"mixed-or-unchanged",76.2,76.2
0,-22,0.1,0,0,0,"mixed-or-unchanged",76.2,76.2
0,-22,0.15,0,0,0,"mixed-or-unchanged",76.2,76.2
0,-22,0.2,0,0,0,"mixed-or-unchanged",76.2,76.2
0,-22,0.25,0,0,0,"mixed-or-unchanged",76.2,76.2
0,-22,0.3,0,0,0,"mixed-or-unchanged",76.2,76.2
0,-22,0.35,0,0,0,"mixed-or-unchanged",76.2,76.2
0,-22,0.4,0,0,0,"mixed-or-unchanged",76.2,76.2
0,-22,0.45,0,0,0,"mixed-or-unchanged",76.2,76.2
0,-22,0.5,0,0,0,"mixed-or-unchanged",76.2,76.2
0,-22,0.55,0,0,0,"mixed-or-unchanged",76.2,76.2
0,-22,0.6,0,0,0,"mixed-or-unchanged",76.2,76.2
0,-22,0.65,0,0,0,"mixed-or-unchanged",76.2,76.2
0,-22,0.7,0,0,0,"mixed-or-unchanged",76.2,76.2
0,-22,0.75,0,0,0,"mixed-or-unchanged",76.2,76.2
0,-22,0.8,0,0,0,"mixed-or-unchanged",76.2,76.2
0,-22,0.85,0,0,0,"mixed-or-unchanged",76.2,76.2
0,-22,0.9,0,0,0,"mixed-or-unchanged",76.2,76.2
0,-22,0.95,0,0,0,"mixed-or-unchanged",76.2,76.2
0,-22,1,0,0,0,"mixed-or-unchanged",76.2,76.2
0,-20,0,0,0,0,"mixed-or-unchanged",78.2,78.2
0,-20,0.05,0,0,0,"mixed-or-unchanged",78.2,78.2
0,-20,0.1,0,0,0,"mixed-or-unchanged",78.2,78.2
0,-20,0.15,0,0,0,"mixed-or-unchanged",78.2,78.2
0,-20,0.2,0,0,0,"mixed-or-unchanged",78.2,78.2
0,-20,0.25,0,0,0,"mixed-or-unchanged",78.2,78.2
0,-20,0.3,0,0,0,"mixed-or-unchanged",78.2,78.2
0,-20,0.35,0,0,0,"mixed-or-unchanged",78.2,78.2
0,-20,0.4,0,0,0,"mixed-or-unchanged",78.2,78.2
0,-20,0.45,0,0,0,"mixed-or-unchanged",78.2,78.2
0,-20,0.5,0,0,0,"mixed-or-unchanged",78.2,78.2
0,-20,0.55,0,0,0,"mixed-or-unchanged",78.2,78.2
0,-20,0.6,0,0,0,"mixed-or-unchanged",78.2,78.2
0,-20,0.65,0,0,0,"mixed-or-unchanged",78.2,78.2
0,-20,0.7,0,0,0,"mixed-or-unchanged",78.2,78.2
0,-20,0.75,0,0,0,"mixed-or-unchanged",78.2,78.2
0,-20,0.8,0,0,0,"mixed-or-unchanged",78.2,78.2
0,-20,0.85,0,0,0,"mixed-or-unchanged",78.2,78.2
0,-20,0.9,0,0,0,"mixed-or-unchanged",78.2,78.2
0,-20,0.95,0,0,0,"mixed-or-unchanged",78.2,78.2
0,-20,1,0,0,0,"mixed-or-unchanged",78.2,78.2
0,-18,0,0,0,0,"mixed-or-unchanged",80.2,80.2
0,-18,0.05,0,0,0,"mixed-or-unchanged",80.2,80.2
0,-18,0.1,0,0,0,"mixed-or-unchanged",80.2,80.2
0,-18,0.15,0,0,0,"mixed-or-unchanged",80.2,80.2
0,-18,0.2,0,0,0,"mixed-or-unchanged",80.2,80.2
0,-18,0.25,0,0,0,"mixed-or-unchanged",80.2,80.2
0,-18,0.3,0,0,0,"mixed-or-unchanged",80.2,80.2
0,-18,0.35,0,0,0,"mixed-or-unchanged",80.2,80.2
0,-18,0.4,0,0,0,"mixed-or-unchanged",80.2,80.2
0,-18,0.45,0,0,0,"mixed-or-unchanged",80.2,80.2
0,-18,0.5,0,0,0,"mixed-or-unchanged",80.2,80.2
0,-18,0.55,0,0,0,"mixed-or-unchanged",80.2,80.2
0,-18,0.6,0,0,0,"mixed-or-unchanged",80.2,80.2
0,-18,0.65,0,0,0,"mixed-or-unchanged",80.2,80.2
0,-18,0.7,0,0,0,"mixed-or-unchanged",80.2,80.2
0,-18,0.75,0,0,0,"mixed-or-unchanged",80.2,80.2
0,-18,0.8,0,0,0,"mixed-or-unchanged",80.2,80.2
0,-18,0.85,0,0,0,"mixed-or-unchanged",80.2,80.2
0,-18,0.9,0,0,0,"mixed-or-unchanged",80.2,80.2
0,-18,0.95,0,0,0,"mixed-or-unchanged",80.2,80.2
0,-18,1,0,0,0,"mixed-or-unchanged",80.2,80.2
0,-16,0,2.220446049250313e-14,2.220446049250313e-14,2.220446049250313e-14,"mixed-or-unchanged",82.19999999999999,82.19999999999999
0,-16,0.05,2.220446049250313e-14,2.220446049250313e-14,2.220446049250313e-14,"mixed-or-unchanged",82.19999999999999,82.19999999999999
0,-16,0.1,2.220446049250313e-14,2.220446049250313e-14,2.220446049250313e-14,"mixed-or-unchanged",82.19999999999999,82.19999999999999
0,-16,0.15,2.220446049250313e-14,2.220446049250313e-14,2.220446049250313e-14,"mixed-or-unchanged",82.19999999999999,82.19999999999999
0,-16,0.2,2.220446049250313e-14,2.220446049250313e-14,2.220446049250313e-14,"mixed-or-unchanged",82.19999999999999,82.19999999999999
0,-16,0.25,2.220446049250313e-14,2.220446049250313e-14,2.220446049250313e-14,"mixed-or-unchanged",82.19999999999999,82.19999999999999
0,-16,0.3,2.220446049250313e-14,2.220446049250313e-14,2.220446049250313e-14,"mixed-or-unchanged",82.19999999999999,82.19999999999999
0,-16,0.35,2.220446049250313e-14,2.220446049250313e-14,2.220446049250313e-14,"mixed-or-unchanged",82.19999999999999,82.19999999999999
0,-16,0.4,2.220446049250313e-14,2.220446049250313e-14,2.220446049250313e-14,"mixed-or-unchanged",82.19999999999999,82.19999999999999
0,-16,0.45,2.220446049250313e-14,2.220446049250313e-14,2.220446049250313e-14,"mixed-or-unchanged",82.19999999999999,82.19999999999999
0,-16,0.5,2.220446049250313e-14,2.220446049250313e-14,2.220446049250313e-14,"mixed-or-unchanged",82.19999999999999,82.19999999999999
0,-16,0.55,2.220446049250313e-14,2.220446049250313e-14,2.220446049250313e-14,"mixed-or-unchanged",82.19999999999999,82.19999999999999
0,-16,0.6,2.220446049250313e-14,2.220446049250313e-14,2.220446049250313e-14,"mixed-or-unchanged",82.19999999999999,82.19999999999999
0,-16,0.65,2.220446049250313e-14,2.220446049250313e-14,2.220446049250313e-14,"mixed-or-unchanged",82.19999999999999,82.19999999999999
0,-16,0.7,2.220446049250313e-14,2.220446049250313e-14,2.220446049250313e-14,"mixed-or-unchanged",82.19999999999999,82.19999999999999
0,-16,0.75,2.220446049250313e-14,2.220446049250313e-14,2.220446049250313e-14,"mixed-or-unchanged",82.19999999999999,82.19999999999999
0,-16,0.8,2.220446049250313e-14,2.220446049250313e-14,2.220446049250313e-14,"mixed-or-unchanged",82.19999999999999,82.19999999999999
0,-16,0.85,2.220446049250313e-14,2.220446049250313e-14,2.220446049250313e-14,"mixed-or-unchanged",82.19999999999999,82.19999999999999
0,-16,0.9,2.220446049250313e-14,2.220446049250313e-14,2.220446049250313e-14,"mixed-or-unchanged",82.19999999999999,82.19999999999999
0,-16,0.95,2.220446049250313e-14,2.220446049250313e-14,2.220446049250313e-14,"mixed-or-unchanged",82.19999999999999,82.19999999999999
0,-16,1,2.220446049250313e-14,2.220446049250313e-14,2.220446049250313e-14,"mixed-or-unchanged",82.19999999999999,82.19999999999999
0,-14,0,0,0,0,"mixed-or-unchanged",84.2,84.2
0,-14,0.05,0,0,0,"mixed-or-unchanged",84.2,84.2
0,-14,0.1,0,0,0,"mixed-or-unchanged",84.2,84.2
0,-14,0.15,0,0,0,"mixed-or-unchanged",84.2,84.2
0,-14,0.2,0,0,0,"mixed-or-unchanged",84.2,84.2
0,-14,0.25,0,0,0,"mixed-or-unchanged",84.2,84.2
0,-14,0.3,0,0,0,"mixed-or-unchanged",84.2,84.2
0,-14,0.35,0,0,0,"mixed-or-unchanged",84.2,84.2
0,-14,0.4,0,0,0,"mixed-or-unchanged",84.2,84.2
0,-14,0.45,0,0,0,"mixed-or-unchanged",84.2,84.2
0,-14,0.5,0,0,0,"mixed-or-unchanged",84.2,84.2
0,-14,0.55,0,0,0,"mixed-or-unchanged",84.2,84.2
0,-14,0.6,0,0,0,"mixed-or-unchanged",84.2,84.2
0,-14,0.65,0,0,0,"mixed-or-unchanged",84.2,84.2
0,-14,0.7,0,0,0,"mixed-or-unchanged",84.2,84.2
0,-14,0.75,0,0,0,"mixed-or-unchanged",84.2,84.2
0,-14,0.8,0,0,0,"mixed-or-unchanged",84.2,84.2
0,-14,0.85,0,0,0,"mixed-or-unchanged",84.2,84.2
0,-14,0.9,0,0,0,"mixed-or-unchanged",84.2,84.2
0,-14,0.95,0,0,0,"mixed-or-unchanged",84.2,84.2
0,-14,1,0,0,0,"mixed-or-unchanged",84.2,84.2
0,-12,0,2.220446049250313e-14,2.220446049250313e-14,2.220446049250313e-14,"mixed-or-unchanged",86.2,86.2
0,-12,0.05,2.220446049250313e-14,2.220446049250313e-14,2.220446049250313e-14,"mixed-or-unchanged",86.2,86.2
0,-12,0.1,2.220446049250313e-14,2.220446049250313e-14,2.220446049250313e-14,"mixed-or-unchanged",86.2,86.2
0,-12,0.15,2.220446049250313e-14,2.220446049250313e-14,2.220446049250313e-14,"mixed-or-unchanged",86.2,86.2
0,-12,0.2,2.220446049250313e-14,2.220446049250313e-14,2.220446049250313e-14,"mixed-or-unchanged",86.2,86.2
0,-12,0.25,2.220446049250313e-14,2.220446049250313e-14,2.220446049250313e-14,"mixed-or-unchanged",86.2,86.2
0,-12,0.3,2.220446049250313e-14,2.220446049250313e-14,2.220446049250313e-14,"mixed-or-unchanged",86.2,86.2
0,-12,0.35,2.220446049250313e-14,2.220446049250313e-14,2.220446049250313e-14,"mixed-or-unchanged",86.2,86.2
0,-12,0.4,2.220446049250313e-14,2.220446049250313e-14,2.220446049250313e-14,"mixed-or-unchanged",86.2,86.2
0,-12,0.45,2.220446049250313e-14,2.220446049250313e-14,2.220446049250313e-14,"mixed-or-unchanged",86.2,86.2
0,-12,0.5,2.220446049250313e-14,2.220446049250313e-14,2.220446049250313e-14,"mixed-or-unchanged",86.2,86.2
0,-12,0.55,2.220446049250313e-14,2.220446049250313e-14,2.220446049250313e-14,"mixed-or-unchanged",86.2,86.2
0,-12,0.6,2.220446049250313e-14,2.220446049250313e-14,2.220446049250313e-14,"mixed-or-unchanged",86.2,86.2
0,-12,0.65,2.220446049250313e-14,2.220446049250313e-14,2.220446049250313e-14,"mixed-or-unchanged",86.2,86.2
0,-12,0.7,2.220446049250313e-14,2.220446049250313e-14,2.220446049250313e-14,"mixed-or-unchanged",86.2,86.2
0,-12,0.75,2.220446049250313e-14,2.220446049250313e-14,2.220446049250313e-14,"mixed-or-unchanged",86.2,86.2
0,-12,0.8,2.220446049250313e-14,2.220446049250313e-14,2.220446049250313e-14,"mixed-or-unchanged",86.2,86.2
0,-12,0.85,2.220446049250313e-14,2.220446049250313e-14,2.220446049250313e-14,"mixed-or-unchanged",86.2,86.2
0,-12,0.9,2.220446049250313e-14,2.220446049250313e-14,2.220446049250313e-14,"mixed-or-unchanged",86.2,86.2
0,-12,0.95,2.220446049250313e-14,2.220446049250313e-14,2.220446049250313e-14,"mixed-or-unchanged",86.2,86.2
0,-12,1,2.220446049250313e-14,2.220446049250313e-14,2.220446049250313e-14,"mixed-or-unchanged",86.2,86.2
0,-10,0,0,0,0,"mixed-or-unchanged",88.2,88.2
0,-10,0.05,0,0,0,"mixed-or-unchanged",88.2,88.2
0,-10,0.1,0,0,0,"mixed-or-unchanged",88.2,88.2
0,-10,0.15,0,0,0,"mixed-or-unchanged",88.2,88.2
0,-10,0.2,0,0,0,"mixed-or-unchanged",88.2,88.2
0,-10,0.25,0,0,0,"mixed-or-unchanged",88.2,88.2
0,-10,0.3,0,0,0,"mixed-or-unchanged",88.2,88.2
0,-10,0.35,0,0,0,"mixed-or-unchanged",88.2,88.2
0,-10,0.4,0,0,0,"mixed-or-unchanged",88.2,88.2
0,-10,0.45,0,0,0,"mixed-or-unchanged",88.2,88.2
0,-10,0.5,0,0,0,"mixed-or-unchanged",88.2,88.2
0,-10,0.55,0,0,0,"mixed-or-unchanged",88.2,88.2
0,-10,0.6,0,0,0,"mixed-or-unchanged",88.2,88.2
0,-10,0.65,0,0,0,"mixed-or-unchanged",88.2,88.2
0,-10,0.7,0,0,0,"mixed-or-unchanged",88.2,88.2
0,-10,0.75,0,0,0,"mixed-or-unchanged",88.2,88.2
0,-10,0.8,0,0,0,"mixed-or-unchanged",88.2,88.2
0,-10,0.85,0,0,0,"mixed-or-unchanged",88.2,88.2
0,-10,0.9,0,0,0,"mixed-or-unchanged",88.2,88.2
0,-10,0.95,0,0,0,"mixed-or-unchanged",88.2,88.2
0,-10,1,0,0,0,"mixed-or-unchanged",88.2,88.2
0,-8,0,2.220446049250313e-14,2.220446049250313e-14,2.220446049250313e-14,"mixed-or-unchanged",90.2,90.2
0,-8,0.05,2.220446049250313e-14,2.220446049250313e-14,2.220446049250313e-14,"mixed-or-unchanged",90.2,90.2
0,-8,0.1,2.220446049250313e-14,2.220446049250313e-14,2.220446049250313e-14,"mixed-or-unchanged",90.2,90.2
0,-8,0.15,2.220446049250313e-14,2.220446049250313e-14,2.220446049250313e-14,"mixed-or-unchanged",90.2,90.2
0,-8,0.2,2.220446049250313e-14,2.220446049250313e-14,2.220446049250313e-14,"mixed-or-unchanged",90.2,90.2
0,-8,0.25,2.220446049250313e-14,2.220446049250313e-14,2.220446049250313e-14,"mixed-or-unchanged",90.2,90.2
0,-8,0.3,2.220446049250313e-14,2.220446049250313e-14,2.220446049250313e-14,"mixed-or-unchanged",90.2,90.2
0,-8,0.35,2.220446049250313e-14,2.220446049250313e-14,2.220446049250313e-14,"mixed-or-unchanged",90.2,90.2
0,-8,0.4,2.220446049250313e-14,2.220446049250313e-14,2.220446049250313e-14,"mixed-or-unchanged",90.2,90.2
0,-8,0.45,2.220446049250313e-14,2.220446049250313e-14,2.220446049250313e-14,"mixed-or-unchanged",90.2,90.2
0,-8,0.5,2.220446049250313e-14,2.220446049250313e-14,2.220446049250313e-14,"mixed-or-unchanged",90.2,90.2
0,-8,0.55,2.220446049250313e-14,2.220446049250313e-14,2.220446049250313e-14,"mixed-or-unchanged",90.2,90.2
0,-8,0.6,2.220446049250313e-14,2.220446049250313e-14,2.220446049250313e-14,"mixed-or-unchanged",90.2,90.2
0,-8,0.65,2.220446049250313e-14,2.220446049250313e-14,2.220446049250313e-14,"mixed-or-unchanged",90.2,90.2
0,-8,0.7,2.220446049250313e-14,2.220446049250313e-14,2.220446049250313e-14,"mixed-or-unchanged",90.2,90.2
0,-8,0.75,2.220446049250313e-14,2.220446049250313e-14,2.220446049250313e-14,"mixed-or-unchanged",90.2,90.2
0,-8,0.8,2.220446049250313e-14,2.220446049250313e-14,2.220446049250313e-14,"mixed-or-unchanged",90.2,90.2
0,-8,0.85,2.220446049250313e-14,2.220446049250313e-14,2.220446049250313e-14,"mixed-or-unchanged",90.2,90.2
0,-8,0.9,2.220446049250313e-14,2.220446049250313e-14,2.220446049250313e-14,"mixed-or-unchanged",90.2,90.2
0,-8,0.95,2.220446049250313e-14,2.220446049250313e-14,2.220446049250313e-14,"mixed-or-unchanged",90.2,90.2
0,-8,1,2.220446049250313e-14,2.220446049250313e-14,2.220446049250313e-14,"mixed-or-unchanged",90.2,90.2
0,-6,0,2.220446049250313e-14,2.220446049250313e-14,2.220446049250313e-14,"mixed-or-unchanged",92.19999999999999,92.19999999999999
0,-6,0.05,2.220446049250313e-14,2.220446049250313e-14,2.220446049250313e-14,"mixed-or-unchanged",92.19999999999999,92.19999999999999
0,-6,0.1,2.220446049250313e-14,2.220446049250313e-14,2.220446049250313e-14,"mixed-or-unchanged",92.19999999999999,92.19999999999999
0,-6,0.15,2.220446049250313e-14,2.220446049250313e-14,2.220446049250313e-14,"mixed-or-unchanged",92.19999999999999,92.19999999999999
0,-6,0.2,2.220446049250313e-14,2.220446049250313e-14,2.220446049250313e-14,"mixed-or-unchanged",92.19999999999999,92.19999999999999
0,-6,0.25,2.220446049250313e-14,2.220446049250313e-14,2.220446049250313e-14,"mixed-or-unchanged",92.19999999999999,92.19999999999999
0,-6,0.3,2.220446049250313e-14,2.220446049250313e-14,2.220446049250313e-14,"mixed-or-unchanged",92.19999999999999,92.19999999999999
0,-6,0.35,2.220446049250313e-14,2.220446049250313e-14,2.220446049250313e-14,"mixed-or-unchanged",92.19999999999999,92.19999999999999
0,-6,0.4,2.220446049250313e-14,2.220446049250313e-14,2.220446049250313e-14,"mixed-or-unchanged",92.19999999999999,92.19999999999999
0,-6,0.45,2.220446049250313e-14,2.220446049250313e-14,2.220446049250313e-14,"mixed-or-unchanged",92.19999999999999,92.19999999999999
0,-6,0.5,2.220446049250313e-14,2.220446049250313e-14,2.220446049250313e-14,"mixed-or-unchanged",92.19999999999999,92.19999999999999
0,-6,0.55,2.220446049250313e-14,2.220446049250313e-14,2.220446049250313e-14,"mixed-or-unchanged",92.19999999999999,92.19999999999999
0,-6,0.6,2.220446049250313e-14,2.220446049250313e-14,2.220446049250313e-14,"mixed-or-unchanged",92.19999999999999,92.19999999999999
0,-6,0.65,2.220446049250313e-14,2.220446049250313e-14,2.220446049250313e-14,"mixed-or-unchanged",92.19999999999999,92.19999999999999
0,-6,0.7,2.220446049250313e-14,2.220446049250313e-14,2.220446049250313e-14,"mixed-or-unchanged",92.19999999999999,92.19999999999999
0,-6,0.75,2.220446049250313e-14,2.220446049250313e-14,2.220446049250313e-14,"mixed-or-unchanged",92.19999999999999,92.19999999999999
0,-6,0.8,2.220446049250313e-14,2.220446049250313e-14,2.220446049250313e-14,"mixed-or-unchanged",92.19999999999999,92.19999999999999
0,-6,0.85,2.220446049250313e-14,2.220446049250313e-14,2.220446049250313e-14,"mixed-or-unchanged",92.19999999999999,92.19999999999999
0,-6,0.9,2.220446049250313e-14,2.220446049250313e-14,2.220446049250313e-14,"mixed-or-unchanged",92.19999999999999,92.19999999999999
0,-6,0.95,2.220446049250313e-14,2.220446049250313e-14,2.220446049250313e-14,"mixed-or-unchanged",92.19999999999999,92.19999999999999
0,-6,1,2.220446049250313e-14,2.220446049250313e-14,2.220446049250313e-14,"mixed-or-unchanged",92.19999999999999,92.19999999999999
0,-4,0,0,0,0,"mixed-or-unchanged",94.19999999999999,94.19999999999999
0,-4,0.05,0,0,0,"mixed-or-unchanged",94.19999999999999,94.19999999999999
0,-4,0.1,0,0,0,"mixed-or-unchanged",94.19999999999999,94.19999999999999
0,-4,0.15,0,0,0,"mixed-or-unchanged",94.19999999999999,94.19999999999999
0,-4,0.2,0,0,0,"mixed-or-unchanged",94.19999999999999,94.19999999999999
0,-4,0.25,0,0,0,"mixed-or-unchanged",94.19999999999999,94.19999999999999
0,-4,0.3,0,0,0,"mixed-or-unchanged",94.19999999999999,94.19999999999999
0,-4,0.35,0,0,0,"mixed-or-unchanged",94.19999999999999,94.19999999999999
0,-4,0.4,0,0,0,"mixed-or-unchanged",94.19999999999999,94.19999999999999
0,-4,0.45,0,0,0,"mixed-or-unchanged",94.19999999999999,94.19999999999999
0,-4,0.5,0,0,0,"mixed-or-unchanged",94.19999999999999,94.19999999999999
0,-4,0.55,0,0,0,"mixed-or-unchanged",94.19999999999999,94.19999999999999
0,-4,0.6,0,0,0,"mixed-or-unchanged",94.19999999999999,94.19999999999999
0,-4,0.65,0,0,0,"mixed-or-unchanged",94.19999999999999,94.19999999999999
0,-4,0.7,0,0,0,"mixed-or-unchanged",94.19999999999999,94.19999999999999
0,-4,0.75,0,0,0,"mixed-or-unchanged",94.19999999999999,94.19999999999999
0,-4,0.8,0,0,0,"mixed-or-unchanged",94.19999999999999,94.19999999999999
0,-4,0.85,0,0,0,"mixed-or-unchanged",94.19999999999999,94.19999999999999
0,-4,0.9,0,0,0,"mixed-or-unchanged",94.19999999999999,94.19999999999999
0,-4,0.95,0,0,0,"mixed-or-unchanged",94.19999999999999,94.19999999999999
0,-4,1,0,0,0,"mixed-or-unchanged",94.19999999999999,94.19999999999999
0,-2,0,0,0,0,"mixed-or-unchanged",96.2,96.2
0,-2,0.05,0,0,0,"mixed-or-unchanged",96.2,96.2
0,-2,0.1,0,0,0,"mixed-or-unchanged",96.2,96.2
0,-2,0.15,0,0,0,"mixed-or-unchanged",96.2,96.2
0,-2,0.2,0,0,0,"mixed-or-unchanged",96.2,96.2
0,-2,0.25,0,0,0,"mixed-or-unchanged",96.2,96.2
0,-2,0.3,0,0,0,"mixed-or-unchanged",96.2,96.2
0,-2,0.35,0,0,0,"mixed-or-unchanged",96.2,96.2
0,-2,0.4,0,0,0,"mixed-or-unchanged",96.2,96.2
0,-2,0.45,0,0,0,"mixed-or-unchanged",96.2,96.2
0,-2,0.5,0,0,0,"mixed-or-unchanged",96.2,96.2
0,-2,0.55,0,0,0,"mixed-or-unchanged",96.2,96.2
0,-2,0.6,0,0,0,"mixed-or-unchanged",96.2,96.2
0,-2,0.65,0,0,0,"mixed-or-unchanged",96.2,96.2
0,-2,0.7,0,0,0,"mixed-or-unchanged",96.2,96.2
0,-2,0.75,0,0,0,"mixed-or-unchanged",96.2,96.2
0,-2,0.8,0,0,0,"mixed-or-unchanged",96.2,96.2
0,-2,0.85,0,0,0,"mixed-or-unchanged",96.2,96.2
0,-2,0.9,0,0,0,"mixed-or-unchanged",96.2,96.2
0,-2,0.95,0,0,0,"mixed-or-unchanged",96.2,96.2
0,-2,1,0,0,0,"mixed-or-unchanged",96.2,96.2
0,0,0,2.220446049250313e-14,2.220446049250313e-14,2.220446049250313e-14,"mixed-or-unchanged",98.2,98.2
0,0,0.05,2.220446049250313e-14,2.220446049250313e-14,2.220446049250313e-14,"mixed-or-unchanged",98.2,98.2
0,0,0.1,2.220446049250313e-14,2.220446049250313e-14,2.220446049250313e-14,"mixed-or-unchanged",98.2,98.2
0,0,0.15,2.220446049250313e-14,2.220446049250313e-14,2.220446049250313e-14,"mixed-or-unchanged",98.2,98.2
0,0,0.2,2.220446049250313e-14,2.220446049250313e-14,2.220446049250313e-14,"mixed-or-unchanged",98.2,98.2
0,0,0.25,2.220446049250313e-14,2.220446049250313e-14,2.220446049250313e-14,"mixed-or-unchanged",98.2,98.2
0,0,0.3,2.220446049250313e-14,2.220446049250313e-14,2.220446049250313e-14,"mixed-or-unchanged",98.2,98.2
0,0,0.35,2.220446049250313e-14,2.220446049250313e-14,2.220446049250313e-14,"mixed-or-unchanged",98.2,98.2
0,0,0.4,2.220446049250313e-14,2.220446049250313e-14,2.220446049250313e-14,"mixed-or-unchanged",98.2,98.2
0,0,0.45,2.220446049250313e-14,2.220446049250313e-14,2.220446049250313e-14,"mixed-or-unchanged",98.2,98.2
0,0,0.5,2.220446049250313e-14,2.220446049250313e-14,2.220446049250313e-14,"mixed-or-unchanged",98.2,98.2
0,0,0.55,2.220446049250313e-14,2.220446049250313e-14,2.220446049250313e-14,"mixed-or-unchanged",98.2,98.2
0,0,0.6,2.220446049250313e-14,2.220446049250313e-14,2.220446049250313e-14,"mixed-or-unchanged",98.2,98.2
0,0,0.65,2.220446049250313e-14,2.220446049250313e-14,2.220446049250313e-14,"mixed-or-unchanged",98.2,98.2
0,0,0.7,2.220446049250313e-14,2.220446049250313e-14,2.220446049250313e-14,"mixed-or-unchanged",98.2,98.2
0,0,0.75,2.220446049250313e-14,2.220446049250313e-14,2.220446049250313e-14,"mixed-or-unchanged",98.2,98.2
0,0,0.8,2.220446049250313e-14,2.220446049250313e-14,2.220446049250313e-14,"mixed-or-unchanged",98.2,98.2
0,0,0.85,2.220446049250313e-14,2.220446049250313e-14,2.220446049250313e-14,"mixed-or-unchanged",98.2,98.2
0,0,0.9,2.220446049250313e-14,2.220446049250313e-14,2.220446049250313e-14,"mixed-or-unchanged",98.2,98.2
0,0,0.95,2.220446049250313e-14,2.220446049250313e-14,2.220446049250313e-14,"mixed-or-unchanged",98.2,98.2
0,0,1,2.220446049250313e-14,2.220446049250313e-14,2.220446049250313e-14,"mixed-or-unchanged",98.2,98.2
0,2,0,1.6293279022403517,1.6293279022403517,1.6293279022403517,"widens",98.2,99.8
0,2,0.05,1.5259409969481386,1.5259409969481386,1.5259409969481386,"widens",98.29999999999998,99.8
0,2,0.1,1.4227642276422925,1.4227642276422925,1.4227642276422925,"widens",98.4,99.8
0,2,0.15,1.3197969543147225,1.3197969543147225,1.3197969543147225,"widens",98.50000000000001,99.8
0,2,0.2,1.217038539553772,1.217038539553772,1.217038539553772,"widens",98.6,99.8
0,2,0.25,1.1144883485309176,1.1144883485309176,1.1144883485309176,"widens",98.69999999999999,99.8
0,2,0.3,1.0121457489878694,1.0121457489878694,1.0121457489878694,"widens",98.8,99.8
0,2,0.35,0.9100101112234693,0.9100101112234693,0.9100101112234693,"widens",98.89999999999999,99.8
0,2,0.4,0.8080808080808133,0.8080808080808133,0.8080808080808133,"widens",99,99.8
0,2,0.45,0.7063572149344388,0.7063572149344388,0.7063572149344388,"widens",99.1,99.8
0,2,0.5,0.6048387096774244,0.6048387096774244,0.6048387096774244,"widens",99.2,99.8
0,2,0.55,0.5035246727089548,0.5035246727089548,0.5035246727089548,"widens",99.30000000000001,99.8
0,2,0.6,0.4024144869215318,0.4024144869215318,0.4024144869215318,"widens",99.4,99.8
0,2,0.65,0.3015075376884724,0.3015075376884724,0.3015075376884724,"widens",99.49999999999999,99.8
0,2,0.7,0.20080321285140812,0.20080321285140812,0.20080321285140812,"widens",99.6,99.8
0,2,0.75,0.10030090270813918,0.10030090270813918,0.10030090270813918,"widens",99.70000000000002,99.8
0,2,0.8,2.220446049250313e-14,2.220446049250313e-14,2.220446049250313e-14,"mixed-or-unchanged",99.8,99.8
0,2,0.85,-0.10010010010008674,-0.10010010010008674,-0.10010010010008674,"narrows",99.89999999999999,99.8
0,2,0.9,-0.19999999999998908,-0.19999999999998908,-0.19999999999998908,"narrows",100,99.8
0,2,0.95,-0.29970029970030065,-0.29970029970030065,-0.29970029970030065,"narrows",100.10000000000001,99.8
0,2,1,-0.39920159680638667,-0.39920159680638667,-0.39920159680638667,"narrows",100.2,99.8
0,4,0,3.2586558044806813,3.2586558044806813,3.2586558044806813,"widens",98.2,101.4
0,4,0.05,3.048780487804903,3.048780487804903,3.048780487804903,"widens",98.4,101.4
0,4,0.1,2.8397565922921197,2.8397565922921197,2.8397565922921197,"widens",98.6,101.4
0,4,0.15,2.6315789473684292,2.6315789473684292,2.6315789473684292,"widens",98.8,101.4
0,4,0.2,2.42424242424244,2.42424242424244,2.42424242424244,"widens",99,101.4
0,4,0.25,2.2177419354838745,2.2177419354838745,2.2177419354838745,"widens",99.2,101.4
0,4,0.3,2.012072434607659,2.012072434607659,2.012072434607659,"widens",99.4,101.4
0,4,0.35,1.807228915662673,1.807228915662673,1.807228915662673,"widens",99.6,101.4
0,4,0.4,1.603206412825675,1.603206412825675,1.603206412825675,"widens",99.8,101.4
0,4,0.45,1.4000000000000234,1.4000000000000234,1.4000000000000234,"widens",100,101.4
0,4,0.5,1.1976047904191711,1.1976047904191711,1.1976047904191711,"widens",100.2,101.4
0,4,0.55,0.9960159362550014,0.9960159362550014,0.9960159362550014,"widens",100.4,101.4
0,4,0.6,0.7952286282306043,0.7952286282306043,0.7952286282306043,"widens",100.6,101.4
0,4,0.65,0.5952380952381153,0.5952380952381153,0.5952380952381153,"widens",100.8,101.4
0,4,0.7,0.3960396039603964,0.3960396039603964,0.3960396039603964,"widens",101,101.4
0,4,0.75,0.19762845849802257,0.19762845849802257,0.19762845849802257,"widens",101.2,101.4
0,4,0.8,2.220446049250313e-14,2.220446049250313e-14,2.220446049250313e-14,"mixed-or-unchanged",101.4,101.4
0,4,0.85,-0.19685039370077595,-0.19685039370077595,-0.19685039370077595,"narrows",101.6,101.4
0,4,0.9,-0.39292730844793233,-0.39292730844793233,-0.39292730844793233,"narrows",101.8,101.4
0,4,0.95,-0.5882352941176228,-0.5882352941176228,-0.5882352941176228,"narrows",102,101.4
0,4,1,-0.7827788649706346,-0.7827788649706346,-0.7827788649706346,"narrows",102.2,101.4
0,6,0,4.887983706720989,4.887983706720989,4.887983706720989,"widens",98.2,103
0,6,0.05,4.5685279187817285,4.5685279187817285,4.5685279187817285,"widens",98.50000000000001,103
0,6,0.1,4.251012145749011,4.251012145749011,4.251012145749011,"widens",98.8,103
0,6,0.15,3.935418768920318,3.935418768920318,3.935418768920318,"widens",99.1,103
0,6,0.2,3.6217303822937863,3.6217303822937863,3.6217303822937863,"widens",99.4,103
0,6,0.25,3.3099297893681268,3.3099297893681268,3.3099297893681268,"widens",99.70000000000002,103
0,6,0.3,3.0000000000000027,3.0000000000000027,3.0000000000000027,"widens",100,103
0,6,0.35,2.6919242273180544,2.6919242273180544,2.6919242273180544,"widens",100.29999999999998,103
0,6,0.4,2.385685884691857,2.385685884691857,2.385685884691857,"widens",100.6,103
0,6,0.45,2.0812685827551913,2.0812685827551913,2.0812685827551913,"widens",100.9,103
0,6,0.5,1.7786561264822254,1.7786561264822254,1.7786561264822254,"widens",101.2,103
0,6,0.55,1.4778325123153024,1.4778325123153024,1.4778325123153024,"widens",101.49999999999999,103
0,6,0.6,1.1787819253438192,1.1787819253438192,1.1787819253438192,"widens",101.8,103
0,6,0.65,0.8814887365327984,0.8814887365327984,0.8814887365327984,"widens",102.10000000000001,103
0,6,0.7,0.5859375000000222,0.5859375000000222,0.5859375000000222,"widens",102.4,103
0,6,0.75,0.2921129503408171,0.2921129503408171,0.2921129503408171,"widens",102.69999999999999,103
0,6,0.8,0,0,0,"mixed-or-unchanged",103,103
0,6,0.85,-0.2904162633107443,-0.2904162633107443,-0.2904162633107443,"narrows",103.30000000000001,103
0,6,0.9,-0.5791505791505669,-0.5791505791505669,-0.5791505791505669,"narrows",103.60000000000001,103
0,6,0.95,-0.866217516843093,-0.866217516843093,-0.866217516843093,"narrows",103.89999999999999,103
0,6,1,-1.151631477927062,-1.151631477927062,-1.151631477927062,"narrows",104.2,103
0,8,0,6.517311608961318,6.517311608961318,6.517311608961318,"widens",98.2,104.60000000000001
0,8,0.05,6.085192697768771,6.085192697768771,6.085192697768771,"widens",98.6,104.60000000000001
0,8,0.1,5.656565656565671,5.656565656565671,5.656565656565671,"widens",99,104.60000000000001
0,8,0.15,5.2313883299799135,5.2313883299799135,5.2313883299799135,"widens",99.4,104.60000000000001
0,8,0.2,4.809619238476959,4.809619238476959,4.809619238476959,"widens",99.8,104.60000000000001
0,8,0.25,4.391217564870287,4.391217564870287,4.391217564870287,"widens",100.2,104.60000000000001
0,8,0.3,3.976143141153088,3.976143141153088,3.976143141153088,"widens",100.6,104.60000000000001
0,8,0.35,3.5643564356435897,3.5643564356435897,3.5643564356435897,"widens",101,104.60000000000001
0,8,0.4,3.155818540433941,3.155818540433941,3.155818540433941,"widens",101.4,104.60000000000001
0,8,0.45,2.7504911591355707,2.7504911591355707,2.7504911591355707,"widens",101.8,104.60000000000001
0,8,0.5,2.3483365949119595,2.3483365949119595,2.3483365949119595,"widens",102.2,104.60000000000001
0,8,0.55,1.949317738791434,1.949317738791434,1.949317738791434,"widens",102.60000000000001,104.60000000000001
0,8,0.6,1.553398058252431,1.553398058252431,1.553398058252431,"widens",103,104.60000000000001
0,8,0.65,1.1605415860735269,1.1605415860735269,1.1605415860735269,"widens",103.4,104.60000000000001
0,8,0.7,0.7707129094412402,0.7707129094412402,0.7707129094412402,"widens",103.8,104.60000000000001
0,8,0.75,0.38387715930903177,0.38387715930903177,0.38387715930903177,"widens",104.2,104.60000000000001
0,8,0.8,2.220446049250313e-14,2.220446049250313e-14,2.220446049250313e-14,"mixed-or-unchanged",104.60000000000001,104.60000000000001
0,8,0.85,-0.3809523809523707,-0.3809523809523707,-0.3809523809523707,"narrows",105,104.60000000000001
0,8,0.9,-0.7590132827324347,-0.7590132827324347,-0.7590132827324347,"narrows",105.4,104.60000000000001
0,8,0.95,-1.1342155009451793,-1.1342155009451793,-1.1342155009451793,"narrows",105.80000000000001,104.60000000000001
0,8,1,-1.5065913370998052,-1.5065913370998052,-1.5065913370998052,"narrows",106.2,104.60000000000001
0,10,0,8.146639511201625,8.146639511201625,8.146639511201625,"widens",98.2,106.2
0,10,0.05,7.598784194528885,7.598784194528885,7.598784194528885,"widens",98.69999999999999,106.2
0,10,0.1,7.056451612903225,7.056451612903225,7.056451612903225,"widens",99.2,106.2
0,10,0.15,6.51955867602807,6.51955867602807,6.51955867602807,"widens",99.70000000000002,106.2
0,10,0.2,5.988023952095811,5.988023952095811,5.988023952095811,"widens",100.2,106.2
0,10,0.25,5.461767626613723,5.461767626613723,5.461767626613723,"widens",100.69999999999999,106.2
0,10,0.3,4.940711462450587,4.940711462450587,4.940711462450587,"widens",101.2,106.2
0,10,0.35,4.424778761061932,4.424778761061932,4.424778761061932,"widens",101.70000000000002,106.2
0,10,0.4,3.9138943248532287,3.9138943248532287,3.9138943248532287,"widens",102.2,106.2
0,10,0.45,3.4079844206426513,3.4079844206426513,3.4079844206426513,"widens",102.69999999999999,106.2
0,10,0.5,2.9069767441860295,2.9069767441860295,2.9069767441860295,"widens",103.2,106.2
0,10,0.55,2.4108003857280513,2.4108003857280513,2.4108003857280513,"widens",103.70000000000002,106.2
0,10,0.6,1.9193857965450922,1.9193857965450922,1.9193857965450922,"widens",104.2,106.2
0,10,0.65,1.4326647564470107,1.4326647564470107,1.4326647564470107,"widens",104.69999999999999,106.2
0,10,0.7,0.9505703422053147,0.9505703422053147,0.9505703422053147,"widens",105.2,106.2
0,10,0.75,0.47303689687794304,0.47303689687794304,0.47303689687794304,"widens",105.70000000000002,106.2
0,10,0.8,0,0,0,"mixed-or-unchanged",106.2,106.2
0,10,0.85,-0.46860356138705983,-0.46860356138705983,-0.46860356138705983,"narrows",106.69999999999999,106.2
0,10,0.9,-0.9328358208955168,-0.9328358208955168,-0.9328358208955168,"narrows",107.2,106.2
0,10,0.95,-1.3927576601671432,-1.3927576601671432,-1.3927576601671432,"narrows",107.70000000000002,106.2
0,10,1,-1.848428835489846,-1.848428835489846,-1.848428835489846,"narrows",108.2,106.2
0,12,0,9.775967413441954,9.775967413441954,9.775967413441954,"widens",98.2,107.80000000000001
0,12,0.05,9.109311740890691,9.109311740890691,9.109311740890691,"widens",98.8,107.80000000000001
0,12,0.1,8.450704225352123,8.450704225352123,8.450704225352123,"widens",99.4,107.80000000000001
0,12,0.15,7.800000000000007,7.800000000000007,7.800000000000007,"widens",100,107.80000000000001
0,12,0.2,7.157057654075527,7.157057654075527,7.157057654075527,"widens",100.6,107.80000000000001
0,12,0.25,6.521739130434789,6.521739130434789,6.521739130434789,"widens",101.2,107.80000000000001
0,12,0.3,5.893909626719052,5.893909626719052,5.893909626719052,"widens",101.8,107.80000000000001
0,12,0.35,5.2734375,5.2734375,5.2734375,"widens",102.4,107.80000000000001
0,12,0.4,4.660194174757271,4.660194174757271,4.660194174757271,"widens",103,107.80000000000001
0,12,0.45,4.054054054054057,4.054054054054057,4.054054054054057,"widens",103.60000000000001,107.80000000000001
0,12,0.5,3.454894433781197,3.454894433781197,3.454894433781197,"widens",104.2,107.80000000000001
0,12,0.55,2.8625954198473247,2.8625954198473247,2.8625954198473247,"widens",104.80000000000001,107.80000000000001
0,12,0.6,2.2770398481973375,2.2770398481973375,2.2770398481973375,"widens",105.4,107.80000000000001
0,12,0.65,1.6981132075471583,1.6981132075471583,1.6981132075471583,"widens",106,107.80000000000001
0,12,0.7,1.1257035647279423,1.1257035647279423,1.1257035647279423,"widens",106.60000000000001,107.80000000000001
0,12,0.75,0.5597014925373234,0.5597014925373234,0.5597014925373234,"widens",107.2,107.80000000000001
0,12,0.8,0,0,0,"mixed-or-unchanged",107.80000000000001,107.80000000000001
0,12,0.85,-0.5535055350553653,-0.5535055350553653,-0.5535055350553653,"narrows",108.4,107.80000000000001
0,12,0.9,-1.1009174311926606,-1.1009174311926606,-1.1009174311926606,"narrows",109.00000000000001,107.80000000000001
0,12,0.95,-1.642335766423364,-1.642335766423364,-1.642335766423364,"narrows",109.60000000000001,107.80000000000001
0,12,1,-2.1778584392014633,-2.1778584392014633,-2.1778584392014633,"narrows",110.2,107.80000000000001
0,14,0,11.405295315682284,11.405295315682284,11.405295315682284,"widens",98.2,109.4
0,14,0.05,10.616784630940334,10.616784630940334,10.616784630940334,"widens",98.9,109.4
0,14,0.1,9.839357429718888,9.839357429718888,9.839357429718888,"widens",99.6,109.4
0,14,0.15,9.07278165503489,9.07278165503489,9.07278165503489,"widens",100.29999999999998,109.4
0,14,0.2,8.316831683168324,8.316831683168324,8.316831683168324,"widens",101,109.4
0,14,0.25,7.571288102261531,7.571288102261531,7.571288102261531,"widens",101.70000000000002,109.4
0,14,0.3,6.8359375,6.8359375,6.8359375,"widens",102.4,109.4
0,14,0.35,6.110572259941827,6.110572259941827,6.110572259941827,"widens",103.1,109.4
0,14,0.4,5.394990366088637,5.394990366088637,5.394990366088637,"widens",103.8,109.4
0,14,0.45,4.688995215310987,4.688995215310987,4.688995215310987,"widens",104.50000000000001,109.4
0,14,0.5,3.9923954372623527,3.9923954372623527,3.9923954372623527,"widens",105.2,109.4
0,14,0.55,3.305004721435334,3.305004721435334,3.305004721435334,"widens",105.89999999999999,109.4
0,14,0.6,2.6266416510319024,2.6266416510319024,2.6266416510319024,"widens",106.60000000000001,109.4
0,14,0.65,1.9571295433364222,1.9571295433364222,1.9571295433364222,"widens",107.30000000000001,109.4
0,14,0.7,1.2962962962962843,1.2962962962962843,1.2962962962962843,"widens",108,109.4
0,14,0.75,0.6439742410303539,0.6439742410303539,0.6439742410303539,"widens",108.7,109.4
0,14,0.8,-1.1102230246251565e-14,-1.1102230246251565e-14,-1.1102230246251565e-14,"mixed-or-unchanged",109.4,109.4
0,14,0.85,-0.635785649409637,-0.635785649409637,-0.635785649409637,"narrows",110.10000000000002,109.4
0,14,0.9,-1.263537906137191,-1.263537906137191,-1.263537906137191,"narrows",110.80000000000001,109.4
0,14,0.95,-1.8834080717488821,-1.8834080717488821,-1.8834080717488821,"narrows",111.5,109.4
0,14,1,-2.4955436720142776,-2.4955436720142776,-2.4955436720142776,"narrows",112.20000000000002,109.4
0,16,0,13.034623217922592,13.034623217922592,13.034623217922592,"widens",98.2,110.99999999999999
0,16,0.05,12.12121212121211,12.12121212121211,12.12121212121211,"widens",99,110.99999999999999
0,16,0.1,11.222444889779549,11.222444889779549,11.222444889779549,"widens",99.8,110.99999999999999
0,16,0.15,10.33797216699799,10.33797216699799,10.33797216699799,"widens",100.6,110.99999999999999
0,16,0.2,9.467455621301756,9.467455621301756,9.467455621301756,"widens",101.4,110.99999999999999
0,16,0.25,8.610567514677081,8.610567514677081,8.610567514677081,"widens",102.2,110.99999999999999
0,16,0.3,7.76699029126211,7.76699029126211,7.76699029126211,"widens",103,110.99999999999999
0,16,0.35,6.936416184971073,6.936416184971073,6.936416184971073,"widens",103.8,110.99999999999999
0,16,0.4,6.118546845124273,6.118546845124273,6.118546845124273,"widens",104.60000000000001,110.99999999999999
0,16,0.45,5.313092979127121,5.313092979127121,5.313092979127121,"widens",105.4,110.99999999999999
0,16,0.5,4.519774011299416,4.519774011299416,4.519774011299416,"widens",106.2,110.99999999999999
0,16,0.55,3.738317757009324,3.738317757009324,3.738317757009324,"widens",107,110.99999999999999
0,16,0.6,2.9684601113172393,2.9684601113172393,2.9684601113172393,"widens",107.79999999999998,110.99999999999999
0,16,0.65,2.20994475138121,2.20994475138121,2.20994475138121,"widens",108.59999999999998,110.99999999999999
0,16,0.7,1.4625228519195677,1.4625228519195677,1.4625228519195677,"widens",109.39999999999999,110.99999999999999
0,16,0.75,0.7259528130671544,0.7259528130671544,0.7259528130671544,"widens",110.19999999999999,110.99999999999999
0,16,0.8,0,0,0,"mixed-or-unchanged",110.99999999999999,110.99999999999999
0,16,0.85,-0.7155635062611854,-0.7155635062611854,-0.7155635062611854,"narrows",111.79999999999998,110.99999999999999
0,16,0.9,-1.4209591474245165,-1.4209591474245165,-1.4209591474245165,"narrows",112.6,110.99999999999999
0,16,0.95,-2.1164021164021163,-2.1164021164021163,-2.1164021164021163,"narrows",113.39999999999999,110.99999999999999
0,16,1,-2.8021015761821477,-2.8021015761821477,-2.8021015761821477,"narrows",114.19999999999999,110.99999999999999
0,18,0,14.66395112016292,14.66395112016292,14.66395112016292,"widens",98.2,112.6
0,18,0.05,13.622603430877911,13.622603430877911,13.622603430877911,"widens",99.1,112.6
0,18,0.1,12.599999999999989,12.599999999999989,12.599999999999989,"widens",100,112.6
0,18,0.15,11.595639246778976,11.595639246778976,11.595639246778976,"widens",100.89999999999999,112.6
0,18,0.2,10.609037328094285,10.609037328094285,10.609037328094285,"widens",101.8,112.6
0,18,0.25,9.639727361246342,9.639727361246342,9.639727361246342,"widens",102.69999999999999,112.6
0,18,0.3,8.68725868725868,8.68725868725868,8.68725868725868,"widens",103.60000000000001,112.6
0,18,0.35,7.751196172248798,7.751196172248798,7.751196172248798,"widens",104.5,112.6
0,18,0.4,6.8311195445920125,6.8311195445920125,6.8311195445920125,"widens",105.4,112.6
0,18,0.45,5.926622765757283,5.926622765757283,5.926622765757283,"widens",106.3,112.6
0,18,0.5,5.037313432835822,5.037313432835822,5.037313432835822,"widens",107.19999999999999,112.6
0,18,0.55,4.162812210915812,4.162812210915812,4.162812210915812,"widens",108.1,112.6
0,18,0.6,3.3027522935779707,3.3027522935779707,3.3027522935779707,"widens",108.99999999999999,112.6
0,18,0.65,2.456778889899902,2.456778889899902,2.456778889899902,"widens",109.89999999999999,112.6
0,18,0.7,1.6245487364620947,1.6245487364620947,1.6245487364620947,"widens",110.79999999999998,112.6
0,18,0.75,0.8057296329453845,0.8057296329453845,0.8057296329453845,"widens",111.7,112.6
0,18,0.8,0,0,0,"mixed-or-unchanged",112.6,112.6
0,18,0.85,-0.7929515418502286,-0.7929515418502286,-0.7929515418502286,"narrows",113.5,112.6
0,18,0.9,-1.573426573426584,-1.573426573426584,-1.573426573426584,"narrows",114.39999999999999,112.6
0,18,0.95,-2.3417172593234947,-2.3417172593234947,-2.3417172593234947,"narrows",115.29999999999998,112.6
0,18,1,-3.0981067125645523,-3.0981067125645523,-3.0981067125645523,"narrows",116.19999999999999,112.6
0,20,0,16.29327902240325,16.29327902240325,16.29327902240325,"widens",98.2,114.19999999999999
0,20,0.05,15.120967741935454,15.120967741935454,15.120967741935454,"widens",99.2,114.19999999999999
0,20,0.1,13.972055888223544,13.972055888223544,13.972055888223544,"widens",100.2,114.19999999999999
0,20,0.15,12.845849802371534,12.845849802371534,12.845849802371534,"widens",101.2,114.19999999999999
0,20,0.2,11.741682974559687,11.741682974559687,11.741682974559687,"widens",102.2,114.19999999999999
0,20,0.25,10.658914728682145,10.658914728682145,10.658914728682145,"widens",103.2,114.19999999999999
0,20,0.3,9.596928982725505,9.596928982725505,9.596928982725505,"widens",104.2,114.19999999999999
0,20,0.35,8.555133079847877,8.555133079847877,8.555133079847877,"widens",105.2,114.19999999999999
0,20,0.4,7.532956685499048,7.532956685499048,7.532956685499048,"widens",106.2,114.19999999999999
0,20,0.45,6.5298507462686395,6.5298507462686395,6.5298507462686395,"widens",107.2,114.19999999999999
0,20,0.5,5.545286506469482,5.545286506469482,5.545286506469482,"widens",108.2,114.19999999999999
0,20,0.55,4.578754578754585,4.578754578754585,4.578754578754585,"widens",109.19999999999999,114.19999999999999
0,20,0.6,3.62976406533575,3.62976406533575,3.62976406533575,"widens",110.19999999999999,114.19999999999999
0,20,0.65,2.6978417266187105,2.6978417266187105,2.6978417266187105,"widens",111.19999999999999,114.19999999999999
0,20,0.7,1.7825311942959,1.7825311942959,1.7825311942959,"widens",112.19999999999999,114.19999999999999
0,20,0.75,0.8833922261484162,0.8833922261484162,0.8833922261484162,"widens",113.19999999999999,114.19999999999999
0,20,0.8,0,0,0,"mixed-or-unchanged",114.19999999999999,114.19999999999999
0,20,0.85,-0.868055555555558,-0.868055555555558,-0.868055555555558,"narrows",115.19999999999999,114.19999999999999
0,20,0.9,-1.721170395869187,-1.721170395869187,-1.721170395869187,"narrows",116.19999999999999,114.19999999999999
0,20,0.95,-2.5597269624573316,-2.5597269624573316,-2.5597269624573316,"narrows",117.19999999999999,114.19999999999999
0,20,1,-3.384094754653144,-3.384094754653144,-3.384094754653144,"narrows",118.19999999999999,114.19999999999999
0,22,0,17.92260692464358,17.92260692464358,17.92260692464358,"widens",98.2,115.8
0,22,0.05,16.616314199395777,16.616314199395777,16.616314199395777,"widens",99.29999999999998,115.8
0,22,0.1,15.33864541832668,15.33864541832668,15.33864541832668,"widens",100.4,115.8
0,22,0.15,14.088669950738897,14.088669950738897,14.088669950738897,"widens",101.49999999999999,115.8
0,22,0.2,12.86549707602338,12.86549707602338,12.86549707602338,"widens",102.60000000000001,115.8
0,22,0.25,11.668273866923817,11.668273866923817,11.668273866923817,"widens",103.69999999999999,115.8
0,22,0.3,10.496183206106856,10.496183206106856,10.496183206106856,"widens",104.80000000000001,115.8
0,22,0.35,9.348441926345608,9.348441926345608,9.348441926345608,"widens",105.89999999999999,115.8
0,22,0.4,8.22429906542055,8.22429906542055,8.22429906542055,"widens",107,115.8
0,22,0.45,7.12303422756706,7.12303422756706,7.12303422756706,"widens",108.1,115.8
0,22,0.5,6.043956043956045,6.043956043956045,6.043956043956045,"widens",109.19999999999999,115.8
0,22,0.55,4.986400725294637,4.986400725294637,4.986400725294637,"widens",110.3,115.8
0,22,0.6,3.949730700179521,3.949730700179521,3.949730700179521,"widens",111.39999999999999,115.8
0,22,0.65,2.9333333333333433,2.9333333333333433,2.9333333333333433,"widens",112.5,115.8
0,22,0.7,1.9366197183098732,1.9366197183098732,1.9366197183098732,"widens",113.6,115.8
0,22,0.75,0.9590235396686797,0.9590235396686797,0.9590235396686797,"widens",114.7,115.8
0,22,0.8,-1.1102230246251565e-14,-1.1102230246251565e-14,-1.1102230246251565e-14,"mixed-or-unchanged",115.8,115.8
0,22,0.85,-0.9409751924722154,-0.9409751924722154,-0.9409751924722154,"narrows",116.9,115.8
0,22,0.9,-1.8644067796610209,-1.8644067796610209,-1.8644067796610209,"narrows",118,115.8
0,22,0.95,-2.770780856423194,-2.770780856423194,-2.770780856423194,"narrows",119.10000000000001,115.8
0,22,1,-3.660565723793685,-3.660565723793685,-3.660565723793685,"narrows",120.19999999999999,115.8
0,24,0,19.551934826883908,19.551934826883908,19.551934826883908,"widens",98.2,117.39999999999999
0,24,0.05,18.10865191146882,18.10865191146882,18.10865191146882,"widens",99.4,117.39999999999999
0,24,0.1,16.699801192842934,16.699801192842934,16.699801192842934,"widens",100.6,117.39999999999999
0,24,0.15,15.324165029469516,15.324165029469516,15.324165029469516,"widens",101.8,117.39999999999999
0,24,0.2,13.980582524271835,13.980582524271835,13.980582524271835,"widens",103,117.39999999999999
0,24,0.25,12.66794625719767,12.66794625719767,12.66794625719767,"widens",104.2,117.39999999999999
0,24,0.3,11.38519924098671,11.38519924098671,11.38519924098671,"widens",105.4,117.39999999999999
0,24,0.35,10.13133208255157,10.13133208255157,10.13133208255157,"widens",106.60000000000001,117.39999999999999
0,24,0.4,8.90538033395174,8.90538033395174,8.90538033395174,"widens",107.80000000000001,117.39999999999999
0,24,0.45,7.706422018348613,7.706422018348613,7.706422018348613,"widens",109.00000000000001,117.39999999999999
0,24,0.5,6.533575317604345,6.533575317604345,6.533575317604345,"widens",110.2,117.39999999999999
0,24,0.55,5.385996409335725,5.385996409335725,5.385996409335725,"widens",111.4,117.39999999999999
0,24,0.6,4.262877442273538,4.262877442273538,4.262877442273538,"widens",112.6,117.39999999999999
0,24,0.65,3.1634446397188043,3.1634446397188043,3.1634446397188043,"widens",113.79999999999998,117.39999999999999
0,24,0.7,2.086956521739136,2.086956521739136,2.086956521739136,"widens",114.99999999999999,117.39999999999999
0,24,0.75,1.0327022375215211,1.0327022375215211,1.0327022375215211,"widens",116.19999999999999,117.39999999999999
0,24,0.8,0,0,0,"mixed-or-unchanged",117.39999999999999,117.39999999999999
0,24,0.85,-1.0118043844856595,-1.0118043844856595,-1.0118043844856595,"narrows",118.6,117.39999999999999
0,24,0.9,-2.003338898163609,-2.003338898163609,-2.003338898163609,"narrows",119.8,117.39999999999999
0,24,0.95,-2.975206611570258,-2.975206611570258,-2.975206611570258,"narrows",121,117.39999999999999
0,24,1,-3.9279869067103235,-3.9279869067103235,-3.9279869067103235,"narrows",122.2,117.39999999999999
0,26,0,21.18126272912424,21.18126272912424,21.18126272912424,"widens",98.2,119
0,26,0.05,19.59798994974875,19.59798994974875,19.59798994974875,"widens",99.49999999999999,119
0,26,0.1,18.055555555555557,18.055555555555557,18.055555555555557,"widens",100.8,119
0,26,0.15,16.55239960822723,16.55239960822723,16.55239960822723,"widens",102.1,119
0,26,0.2,15.087040618955516,15.087040618955516,15.087040618955516,"widens",103.4,119
0,26,0.25,13.658070678127988,13.658070678127988,13.658070678127988,"widens",104.69999999999999,119
0,26,0.3,12.264150943396213,12.264150943396213,12.264150943396213,"widens",106,119
0,26,0.35,10.904007455731612,10.904007455731612,10.904007455731612,"widens",107.3,119
0,26,0.4,9.576427255985266,9.576427255985266,9.576427255985266,"widens",108.60000000000001,119
0,26,0.45,8.280254777070063,8.280254777070063,8.280254777070063,"widens",109.89999999999999,119
0,26,0.5,7.014388489208634,7.014388489208634,7.014388489208634,"widens",111.19999999999999,119
0,26,0.55,5.777777777777771,5.777777777777771,5.777777777777771,"widens",112.5,119
0,26,0.6,4.569420035149396,4.569420035149396,4.569420035149396,"widens",113.79999999999998,119
0,26,0.65,3.3883579496090332,3.3883579496090332,3.3883579496090332,"widens",115.10000000000001,119
0,26,0.7,2.2336769759450315,2.2336769759450315,2.2336769759450315,"widens",116.39999999999999,119
0,26,0.75,1.1045029736618472,1.1045029736618472,1.1045029736618472,"widens",117.7,119
0,26,0.8,0,0,0,"mixed-or-unchanged",119,119
0,26,0.85,-1.0806317539484689,-1.0806317539484689,-1.0806317539484689,"narrows",120.30000000000001,119
0,26,0.9,-2.1381578947368363,-2.1381578947368363,-2.1381578947368363,"narrows",121.6,119
0,26,0.95,-3.173311635475984,-3.173311635475984,-3.173311635475984,"narrows",122.89999999999999,119
0,26,1,-4.186795491143325,-4.186795491143325,-4.186795491143325,"narrows",124.2,119
0,28,0,22.444823143106518,22.81059063136457,22.81059063136457,"widens",98.2,120.6
0,28,0.05,20.750927387125206,21.084337349397607,21.084337349397607,"widens",99.6,120.6
0,28,0.1,19.103258672272982,19.405940594059402,19.405940594059402,"widens",101,120.6
0,28,0.15,17.49995014259218,17.7734375,17.7734375,"widens",102.4,120.6
0,28,0.2,15.93923412963909,16.184971098265887,16.184971098265887,"widens",103.8,120.6
0,28,0.25,14.419435651447765,14.638783269961975,14.638783269961975,"widens",105.2,120.6
0,28,0.3,12.938966416193832,13.133208255159467,13.133208255159467,"widens",106.60000000000001,120.6
0,28,0.35,11.496319285430445,11.66666666666667,11.66666666666667,"widens",108,120.6
0,28,0.4,10.090063156321216,10.237659963436908,10.237659963436908,"widens",109.4,120.6
0,28,0.45,8.718838226339187,8.844765342960281,8.844765342960281,"widens",110.80000000000001,120.6
0,28,0.5,7.3813516074943575,7.486631016042766,7.486631016042766,"widens",112.20000000000002,120.6
0,28,0.55,6.076373260356838,6.161971830985924,6.161971830985924,"widens",113.6,120.6
0,28,0.6,4.80273222099683,4.869565217391325,4.869565217391325,"widens",114.99999999999999,120.6
0,28,0.65,3.559313096514516,3.6082474226804218,3.6082474226804218,"widens",116.39999999999999,120.6
0,28,0.7,2.345052807115078,2.376910016977929,2.376910016977929,"widens",117.8,120.6
0,28,0.75,1.1589375547276015,1.1744966442952975,1.1744966442952975,"widens",119.19999999999999,120.6
0,28,0.8,0,0,0,"mixed-or-unchanged",120.6,120.6
0,28,0.85,-1.1475409836065542,-1.1326833688520388,-1.1475409836065542,"narrows",122,120.6
0,28,0.9,-2.2690437601296742,-2.2399946903829515,-2.2690437601296742,"narrows",123.4,120.6
0,28,0.95,-3.3653846153846256,-3.322777021150891,-3.3653846153846256,"narrows",124.8,120.6
0,28,1,-4.437400950871629,-4.381836476354306,-4.437400950871629,"narrows",126.2,120.6
0,30,0,22.444823143106518,24.4399185336049,24.4399185336049,"widens",98.2,122.2
0,30,0.05,20.750927387125206,22.567703109328008,22.567703109328008,"widens",99.69999999999999,122.2
0,30,0.1,19.103258672272982,20.75098814229248,20.75098814229248,"widens",101.2,122.2
0,30,0.15,17.49995014259218,18.98734177215191,18.98734177215191,"widens",102.69999999999999,122.2
0,30,0.2,15.93923412963909,17.27447216890594,17.27447216890594,"widens",104.2,122.2
0,30,0.25,14.419435651447765,15.610217596972586,15.610217596972586,"widens",105.69999999999999,122.2
0,30,0.3,12.938966416193832,13.992537313432841,13.992537313432841,"widens",107.2,122.2
0,30,0.35,11.496319285430445,12.419503219871197,12.419503219871197,"widens",108.7,122.2
0,30,0.4,10.090063156321216,10.88929219600725,10.88929219600725,"widens",110.2,122.2
0,30,0.45,8.718838226339187,9.400179051029545,9.400179051029545,"widens",111.7,122.2
0,30,0.5,7.3813516074943575,7.950530035335701,7.950530035335701,"widens",113.19999999999999,122.2
0,30,0.55,6.076373260356838,6.538796861377505,6.538796861377505,"widens",114.7,122.2
0,30,0.6,4.80273222099683,5.163511187607583,5.163511187607583,"widens",116.19999999999999,122.2
0,30,0.65,3.559313096514516,3.823279524214107,3.823279524214107,"widens",117.7,122.2
0,30,0.7,2.345052807115078,2.5167785234899487,2.5167785234899487,"widens",119.19999999999999,122.2
0,30,0.75,1.1589375547276015,1.2427506213753103,1.2427506213753103,"widens",120.7,122.2
0,30,0.8,0,0,0,"mixed-or-unchanged",122.2,122.2
0,30,0.85,-1.212611156022625,-1.1326833688520388,-1.212611156022625,"narrows",123.69999999999999,122.2
0,30,0.9,-2.396166134185296,-2.2399946903829515,-2.396166134185296,"narrows",125.2,122.2
0,30,0.95,-3.551696921862668,-3.322777021150891,-3.551696921862668,"narrows",126.70000000000002,122.2
0,30,1,-4.680187207488307,-4.381836476354306,-4.680187207488307,"narrows",128.2,122.2
0,32,0,22.444823143106518,26.06924643584523,26.06924643584523,"widens",98.2,123.8
0,32,0.05,20.750927387125206,24.048096192384772,24.048096192384772,"widens",99.8,123.8
0,32,0.1,19.103258672272982,22.090729783037478,22.090729783037478,"widens",101.4,123.8
0,32,0.15,17.49995014259218,20.194174757281537,20.194174757281537,"widens",103,123.8
0,32,0.2,15.93923412963909,18.355640535372842,18.355640535372842,"widens",104.60000000000001,123.8
0,32,0.25,14.419435651447765,16.572504708097924,16.572504708097924,"widens",106.2,123.8
0,32,0.3,12.938966416193832,14.842300556586263,14.842300556586263,"widens",107.80000000000001,123.8
0,32,0.35,11.496319285430445,13.162705667276043,13.162705667276043,"widens",109.4,123.8
0,32,0.4,10.090063156321216,11.531531531531524,11.531531531531524,"widens",111.00000000000001,123.8
0,32,0.45,8.718838226339187,9.946714031971581,9.946714031971581,"widens",112.60000000000001,123.8
0,32,0.5,7.3813516074943575,8.406304728546399,8.406304728546399,"widens",114.20000000000002,123.8
0,32,0.55,6.076373260356838,6.908462867012077,6.908462867012077,"widens",115.80000000000001,123.8
0,32,0.6,4.80273222099683,5.4514480408858645,5.4514480408858645,"widens",117.39999999999999,123.8
0,32,0.65,3.559313096514516,4.033613445378159,4.033613445378159,"widens",119,123.8
0,32,0.7,2.345052807115078,2.6533996683250516,2.6533996683250516,"widens",120.6,123.8
0,32,0.75,1.1589375547276015,1.3093289689034338,1.3093289689034338,"widens",122.2,123.8
0,32,0.8,0,2.220446049250313e-14,2.220446049250313e-14,"mixed-or-unchanged",123.8,123.8
0,32,0.85,-1.2759170653907415,-1.1326833688520388,-1.2759170653907415,"narrows",125.4,123.8
0,32,0.9,-2.5196850393700676,-2.2399946903829515,-2.5196850393700676,"narrows",127,123.8
0,32,0.95,-3.732503888024885,-3.322777021150891,-3.732503888024885,"narrows",128.6,123.8
0,32,1,-4.915514592933956,-4.381836476354306,-4.915514592933956,"narrows",130.20000000000002,123.8
0,34,0,22.444823143106518,27.698574338085535,27.698574338085535,"widens",98.2,125.4
0,34,0.05,20.750927387125206,25.525525525525538,25.525525525525538,"widens",99.89999999999999,125.4
0,34,0.1,19.103258672272982,23.425196850393704,23.425196850393704,"widens",101.6,125.4
0,34,0.15,17.49995014259218,21.393998063891594,21.393998063891594,"widens",103.3,125.4
0,34,0.2,15.93923412963909,19.428571428571438,19.428571428571438,"widens",105,125.4
0,34,0.25,14.419435651447765,17.525773195876294,17.525773195876294,"widens",106.69999999999999,125.4
0,34,0.3,12.938966416193832,15.682656826568264,15.682656826568264,"widens",108.4,125.4
0,34,0.35,11.496319285430445,13.896457765667591,13.896457765667591,"widens",110.1,125.4
0,34,0.4,10.090063156321216,12.164579606440062,12.164579606440062,"widens",111.80000000000001,125.4
0,34,0.45,8.718838226339187,10.484581497797363,10.484581497797363,"widens",113.5,125.4
0,34,0.5,7.3813516074943575,8.854166666666675,8.854166666666675,"widens",115.19999999999999,125.4
0,34,0.55,6.076373260356838,7.271171941830623,7.271171941830623,"widens",116.9,125.4
0,34,0.6,4.80273222099683,5.733558178752118,5.733558178752118,"widens",118.6,125.4
0,34,0.65,3.559313096514516,4.239401496259343,4.239401496259343,"widens",120.30000000000001,125.4
0,34,0.7,2.345052807115078,2.786885245901649,2.786885245901649,"widens",122,125.4
0,34,0.75,1.1589375547276015,1.3742926434923142,1.3742926434923142,"widens",123.70000000000002,125.4
0,34,0.8,0,0,0,"mixed-or-unchanged",125.4,125.4
0,34,0.85,-1.337529504327306,-1.1326833688520388,-1.337529504327306,"narrows",127.10000000000001,125.4
0,34,0.9,-2.6397515527950444,-2.2399946903829515,-2.6397515527950444,"narrows",128.8,125.4
0,34,0.95,-3.9080459770114873,-3.322777021150891,-3.9080459770114873,"narrows",130.5,125.4
0,34,1,-5.143721633888054,-4.381836476354306,-5.143721633888054,"narrows",132.20000000000002,125.4
0,36,0,22.444823143106518,29.327902240325866,29.327902240325866,"widens",98.2,126.99999999999999
0,36,0.05,20.750927387125206,27,27,"widens",100,126.99999999999999
0,36,0.1,19.103258672272982,24.75442043222,24.75442043222,"widens",101.8,126.99999999999999
0,36,0.15,17.49995014259218,22.586872586872573,22.586872586872573,"widens",103.60000000000001,126.99999999999999
0,36,0.2,15.93923412963909,20.493358633776083,20.493358633776083,"widens",105.4,126.99999999999999
0,36,0.25,14.419435651447765,18.47014925373134,18.47014925373134,"widens",107.19999999999999,126.99999999999999
0,36,0.3,12.938966416193832,16.51376146788992,16.51376146788992,"widens",108.99999999999999,126.99999999999999
0,36,0.35,11.496319285430445,14.620938628158854,14.620938628158854,"widens",110.79999999999998,126.99999999999999
0,36,0.4,10.090063156321216,12.788632326820615,12.788632326820615,"widens",112.6,126.99999999999999
0,36,0.45,8.718838226339187,11.013986013985999,11.013986013985999,"widens",114.39999999999999,126.99999999999999
0,36,0.5,7.3813516074943575,9.294320137693624,9.294320137693624,"widens",116.19999999999999,126.99999999999999
0,36,0.55,6.076373260356838,7.6271186440677985,7.6271186440677985,"widens",118,126.99999999999999
0,36,0.6,4.80273222099683,6.010016694490816,6.010016694490816,"widens",119.8,126.99999999999999
0,36,0.65,3.559313096514516,4.4407894736842035,4.4407894736842035,"widens",121.6,126.99999999999999
0,36,0.7,2.345052807115078,2.9173419773095732,2.9173419773095732,"widens",123.39999999999998,126.99999999999999
0,36,0.75,1.1589375547276015,1.437699680511173,1.437699680511173,"widens",125.2,126.99999999999999
0,36,0.8,0,0,0,"mixed-or-unchanged",126.99999999999999,126.99999999999999
0,36,0.85,-1.3975155279502993,-1.1326833688520388,-1.3975155279502993,"narrows",128.79999999999998,126.99999999999999
0,36,0.9,-2.7565084226646275,-2.2399946903829515,-2.7565084226646275,"narrows",130.6,126.99999999999999
0,36,0.95,-4.0785498489425915,-3.322777021150891,-4.0785498489425915,"narrows",132.39999999999998,126.99999999999999
0,36,1,-5.365126676602094,-4.381836476354306,-5.365126676602094,"narrows",134.2,126.99999999999999
0,38,0,22.444823143106518,30.95723014256617,30.131406411293703,"widens",98.2,127.7890410958904
0,38,0.05,20.750927387125206,28.471528471528472,27.72605290541652,"widens",100.04931506849314,127.7890410958904
0,38,0.1,19.103258672272982,26.078431372549016,25.40800688301561,"widens",101.8986301369863,127.7890410958904
0,38,0.15,17.49995014259218,23.772858517805574,23.172599556353646,"widens",103.74794520547945,127.7890410958904
0,38,0.2,15.93923412963909,21.550094517958396,21.015489193887337,"widens",105.59726027397261,127.7890410958904
0,38,0.25,14.419435651447765,19.405756731662027,18.932632974654485,"widens",107.44657534246575,127.7890410958904
0,38,0.3,12.938966416193832,17.335766423357658,16.920261700047632,"widens",109.2958904109589,127.7890410958904
0,38,0.35,11.496319285430445,15.336322869955143,14.974857030171563,"widens",111.14520547945206,127.7890410958904
0,38,0.4,10.090063156321216,13.403880070546737,13.093130955556088,"widens",112.99452054794521,127.7890410958904
0,38,0.45,8.718838226339187,11.53512575888984,11.272007252254411,"widens",114.84383561643835,127.7890410958904
0,38,0.5,7.3813516074943575,9.726962457337883,9.508604700302858,"widens",116.69315068493151,127.7890410958904
0,38,0.55,6.076373260356838,7.976490344248521,7.800221872977708,"widens",118.54246575342466,127.7890410958904
0,38,0.6,4.80273222099683,6.280991735537178,6.144323327947587,"widens",120.39178082191779,127.7890410958904
0,38,0.65,3.559313096514516,4.637917005695691,4.538527051862484,"widens",122.24109589041095,127.7890410958904
0,38,0.7,2.345052807115078,3.044871794871784,2.980593027620171,"widens",124.0904109589041,127.7890410958904
0,38,0.75,1.1589375547276015,1.4996053670086829,1.4684128089105686,"widens",125.93972602739724,127.7890410958904
0,38,0.8,0,2.220446049250313e-14,2.220446049250313e-14,"mixed-or-unchanged",127.7890410958904,127.7890410958904
0,38,0.85,-1.4559386973180155,-1.1326833688520388,-1.426518449638614,"narrows",129.63835616438354,127.7890410958904
0,38,0.9,-2.8700906344410804,-2.2399946903829515,-2.8129102160731834,"narrows",131.4876712328767,127.7890410958904
0,38,0.95,-4.244229337304539,-3.322777021150891,-4.160844908358663,"narrows",133.33698630136985,127.7890410958904
0,38,1,-5.580029368575634,-4.381836476354306,-5.471900776199257,"narrows",135.186301369863,127.7890410958904
0,40,0,22.444823143106518,32.58655804480652,30.131406411293703,"widens",98.2,127.7890410958904
0,40,0.05,20.750927387125206,29.94011976047901,27.72605290541652,"widens",100.04931506849314,127.7890410958904
0,40,0.1,19.103258672272982,27.397260273972602,25.40800688301561,"widens",101.8986301369863,127.7890410958904
0,40,0.15,17.49995014259218,24.952015355086353,23.172599556353646,"widens",103.74794520547945,127.7890410958904
0,40,0.2,15.93923412963909,22.598870056497166,21.015489193887337,"widens",105.59726027397261,127.7890410958904
0,40,0.25,14.419435651447765,20.33271719038816,18.932632974654485,"widens",107.44657534246575,127.7890410958904
0,40,0.3,12.938966416193832,18.148820326678774,16.920261700047632,"widens",109.2958904109589,127.7890410958904
0,40,0.35,11.496319285430445,16.04278074866312,14.974857030171563,"widens",111.14520547945206,127.7890410958904
0,40,0.4,10.090063156321216,14.010507880910673,13.093130955556088,"widens",112.99452054794521,127.7890410958904
0,40,0.45,8.718838226339187,12.04819277108433,11.272007252254411,"widens",114.84383561643835,127.7890410958904
0,40,0.5,7.3813516074943575,10.152284263959377,9.508604700302858,"widens",116.69315068493151,127.7890410958904
0,40,0.55,6.076373260356838,8.319467554076532,7.800221872977708,"widens",118.54246575342466,127.7890410958904
0,40,0.6,4.80273222099683,6.546644844517169,6.144323327947587,"widens",120.39178082191779,127.7890410958904
0,40,0.65,3.559313096514516,4.8309178743961345,4.538527051862484,"widens",122.24109589041095,127.7890410958904
0,40,0.7,2.345052807115078,3.1695721077654726,2.980593027620171,"widens",124.0904109589041,127.7890410958904
0,40,0.75,1.1589375547276015,1.5600624024960874,1.4684128089105686,"widens",125.93972602739724,127.7890410958904
0,40,0.8,0,2.220446049250313e-14,2.220446049250313e-14,"mixed-or-unchanged",127.7890410958904,127.7890410958904
0,40,0.85,-1.5128593040847238,-1.1326833688520388,-1.426518449638614,"narrows",129.63835616438354,127.7890410958904
0,40,0.9,-2.980625931445602,-2.2399946903829515,-2.8129102160731834,"narrows",131.4876712328767,127.7890410958904
0,40,0.95,-4.405286343612335,-3.322777021150891,-4.160844908358663,"narrows",133.33698630136985,127.7890410958904
0,40,1,-5.788712011577424,-4.381836476354306,-5.471900776199257,"narrows",135.186301369863,127.7890410958904
0,42,0,22.444823143106518,34.21588594704683,30.131406411293703,"widens",98.2,127.7890410958904
0,42,0.05,20.750927387125206,31.40578265204388,27.72605290541652,"widens",100.04931506849314,127.7890410958904
0,42,0.1,19.103258672272982,28.71093749999998,25.40800688301561,"widens",101.8986301369863,127.7890410958904
0,42,0.15,17.49995014259218,26.124401913875595,23.172599556353646,"widens",103.74794520547945,127.7890410958904
0,42,0.2,15.93923412963909,23.639774859287034,21.015489193887337,"widens",105.59726027397261,127.7890410958904
0,42,0.25,14.419435651447765,21.251149954001836,18.932632974654485,"widens",107.44657534246575,127.7890410958904
0,42,0.3,12.938966416193832,18.953068592057765,16.920261700047632,"widens",109.2958904109589,127.7890410958904
0,42,0.35,11.496319285430445,16.74047829937997,14.974857030171563,"widens",111.14520547945206,127.7890410958904
0,42,0.4,10.090063156321216,14.608695652173909,13.093130955556088,"widens",112.99452054794521,127.7890410958904
0,42,0.45,8.718838226339187,12.553373185311688,11.272007252254411,"widens",114.84383561643835,127.7890410958904
0,42,0.5,7.3813516074943575,10.570469798657701,9.508604700302858,"widens",116.69315068493151,127.7890410958904
0,42,0.55,6.076373260356838,8.656224237427868,7.800221872977708,"widens",118.54246575342466,127.7890410958904
0,42,0.6,4.80273222099683,6.807131280388967,6.144323327947587,"widens",120.39178082191779,127.7890410958904
0,42,0.65,3.559313096514516,5.019920318725113,4.538527051862484,"widens",122.24109589041095,127.7890410958904
0,42,0.7,2.345052807115078,3.2915360501567292,2.980593027620171,"widens",124.0904109589041,127.7890410958904
0,42,0.75,1.1589375547276015,1.619121048573624,1.4684128089105686,"widens",125.93972602739724,127.7890410958904
0,42,0.8,0,2.220446049250313e-14,2.220446049250313e-14,"mixed-or-unchanged",127.7890410958904,127.7890410958904
0,42,0.85,-1.5683345780433289,-1.1326833688520388,-1.426518449638614,"narrows",129.63835616438354,127.7890410958904
0,42,0.9,-3.088235294117647,-2.2399946903829515,-2.8129102160731834,"narrows",131.4876712328767,127.7890410958904
0,42,0.95,-4.561911658218687,-3.322777021150891,-4.160844908358663,"narrows",133.33698630136985,127.7890410958904
0,42,1,-5.991440798858772,-4.381836476354306,-5.471900776199257,"narrows",135.186301369863,127.7890410958904
0,44,0,22.444823143106518,35.845213849287184,30.131406411293703,"widens",98.2,127.7890410958904
0,44,0.05,20.750927387125206,32.86852589641431,27.72605290541652,"widens",100.04931506849314,127.7890410958904
0,44,0.1,19.103258672272982,30.0194931773879,25.40800688301561,"widens",101.8986301369863,127.7890410958904
0,44,0.15,17.49995014259218,27.290076335877856,23.172599556353646,"widens",103.74794520547945,127.7890410958904
0,44,0.2,15.93923412963909,24.672897196261665,21.015489193887337,"widens",105.59726027397261,127.7890410958904
0,44,0.25,14.419435651447765,22.16117216117217,18.932632974654485,"widens",107.44657534246575,127.7890410958904
0,44,0.3,12.938966416193832,19.748653500897674,16.920261700047632,"widens",109.2958904109589,127.7890410958904
0,44,0.35,11.496319285430445,17.42957746478875,14.974857030171563,"widens",111.14520547945206,127.7890410958904
0,44,0.4,10.090063156321216,15.198618307426592,13.093130955556088,"widens",112.99452054794521,127.7890410958904
0,44,0.45,8.718838226339187,13.050847457627125,11.272007252254411,"widens",114.84383561643835,127.7890410958904
0,44,0.5,7.3813516074943575,10.981697171381043,9.508604700302858,"widens",116.69315068493151,127.7890410958904
0,44,0.55,6.076373260356838,8.986928104575176,7.800221872977708,"widens",118.54246575342466,127.7890410958904
0,44,0.6,4.80273222099683,7.062600321027279,6.144323327947587,"widens",120.39178082191779,127.7890410958904
0,44,0.65,3.559313096514516,5.205047318611977,4.538527051862484,"widens",122.24109589041095,127.7890410958904
0,44,0.7,2.345052807115078,3.4108527131782918,2.980593027620171,"widens",124.0904109589041,127.7890410958904
0,44,0.75,1.1589375547276015,1.6768292682926678,1.4684128089105686,"widens",125.93972602739724,127.7890410958904
0,44,0.8,0,2.220446049250313e-14,2.220446049250313e-14,"mixed-or-unchanged",127.7890410958904,127.7890410958904
0,44,0.85,-1.6224188790560423,-1.1326833688520388,-1.426518449638614,"narrows",129.63835616438354,127.7890410958904
0,44,0.9,-3.1930333817126177,-2.2399946903829515,-2.8129102160731834,"narrows",131.4876712328767,127.7890410958904
0,44,0.95,-4.714285714285715,-3.322777021150891,-4.160844908358663,"narrows",133.33698630136985,127.7890410958904
0,44,1,-6.188466947960625,-4.381836476354306,-5.471900776199257,"narrows",135.186301369863,127.7890410958904
0,46,0,22.444823143106518,36.686462193301026,30.131406411293703,"widens",98.2,127.7890410958904
0,46,0.05,20.750927387125206,33.62262385686685,27.72605290541652,"widens",100.04931506849314,127.7890410958904
0,46,0.1,19.103258672272982,30.6931266319183,25.40800688301561,"widens",101.8986301369863,127.7890410958904
0,46,0.15,17.49995014259218,27.889324327312103,23.172599556353646,"widens",103.74794520547945,127.7890410958904
0,46,0.2,15.93923412963909,25.203297126986456,21.015489193887337,"widens",105.59726027397261,127.7890410958904
0,46,0.25,14.419435651447765,22.627776879718663,18.932632974654485,"widens",107.44657534246575,127.7890410958904
0,46,0.3,12.938966416193832,20.156081424077456,16.920261700047632,"widens",109.2958904109589,127.7890410958904
0,46,0.35,11.496319285430445,17.78205669895796,14.974857030171563,"widens",111.14520547945206,127.7890410958904
0,46,0.4,10.090063156321216,15.500025583778143,13.093130955556088,"widens",112.99452054794521,127.7890410958904
0,46,0.45,8.718838226339187,13.304742572972561,11.272007252254411,"widens",114.84383561643835,127.7890410958904
0,46,0.5,7.3813516074943575,11.191353523023672,9.508604700302858,"widens",116.69315068493151,127.7890410958904
0,46,0.55,6.076373260356838,9.1553598218582,7.800221872977708,"widens",118.54246575342466,127.7890410958904
0,46,0.6,4.80273222099683,7.192586423964165,6.144323327947587,"widens",120.39178082191779,127.7890410958904
0,46,0.65,3.559313096514516,5.299153273244017,4.538527051862484,"widens",122.24109589041095,127.7890410958904
0,46,0.7,2.345052807115078,3.47144970199198,2.980593027620171,"widens",124.0904109589041,127.7890410958904
0,46,0.75,1.1589375547276015,1.706111450562875,1.4684128089105686,"widens",125.93972602739724,127.7890410958904
0,46,0.8,0,2.220446049250313e-14,2.220446049250313e-14,"mixed-or-unchanged",127.7890410958904,127.7890410958904
0,46,0.85,-1.649816049495545,-1.1326833688520388,-1.426518449638614,"narrows",129.63835616438354,127.7890410958904
0,46,0.9,-3.246077786687196,-2.2399946903829515,-2.8129102160731834,"narrows",131.4876712328767,127.7890410958904
0,46,0.95,-4.791351186753124,-3.322777021150891,-4.160844908358663,"narrows",133.33698630136985,127.7890410958904
0,46,1,-6.288040875303391,-4.381836476354306,-5.471900776199257,"narrows",135.186301369863,127.7890410958904
0,48,0,22.444823143106518,36.686462193301026,30.131406411293703,"widens",98.2,127.7890410958904
0,48,0.05,20.750927387125206,33.62262385686685,27.72605290541652,"widens",100.04931506849314,127.7890410958904
0,48,0.1,19.103258672272982,30.6931266319183,25.40800688301561,"widens",101.8986301369863,127.7890410958904
0,48,0.15,17.49995014259218,27.889324327312103,23.172599556353646,"widens",103.74794520547945,127.7890410958904
0,48,0.2,15.93923412963909,25.203297126986456,21.015489193887337,"widens",105.59726027397261,127.7890410958904
0,48,0.25,14.419435651447765,22.627776879718663,18.932632974654485,"widens",107.44657534246575,127.7890410958904
0,48,0.3,12.938966416193832,20.156081424077456,16.920261700047632,"widens",109.2958904109589,127.7890410958904
0,48,0.35,11.496319285430445,17.78205669895796,14.974857030171563,"widens",111.14520547945206,127.7890410958904
0,48,0.4,10.090063156321216,15.500025583778143,13.093130955556088,"widens",112.99452054794521,127.7890410958904
0,48,0.45,8.718838226339187,13.304742572972561,11.272007252254411,"widens",114.84383561643835,127.7890410958904
0,48,0.5,7.3813516074943575,11.191353523023672,9.508604700302858,"widens",116.69315068493151,127.7890410958904
0,48,0.55,6.076373260356838,9.1553598218582,7.800221872977708,"widens",118.54246575342466,127.7890410958904
0,48,0.6,4.80273222099683,7.192586423964165,6.144323327947587,"widens",120.39178082191779,127.7890410958904
0,48,0.65,3.559313096514516,5.299153273244017,4.538527051862484,"widens",122.24109589041095,127.7890410958904
0,48,0.7,2.345052807115078,3.47144970199198,2.980593027620171,"widens",124.0904109589041,127.7890410958904
0,48,0.75,1.1589375547276015,1.706111450562875,1.4684128089105686,"widens",125.93972602739724,127.7890410958904
0,48,0.8,0,2.220446049250313e-14,2.220446049250313e-14,"mixed-or-unchanged",127.7890410958904,127.7890410958904
0,48,0.85,-1.649816049495545,-1.1326833688520388,-1.426518449638614,"narrows",129.63835616438354,127.7890410958904
0,48,0.9,-3.246077786687196,-2.2399946903829515,-2.8129102160731834,"narrows",131.4876712328767,127.7890410958904
0,48,0.95,-4.791351186753124,-3.322777021150891,-4.160844908358663,"narrows",133.33698630136985,127.7890410958904
0,48,1,-6.288040875303391,-4.381836476354306,-5.471900776199257,"narrows",135.186301369863,127.7890410958904
0,50,0,22.444823143106518,36.686462193301026,30.131406411293703,"widens",98.2,127.7890410958904
0,50,0.05,20.750927387125206,33.62262385686685,27.72605290541652,"widens",100.04931506849314,127.7890410958904
0,50,0.1,19.103258672272982,30.6931266319183,25.40800688301561,"widens",101.8986301369863,127.7890410958904
0,50,0.15,17.49995014259218,27.889324327312103,23.172599556353646,"widens",103.74794520547945,127.7890410958904
0,50,0.2,15.93923412963909,25.203297126986456,21.015489193887337,"widens",105.59726027397261,127.7890410958904
0,50,0.25,14.419435651447765,22.627776879718663,18.932632974654485,"widens",107.44657534246575,127.7890410958904
0,50,0.3,12.938966416193832,20.156081424077456,16.920261700047632,"widens",109.2958904109589,127.7890410958904
0,50,0.35,11.496319285430445,17.78205669895796,14.974857030171563,"widens",111.14520547945206,127.7890410958904
0,50,0.4,10.090063156321216,15.500025583778143,13.093130955556088,"widens",112.99452054794521,127.7890410958904
0,50,0.45,8.718838226339187,13.304742572972561,11.272007252254411,"widens",114.84383561643835,127.7890410958904
0,50,0.5,7.3813516074943575,11.191353523023672,9.508604700302858,"widens",116.69315068493151,127.7890410958904
0,50,0.55,6.076373260356838,9.1553598218582,7.800221872977708,"widens",118.54246575342466,127.7890410958904
0,50,0.6,4.80273222099683,7.192586423964165,6.144323327947587,"widens",120.39178082191779,127.7890410958904
0,50,0.65,3.559313096514516,5.299153273244017,4.538527051862484,"widens",122.24109589041095,127.7890410958904
0,50,0.7,2.345052807115078,3.47144970199198,2.980593027620171,"widens",124.0904109589041,127.7890410958904
0,50,0.75,1.1589375547276015,1.706111450562875,1.4684128089105686,"widens",125.93972602739724,127.7890410958904
0,50,0.8,0,2.220446049250313e-14,2.220446049250313e-14,"mixed-or-unchanged",127.7890410958904,127.7890410958904
0,50,0.85,-1.649816049495545,-1.1326833688520388,-1.426518449638614,"narrows",129.63835616438354,127.7890410958904
0,50,0.9,-3.246077786687196,-2.2399946903829515,-2.8129102160731834,"narrows",131.4876712328767,127.7890410958904
0,50,0.95,-4.791351186753124,-3.322777021150891,-4.160844908358663,"narrows",133.33698630136985,127.7890410958904
0,50,1,-6.288040875303391,-4.381836476354306,-5.471900776199257,"narrows",135.186301369863,127.7890410958904
0,52,0,22.444823143106518,36.686462193301026,30.131406411293703,"widens",98.2,127.7890410958904
0,52,0.05,20.750927387125206,33.62262385686685,27.72605290541652,"widens",100.04931506849314,127.7890410958904
0,52,0.1,19.103258672272982,30.6931266319183,25.40800688301561,"widens",101.8986301369863,127.7890410958904
0,52,0.15,17.49995014259218,27.889324327312103,23.172599556353646,"widens",103.74794520547945,127.7890410958904
0,52,0.2,15.93923412963909,25.203297126986456,21.015489193887337,"widens",105.59726027397261,127.7890410958904
0,52,0.25,14.419435651447765,22.627776879718663,18.932632974654485,"widens",107.44657534246575,127.7890410958904
0,52,0.3,12.938966416193832,20.156081424077456,16.920261700047632,"widens",109.2958904109589,127.7890410958904
0,52,0.35,11.496319285430445,17.78205669895796,14.974857030171563,"widens",111.14520547945206,127.7890410958904
0,52,0.4,10.090063156321216,15.500025583778143,13.093130955556088,"widens",112.99452054794521,127.7890410958904
0,52,0.45,8.718838226339187,13.304742572972561,11.272007252254411,"widens",114.84383561643835,127.7890410958904
0,52,0.5,7.3813516074943575,11.191353523023672,9.508604700302858,"widens",116.69315068493151,127.7890410958904
0,52,0.55,6.076373260356838,9.1553598218582,7.800221872977708,"widens",118.54246575342466,127.7890410958904
0,52,0.6,4.80273222099683,7.192586423964165,6.144323327947587,"widens",120.39178082191779,127.7890410958904
0,52,0.65,3.559313096514516,5.299153273244017,4.538527051862484,"widens",122.24109589041095,127.7890410958904
0,52,0.7,2.345052807115078,3.47144970199198,2.980593027620171,"widens",124.0904109589041,127.7890410958904
0,52,0.75,1.1589375547276015,1.706111450562875,1.4684128089105686,"widens",125.93972602739724,127.7890410958904
0,52,0.8,0,2.220446049250313e-14,2.220446049250313e-14,"mixed-or-unchanged",127.7890410958904,127.7890410958904
0,52,0.85,-1.649816049495545,-1.1326833688520388,-1.426518449638614,"narrows",129.63835616438354,127.7890410958904
0,52,0.9,-3.246077786687196,-2.2399946903829515,-2.8129102160731834,"narrows",131.4876712328767,127.7890410958904
0,52,0.95,-4.791351186753124,-3.322777021150891,-4.160844908358663,"narrows",133.33698630136985,127.7890410958904
0,52,1,-6.288040875303391,-4.381836476354306,-5.471900776199257,"narrows",135.186301369863,127.7890410958904
0,54,0,22.444823143106518,36.686462193301026,30.131406411293703,"widens",98.2,127.7890410958904
0,54,0.05,20.750927387125206,33.62262385686685,27.72605290541652,"widens",100.04931506849314,127.7890410958904
0,54,0.1,19.103258672272982,30.6931266319183,25.40800688301561,"widens",101.8986301369863,127.7890410958904
0,54,0.15,17.49995014259218,27.889324327312103,23.172599556353646,"widens",103.74794520547945,127.7890410958904
0,54,0.2,15.93923412963909,25.203297126986456,21.015489193887337,"widens",105.59726027397261,127.7890410958904
0,54,0.25,14.419435651447765,22.627776879718663,18.932632974654485,"widens",107.44657534246575,127.7890410958904
0,54,0.3,12.938966416193832,20.156081424077456,16.920261700047632,"widens",109.2958904109589,127.7890410958904
0,54,0.35,11.496319285430445,17.78205669895796,14.974857030171563,"widens",111.14520547945206,127.7890410958904
0,54,0.4,10.090063156321216,15.500025583778143,13.093130955556088,"widens",112.99452054794521,127.7890410958904
0,54,0.45,8.718838226339187,13.304742572972561,11.272007252254411,"widens",114.84383561643835,127.7890410958904
0,54,0.5,7.3813516074943575,11.191353523023672,9.508604700302858,"widens",116.69315068493151,127.7890410958904
0,54,0.55,6.076373260356838,9.1553598218582,7.800221872977708,"widens",118.54246575342466,127.7890410958904
0,54,0.6,4.80273222099683,7.192586423964165,6.144323327947587,"widens",120.39178082191779,127.7890410958904
0,54,0.65,3.559313096514516,5.299153273244017,4.538527051862484,"widens",122.24109589041095,127.7890410958904
0,54,0.7,2.345052807115078,3.47144970199198,2.980593027620171,"widens",124.0904109589041,127.7890410958904
0,54,0.75,1.1589375547276015,1.706111450562875,1.4684128089105686,"widens",125.93972602739724,127.7890410958904
0,54,0.8,0,2.220446049250313e-14,2.220446049250313e-14,"mixed-or-unchanged",127.7890410958904,127.7890410958904
0,54,0.85,-1.649816049495545,-1.1326833688520388,-1.426518449638614,"narrows",129.63835616438354,127.7890410958904
0,54,0.9,-3.246077786687196,-2.2399946903829515,-2.8129102160731834,"narrows",131.4876712328767,127.7890410958904
0,54,0.95,-4.791351186753124,-3.322777021150891,-4.160844908358663,"narrows",133.33698630136985,127.7890410958904
0,54,1,-6.288040875303391,-4.381836476354306,-5.471900776199257,"narrows",135.186301369863,127.7890410958904
0,56,0,22.444823143106518,36.686462193301026,30.131406411293703,"widens",98.2,127.7890410958904
0,56,0.05,20.750927387125206,33.62262385686685,27.72605290541652,"widens",100.04931506849314,127.7890410958904
0,56,0.1,19.103258672272982,30.6931266319183,25.40800688301561,"widens",101.8986301369863,127.7890410958904
0,56,0.15,17.49995014259218,27.889324327312103,23.172599556353646,"widens",103.74794520547945,127.7890410958904
0,56,0.2,15.93923412963909,25.203297126986456,21.015489193887337,"widens",105.59726027397261,127.7890410958904
0,56,0.25,14.419435651447765,22.627776879718663,18.932632974654485,"widens",107.44657534246575,127.7890410958904
0,56,0.3,12.938966416193832,20.156081424077456,16.920261700047632,"widens",109.2958904109589,127.7890410958904
0,56,0.35,11.496319285430445,17.78205669895796,14.974857030171563,"widens",111.14520547945206,127.7890410958904
0,56,0.4,10.090063156321216,15.500025583778143,13.093130955556088,"widens",112.99452054794521,127.7890410958904
0,56,0.45,8.718838226339187,13.304742572972561,11.272007252254411,"widens",114.84383561643835,127.7890410958904
0,56,0.5,7.3813516074943575,11.191353523023672,9.508604700302858,"widens",116.69315068493151,127.7890410958904
0,56,0.55,6.076373260356838,9.1553598218582,7.800221872977708,"widens",118.54246575342466,127.7890410958904
0,56,0.6,4.80273222099683,7.192586423964165,6.144323327947587,"widens",120.39178082191779,127.7890410958904
0,56,0.65,3.559313096514516,5.299153273244017,4.538527051862484,"widens",122.24109589041095,127.7890410958904
0,56,0.7,2.345052807115078,3.47144970199198,2.980593027620171,"widens",124.0904109589041,127.7890410958904
0,56,0.75,1.1589375547276015,1.706111450562875,1.4684128089105686,"widens",125.93972602739724,127.7890410958904
0,56,0.8,0,2.220446049250313e-14,2.220446049250313e-14,"mixed-or-unchanged",127.7890410958904,127.7890410958904
0,56,0.85,-1.649816049495545,-1.1326833688520388,-1.426518449638614,"narrows",129.63835616438354,127.7890410958904
0,56,0.9,-3.246077786687196,-2.2399946903829515,-2.8129102160731834,"narrows",131.4876712328767,127.7890410958904
0,56,0.95,-4.791351186753124,-3.322777021150891,-4.160844908358663,"narrows",133.33698630136985,127.7890410958904
0,56,1,-6.288040875303391,-4.381836476354306,-5.471900776199257,"narrows",135.186301369863,127.7890410958904
0,58,0,22.444823143106518,36.686462193301026,30.131406411293703,"widens",98.2,127.7890410958904
0,58,0.05,20.750927387125206,33.62262385686685,27.72605290541652,"widens",100.04931506849314,127.7890410958904
0,58,0.1,19.103258672272982,30.6931266319183,25.40800688301561,"widens",101.8986301369863,127.7890410958904
0,58,0.15,17.49995014259218,27.889324327312103,23.172599556353646,"widens",103.74794520547945,127.7890410958904
0,58,0.2,15.93923412963909,25.203297126986456,21.015489193887337,"widens",105.59726027397261,127.7890410958904
0,58,0.25,14.419435651447765,22.627776879718663,18.932632974654485,"widens",107.44657534246575,127.7890410958904
0,58,0.3,12.938966416193832,20.156081424077456,16.920261700047632,"widens",109.2958904109589,127.7890410958904
0,58,0.35,11.496319285430445,17.78205669895796,14.974857030171563,"widens",111.14520547945206,127.7890410958904
0,58,0.4,10.090063156321216,15.500025583778143,13.093130955556088,"widens",112.99452054794521,127.7890410958904
0,58,0.45,8.718838226339187,13.304742572972561,11.272007252254411,"widens",114.84383561643835,127.7890410958904
0,58,0.5,7.3813516074943575,11.191353523023672,9.508604700302858,"widens",116.69315068493151,127.7890410958904
0,58,0.55,6.076373260356838,9.1553598218582,7.800221872977708,"widens",118.54246575342466,127.7890410958904
0,58,0.6,4.80273222099683,7.192586423964165,6.144323327947587,"widens",120.39178082191779,127.7890410958904
0,58,0.65,3.559313096514516,5.299153273244017,4.538527051862484,"widens",122.24109589041095,127.7890410958904
0,58,0.7,2.345052807115078,3.47144970199198,2.980593027620171,"widens",124.0904109589041,127.7890410958904
0,58,0.75,1.1589375547276015,1.706111450562875,1.4684128089105686,"widens",125.93972602739724,127.7890410958904
0,58,0.8,0,2.220446049250313e-14,2.220446049250313e-14,"mixed-or-unchanged",127.7890410958904,127.7890410958904
0,58,0.85,-1.649816049495545,-1.1326833688520388,-1.426518449638614,"narrows",129.63835616438354,127.7890410958904
0,58,0.9,-3.246077786687196,-2.2399946903829515,-2.8129102160731834,"narrows",131.4876712328767,127.7890410958904
0,58,0.95,-4.791351186753124,-3.322777021150891,-4.160844908358663,"narrows",133.33698630136985,127.7890410958904
0,58,1,-6.288040875303391,-4.381836476354306,-5.471900776199257,"narrows",135.186301369863,127.7890410958904
0,60,0,22.444823143106518,36.686462193301026,30.131406411293703,"widens",98.2,127.7890410958904
0,60,0.05,20.750927387125206,33.62262385686685,27.72605290541652,"widens",100.04931506849314,127.7890410958904
0,60,0.1,19.103258672272982,30.6931266319183,25.40800688301561,"widens",101.8986301369863,127.7890410958904
0,60,0.15,17.49995014259218,27.889324327312103,23.172599556353646,"widens",103.74794520547945,127.7890410958904
0,60,0.2,15.93923412963909,25.203297126986456,21.015489193887337,"widens",105.59726027397261,127.7890410958904
0,60,0.25,14.419435651447765,22.627776879718663,18.932632974654485,"widens",107.44657534246575,127.7890410958904
0,60,0.3,12.938966416193832,20.156081424077456,16.920261700047632,"widens",109.2958904109589,127.7890410958904
0,60,0.35,11.496319285430445,17.78205669895796,14.974857030171563,"widens",111.14520547945206,127.7890410958904
0,60,0.4,10.090063156321216,15.500025583778143,13.093130955556088,"widens",112.99452054794521,127.7890410958904
0,60,0.45,8.718838226339187,13.304742572972561,11.272007252254411,"widens",114.84383561643835,127.7890410958904
0,60,0.5,7.3813516074943575,11.191353523023672,9.508604700302858,"widens",116.69315068493151,127.7890410958904
0,60,0.55,6.076373260356838,9.1553598218582,7.800221872977708,"widens",118.54246575342466,127.7890410958904
0,60,0.6,4.80273222099683,7.192586423964165,6.144323327947587,"widens",120.39178082191779,127.7890410958904
0,60,0.65,3.559313096514516,5.299153273244017,4.538527051862484,"widens",122.24109589041095,127.7890410958904
0,60,0.7,2.345052807115078,3.47144970199198,2.980593027620171,"widens",124.0904109589041,127.7890410958904
0,60,0.75,1.1589375547276015,1.706111450562875,1.4684128089105686,"widens",125.93972602739724,127.7890410958904
0,60,0.8,0,2.220446049250313e-14,2.220446049250313e-14,"mixed-or-unchanged",127.7890410958904,127.7890410958904
0,60,0.85,-1.649816049495545,-1.1326833688520388,-1.426518449638614,"narrows",129.63835616438354,127.7890410958904
0,60,0.9,-3.246077786687196,-2.2399946903829515,-2.8129102160731834,"narrows",131.4876712328767,127.7890410958904
0,60,0.95,-4.791351186753124,-3.322777021150891,-4.160844908358663,"narrows",133.33698630136985,127.7890410958904
0,60,1,-6.288040875303391,-4.381836476354306,-5.471900776199257,"narrows",135.186301369863,127.7890410958904
0.5,-40,0,0,0,0,"mixed-or-unchanged",58.199999999999996,58.199999999999996
0.5,-40,0.05,0,0,0,"mixed-or-unchanged",58.199999999999996,58.199999999999996
0.5,-40,0.1,0,0,0,"mixed-or-unchanged",58.199999999999996,58.199999999999996
0.5,-40,0.15,0,0,0,"mixed-or-unchanged",58.199999999999996,58.199999999999996
0.5,-40,0.2,0,0,0,"mixed-or-unchanged",58.199999999999996,58.199999999999996
0.5,-40,0.25,0,0,0,"mixed-or-unchanged",58.199999999999996,58.199999999999996
0.5,-40,0.3,0,0,0,"mixed-or-unchanged",58.199999999999996,58.199999999999996
0.5,-40,0.35,0,0,0,"mixed-or-unchanged",58.199999999999996,58.199999999999996
0.5,-40,0.4,0,0,0,"mixed-or-unchanged",58.199999999999996,58.199999999999996
0.5,-40,0.45,0,0,0,"mixed-or-unchanged",58.199999999999996,58.199999999999996
0.5,-40,0.5,0,0,0,"mixed-or-unchanged",58.199999999999996,58.199999999999996
0.5,-40,0.55,0,0,0,"mixed-or-unchanged",58.199999999999996,58.199999999999996
0.5,-40,0.6,0,0,0,"mixed-or-unchanged",58.199999999999996,58.199999999999996
0.5,-40,0.65,0,0,0,"mixed-or-unchanged",58.199999999999996,58.199999999999996
0.5,-40,0.7,0,0,0,"mixed-or-unchanged",58.199999999999996,58.199999999999996
0.5,-40,0.75,0,0,0,"mixed-or-unchanged",58.199999999999996,58.199999999999996
0.5,-40,0.8,0,0,0,"mixed-or-unchanged",58.199999999999996,58.199999999999996
0.5,-40,0.85,0,0,0,"mixed-or-unchanged",58.199999999999996,58.199999999999996
0.5,-40,0.9,0,0,0,"mixed-or-unchanged",58.199999999999996,58.199999999999996
0.5,-40,0.95,0,0,0,"mixed-or-unchanged",58.199999999999996,58.199999999999996
0.5,-40,1,0,0,0,"mixed-or-unchanged",58.199999999999996,58.199999999999996
0.5,-38,0,2.220446049250313e-14,2.220446049250313e-14,2.220446049250313e-14,"mixed-or-unchanged",60.199999999999996,60.199999999999996
0.5,-38,0.05,2.220446049250313e-14,2.220446049250313e-14,2.220446049250313e-14,"mixed-or-unchanged",60.199999999999996,60.199999999999996
0.5,-38,0.1,2.220446049250313e-14,2.220446049250313e-14,2.220446049250313e-14,"mixed-or-unchanged",60.199999999999996,60.199999999999996
0.5,-38,0.15,2.220446049250313e-14,2.220446049250313e-14,2.220446049250313e-14,"mixed-or-unchanged",60.199999999999996,60.199999999999996
0.5,-38,0.2,2.220446049250313e-14,2.220446049250313e-14,2.220446049250313e-14,"mixed-or-unchanged",60.199999999999996,60.199999999999996
0.5,-38,0.25,2.220446049250313e-14,2.220446049250313e-14,2.220446049250313e-14,"mixed-or-unchanged",60.199999999999996,60.199999999999996
0.5,-38,0.3,2.220446049250313e-14,2.220446049250313e-14,2.220446049250313e-14,"mixed-or-unchanged",60.199999999999996,60.199999999999996
0.5,-38,0.35,2.220446049250313e-14,2.220446049250313e-14,2.220446049250313e-14,"mixed-or-unchanged",60.199999999999996,60.199999999999996
0.5,-38,0.4,2.220446049250313e-14,2.220446049250313e-14,2.220446049250313e-14,"mixed-or-unchanged",60.199999999999996,60.199999999999996
0.5,-38,0.45,2.220446049250313e-14,2.220446049250313e-14,2.220446049250313e-14,"mixed-or-unchanged",60.199999999999996,60.199999999999996
0.5,-38,0.5,2.220446049250313e-14,2.220446049250313e-14,2.220446049250313e-14,"mixed-or-unchanged",60.199999999999996,60.199999999999996
0.5,-38,0.55,2.220446049250313e-14,2.220446049250313e-14,2.220446049250313e-14,"mixed-or-unchanged",60.199999999999996,60.199999999999996
0.5,-38,0.6,2.220446049250313e-14,2.220446049250313e-14,2.220446049250313e-14,"mixed-or-unchanged",60.199999999999996,60.199999999999996
0.5,-38,0.65,2.220446049250313e-14,2.220446049250313e-14,2.220446049250313e-14,"mixed-or-unchanged",60.199999999999996,60.199999999999996
0.5,-38,0.7,2.220446049250313e-14,2.220446049250313e-14,2.220446049250313e-14,"mixed-or-unchanged",60.199999999999996,60.199999999999996
0.5,-38,0.75,2.220446049250313e-14,2.220446049250313e-14,2.220446049250313e-14,"mixed-or-unchanged",60.199999999999996,60.199999999999996
0.5,-38,0.8,2.220446049250313e-14,2.220446049250313e-14,2.220446049250313e-14,"mixed-or-unchanged",60.199999999999996,60.199999999999996
0.5,-38,0.85,2.220446049250313e-14,2.220446049250313e-14,2.220446049250313e-14,"mixed-or-unchanged",60.199999999999996,60.199999999999996
0.5,-38,0.9,2.220446049250313e-14,2.220446049250313e-14,2.220446049250313e-14,"mixed-or-unchanged",60.199999999999996,60.199999999999996
0.5,-38,0.95,2.220446049250313e-14,2.220446049250313e-14,2.220446049250313e-14,"mixed-or-unchanged",60.199999999999996,60.199999999999996
0.5,-38,1,2.220446049250313e-14,2.220446049250313e-14,2.220446049250313e-14,"mixed-or-unchanged",60.199999999999996,60.199999999999996
0.5,-36,0,0,0,0,"mixed-or-unchanged",62.2,62.2
0.5,-36,0.05,0,0,0,"mixed-or-unchanged",62.2,62.2
0.5,-36,0.1,0,0,0,"mixed-or-unchanged",62.2,62.2
0.5,-36,0.15,0,0,0,"mixed-or-unchanged",62.2,62.2
0.5,-36,0.2,0,0,0,"mixed-or-unchanged",62.2,62.2
0.5,-36,0.25,0,0,0,"mixed-or-unchanged",62.2,62.2
0.5,-36,0.3,0,0,0,"mixed-or-unchanged",62.2,62.2
0.5,-36,0.35,0,0,0,"mixed-or-unchanged",62.2,62.2
0.5,-36,0.4,0,0,0,"mixed-or-unchanged",62.2,62.2
0.5,-36,0.45,0,0,0,"mixed-or-unchanged",62.2,62.2
0.5,-36,0.5,0,0,0,"mixed-or-unchanged",62.2,62.2
0.5,-36,0.55,0,0,0,"mixed-or-unchanged",62.2,62.2
0.5,-36,0.6,0,0,0,"mixed-or-unchanged",62.2,62.2
0.5,-36,0.65,0,0,0,"mixed-or-unchanged",62.2,62.2
0.5,-36,0.7,0,0,0,"mixed-or-unchanged",62.2,62.2
0.5,-36,0.75,0,0,0,"mixed-or-unchanged",62.2,62.2
0.5,-36,0.8,0,0,0,"mixed-or-unchanged",62.2,62.2
0.5,-36,0.85,0,0,0,"mixed-or-unchanged",62.2,62.2
0.5,-36,0.9,0,0,0,"mixed-or-unchanged",62.2,62.2
0.5,-36,0.95,0,0,0,"mixed-or-unchanged",62.2,62.2
0.5,-36,1,0,0,0,"mixed-or-unchanged",62.2,62.2
0.5,-34,0,-1.1102230246251565e-14,-1.1102230246251565e-14,-1.1102230246251565e-14,"mixed-or-unchanged",64.19999999999999,64.19999999999999
0.5,-34,0.05,-1.1102230246251565e-14,-1.1102230246251565e-14,-1.1102230246251565e-14,"mixed-or-unchanged",64.19999999999999,64.19999999999999
0.5,-34,0.1,-1.1102230246251565e-14,-1.1102230246251565e-14,-1.1102230246251565e-14,"mixed-or-unchanged",64.19999999999999,64.19999999999999
0.5,-34,0.15,-1.1102230246251565e-14,-1.1102230246251565e-14,-1.1102230246251565e-14,"mixed-or-unchanged",64.19999999999999,64.19999999999999
0.5,-34,0.2,-1.1102230246251565e-14,-1.1102230246251565e-14,-1.1102230246251565e-14,"mixed-or-unchanged",64.19999999999999,64.19999999999999
0.5,-34,0.25,-1.1102230246251565e-14,-1.1102230246251565e-14,-1.1102230246251565e-14,"mixed-or-unchanged",64.19999999999999,64.19999999999999
0.5,-34,0.3,-1.1102230246251565e-14,-1.1102230246251565e-14,-1.1102230246251565e-14,"mixed-or-unchanged",64.19999999999999,64.19999999999999
0.5,-34,0.35,-1.1102230246251565e-14,-1.1102230246251565e-14,-1.1102230246251565e-14,"mixed-or-unchanged",64.19999999999999,64.19999999999999
0.5,-34,0.4,-1.1102230246251565e-14,-1.1102230246251565e-14,-1.1102230246251565e-14,"mixed-or-unchanged",64.19999999999999,64.19999999999999
0.5,-34,0.45,-1.1102230246251565e-14,-1.1102230246251565e-14,-1.1102230246251565e-14,"mixed-or-unchanged",64.19999999999999,64.19999999999999
0.5,-34,0.5,-1.1102230246251565e-14,-1.1102230246251565e-14,-1.1102230246251565e-14,"mixed-or-unchanged",64.19999999999999,64.19999999999999
0.5,-34,0.55,-1.1102230246251565e-14,-1.1102230246251565e-14,-1.1102230246251565e-14,"mixed-or-unchanged",64.19999999999999,64.19999999999999
0.5,-34,0.6,-1.1102230246251565e-14,-1.1102230246251565e-14,-1.1102230246251565e-14,"mixed-or-unchanged",64.19999999999999,64.19999999999999
0.5,-34,0.65,-1.1102230246251565e-14,-1.1102230246251565e-14,-1.1102230246251565e-14,"mixed-or-unchanged",64.19999999999999,64.19999999999999
0.5,-34,0.7,-1.1102230246251565e-14,-1.1102230246251565e-14,-1.1102230246251565e-14,"mixed-or-unchanged",64.19999999999999,64.19999999999999
0.5,-34,0.75,-1.1102230246251565e-14,-1.1102230246251565e-14,-1.1102230246251565e-14,"mixed-or-unchanged",64.19999999999999,64.19999999999999
0.5,-34,0.8,-1.1102230246251565e-14,-1.1102230246251565e-14,-1.1102230246251565e-14,"mixed-or-unchanged",64.19999999999999,64.19999999999999
0.5,-34,0.85,-1.1102230246251565e-14,-1.1102230246251565e-14,-1.1102230246251565e-14,"mixed-or-unchanged",64.19999999999999,64.19999999999999
0.5,-34,0.9,-1.1102230246251565e-14,-1.1102230246251565e-14,-1.1102230246251565e-14,"mixed-or-unchanged",64.19999999999999,64.19999999999999
0.5,-34,0.95,-1.1102230246251565e-14,-1.1102230246251565e-14,-1.1102230246251565e-14,"mixed-or-unchanged",64.19999999999999,64.19999999999999
0.5,-34,1,-1.1102230246251565e-14,-1.1102230246251565e-14,-1.1102230246251565e-14,"mixed-or-unchanged",64.19999999999999,64.19999999999999
0.5,-32,0,2.220446049250313e-14,2.220446049250313e-14,2.220446049250313e-14,"mixed-or-unchanged",66.19999999999999,66.19999999999999
0.5,-32,0.05,2.220446049250313e-14,2.220446049250313e-14,2.220446049250313e-14,"mixed-or-unchanged",66.19999999999999,66.19999999999999
0.5,-32,0.1,2.220446049250313e-14,2.220446049250313e-14,2.220446049250313e-14,"mixed-or-unchanged",66.19999999999999,66.19999999999999
0.5,-32,0.15,2.220446049250313e-14,2.220446049250313e-14,2.220446049250313e-14,"mixed-or-unchanged",66.19999999999999,66.19999999999999
0.5,-32,0.2,2.220446049250313e-14,2.220446049250313e-14,2.220446049250313e-14,"mixed-or-unchanged",66.19999999999999,66.19999999999999
0.5,-32,0.25,2.220446049250313e-14,2.220446049250313e-14,2.220446049250313e-14,"mixed-or-unchanged",66.19999999999999,66.19999999999999
0.5,-32,0.3,2.220446049250313e-14,2.220446049250313e-14,2.220446049250313e-14,"mixed-or-unchanged",66.19999999999999,66.19999999999999
0.5,-32,0.35,2.220446049250313e-14,2.220446049250313e-14,2.220446049250313e-14,"mixed-or-unchanged",66.19999999999999,66.19999999999999
0.5,-32,0.4,2.220446049250313e-14,2.220446049250313e-14,2.220446049250313e-14,"mixed-or-unchanged",66.19999999999999,66.19999999999999
0.5,-32,0.45,2.220446049250313e-14,2.220446049250313e-14,2.220446049250313e-14,"mixed-or-unchanged",66.19999999999999,66.19999999999999
0.5,-32,0.5,2.220446049250313e-14,2.220446049250313e-14,2.220446049250313e-14,"mixed-or-unchanged",66.19999999999999,66.19999999999999
0.5,-32,0.55,2.220446049250313e-14,2.220446049250313e-14,2.220446049250313e-14,"mixed-or-unchanged",66.19999999999999,66.19999999999999
0.5,-32,0.6,2.220446049250313e-14,2.220446049250313e-14,2.220446049250313e-14,"mixed-or-unchanged",66.19999999999999,66.19999999999999
0.5,-32,0.65,2.220446049250313e-14,2.220446049250313e-14,2.220446049250313e-14,"mixed-or-unchanged",66.19999999999999,66.19999999999999
0.5,-32,0.7,2.220446049250313e-14,2.220446049250313e-14,2.220446049250313e-14,"mixed-or-unchanged",66.19999999999999,66.19999999999999
0.5,-32,0.75,2.220446049250313e-14,2.220446049250313e-14,2.220446049250313e-14,"mixed-or-unchanged",66.19999999999999,66.19999999999999
0.5,-32,0.8,2.220446049250313e-14,2.220446049250313e-14,2.220446049250313e-14,"mixed-or-unchanged",66.19999999999999,66.19999999999999
0.5,-32,0.85,2.220446049250313e-14,2.220446049250313e-14,2.220446049250313e-14,"mixed-or-unchanged",66.19999999999999,66.19999999999999
0.5,-32,0.9,2.220446049250313e-14,2.220446049250313e-14,2.220446049250313e-14,"mixed-or-unchanged",66.19999999999999,66.19999999999999
0.5,-32,0.95,2.220446049250313e-14,2.220446049250313e-14,2.220446049250313e-14,"mixed-or-unchanged",66.19999999999999,66.19999999999999
0.5,-32,1,2.220446049250313e-14,2.220446049250313e-14,2.220446049250313e-14,"mixed-or-unchanged",66.19999999999999,66.19999999999999
0.5,-30,0,0,0,0,"mixed-or-unchanged",68.19999999999999,68.19999999999999
0.5,-30,0.05,0,0,0,"mixed-or-unchanged",68.19999999999999,68.19999999999999
0.5,-30,0.1,0,0,0,"mixed-or-unchanged",68.19999999999999,68.19999999999999
0.5,-30,0.15,0,0,0,"mixed-or-unchanged",68.19999999999999,68.19999999999999
0.5,-30,0.2,0,0,0,"mixed-or-unchanged",68.19999999999999,68.19999999999999
0.5,-30,0.25,0,0,0,"mixed-or-unchanged",68.19999999999999,68.19999999999999
0.5,-30,0.3,0,0,0,"mixed-or-unchanged",68.19999999999999,68.19999999999999
0.5,-30,0.35,0,0,0,"mixed-or-unchanged",68.19999999999999,68.19999999999999
0.5,-30,0.4,0,0,0,"mixed-or-unchanged",68.19999999999999,68.19999999999999
0.5,-30,0.45,0,0,0,"mixed-or-unchanged",68.19999999999999,68.19999999999999
0.5,-30,0.5,0,0,0,"mixed-or-unchanged",68.19999999999999,68.19999999999999
0.5,-30,0.55,0,0,0,"mixed-or-unchanged",68.19999999999999,68.19999999999999
0.5,-30,0.6,0,0,0,"mixed-or-unchanged",68.19999999999999,68.19999999999999
0.5,-30,0.65,0,0,0,"mixed-or-unchanged",68.19999999999999,68.19999999999999
0.5,-30,0.7,0,0,0,"mixed-or-unchanged",68.19999999999999,68.19999999999999
0.5,-30,0.75,0,0,0,"mixed-or-unchanged",68.19999999999999,68.19999999999999
0.5,-30,0.8,0,0,0,"mixed-or-unchanged",68.19999999999999,68.19999999999999
0.5,-30,0.85,0,0,0,"mixed-or-unchanged",68.19999999999999,68.19999999999999
0.5,-30,0.9,0,0,0,"mixed-or-unchanged",68.19999999999999,68.19999999999999
0.5,-30,0.95,0,0,0,"mixed-or-unchanged",68.19999999999999,68.19999999999999
0.5,-30,1,0,0,0,"mixed-or-unchanged",68.19999999999999,68.19999999999999
0.5,-28,0,2.220446049250313e-14,2.220446049250313e-14,2.220446049250313e-14,"mixed-or-unchanged",70.19999999999999,70.19999999999999
0.5,-28,0.05,2.220446049250313e-14,2.220446049250313e-14,2.220446049250313e-14,"mixed-or-unchanged",70.19999999999999,70.19999999999999
0.5,-28,0.1,2.220446049250313e-14,2.220446049250313e-14,2.220446049250313e-14,"mixed-or-unchanged",70.19999999999999,70.19999999999999
0.5,-28,0.15,2.220446049250313e-14,2.220446049250313e-14,2.220446049250313e-14,"mixed-or-unchanged",70.19999999999999,70.19999999999999
0.5,-28,0.2,2.220446049250313e-14,2.220446049250313e-14,2.220446049250313e-14,"mixed-or-unchanged",70.19999999999999,70.19999999999999
0.5,-28,0.25,2.220446049250313e-14,2.220446049250313e-14,2.220446049250313e-14,"mixed-or-unchanged",70.19999999999999,70.19999999999999
0.5,-28,0.3,2.220446049250313e-14,2.220446049250313e-14,2.220446049250313e-14,"mixed-or-unchanged",70.19999999999999,70.19999999999999
0.5,-28,0.35,2.220446049250313e-14,2.220446049250313e-14,2.220446049250313e-14,"mixed-or-unchanged",70.19999999999999,70.19999999999999
0.5,-28,0.4,2.220446049250313e-14,2.220446049250313e-14,2.220446049250313e-14,"mixed-or-unchanged",70.19999999999999,70.19999999999999
0.5,-28,0.45,2.220446049250313e-14,2.220446049250313e-14,2.220446049250313e-14,"mixed-or-unchanged",70.19999999999999,70.19999999999999
0.5,-28,0.5,2.220446049250313e-14,2.220446049250313e-14,2.220446049250313e-14,"mixed-or-unchanged",70.19999999999999,70.19999999999999
0.5,-28,0.55,2.220446049250313e-14,2.220446049250313e-14,2.220446049250313e-14,"mixed-or-unchanged",70.19999999999999,70.19999999999999
0.5,-28,0.6,2.220446049250313e-14,2.220446049250313e-14,2.220446049250313e-14,"mixed-or-unchanged",70.19999999999999,70.19999999999999
0.5,-28,0.65,2.220446049250313e-14,2.220446049250313e-14,2.220446049250313e-14,"mixed-or-unchanged",70.19999999999999,70.19999999999999
0.5,-28,0.7,2.220446049250313e-14,2.220446049250313e-14,2.220446049250313e-14,"mixed-or-unchanged",70.19999999999999,70.19999999999999
0.5,-28,0.75,2.220446049250313e-14,2.220446049250313e-14,2.220446049250313e-14,"mixed-or-unchanged",70.19999999999999,70.19999999999999
0.5,-28,0.8,2.220446049250313e-14,2.220446049250313e-14,2.220446049250313e-14,"mixed-or-unchanged",70.19999999999999,70.19999999999999
0.5,-28,0.85,2.220446049250313e-14,2.220446049250313e-14,2.220446049250313e-14,"mixed-or-unchanged",70.19999999999999,70.19999999999999
0.5,-28,0.9,2.220446049250313e-14,2.220446049250313e-14,2.220446049250313e-14,"mixed-or-unchanged",70.19999999999999,70.19999999999999
0.5,-28,0.95,2.220446049250313e-14,2.220446049250313e-14,2.220446049250313e-14,"mixed-or-unchanged",70.19999999999999,70.19999999999999
0.5,-28,1,2.220446049250313e-14,2.220446049250313e-14,2.220446049250313e-14,"mixed-or-unchanged",70.19999999999999,70.19999999999999
0.5,-26,0,0,0,0,"mixed-or-unchanged",72.2,72.2
0.5,-26,0.05,0,0,0,"mixed-or-unchanged",72.2,72.2
0.5,-26,0.1,0,0,0,"mixed-or-unchanged",72.2,72.2
0.5,-26,0.15,0,0,0,"mixed-or-unchanged",72.2,72.2
0.5,-26,0.2,0,0,0,"mixed-or-unchanged",72.2,72.2
0.5,-26,0.25,0,0,0,"mixed-or-unchanged",72.2,72.2
0.5,-26,0.3,0,0,0,"mixed-or-unchanged",72.2,72.2
0.5,-26,0.35,0,0,0,"mixed-or-unchanged",72.2,72.2
0.5,-26,0.4,0,0,0,"mixed-or-unchanged",72.2,72.2
0.5,-26,0.45,0,0,0,"mixed-or-unchanged",72.2,72.2
0.5,-26,0.5,0,0,0,"mixed-or-unchanged",72.2,72.2
0.5,-26,0.55,0,0,0,"mixed-or-unchanged",72.2,72.2
0.5,-26,0.6,0,0,0,"mixed-or-unchanged",72.2,72.2
0.5,-26,0.65,0,0,0,"mixed-or-unchanged",72.2,72.2
0.5,-26,0.7,0,0,0,"mixed-or-unchanged",72.2,72.2
0.5,-26,0.75,0,0,0,"mixed-or-unchanged",72.2,72.2
0.5,-26,0.8,0,0,0,"mixed-or-unchanged",72.2,72.2
0.5,-26,0.85,0,0,0,"mixed-or-unchanged",72.2,72.2
0.5,-26,0.9,0,0,0,"mixed-or-unchanged",72.2,72.2
0.5,-26,0.95,0,0,0,"mixed-or-unchanged",72.2,72.2
0.5,-26,1,0,0,0,"mixed-or-unchanged",72.2,72.2
0.5,-24,0,2.220446049250313e-14,2.220446049250313e-14,2.220446049250313e-14,"mixed-or-unchanged",74.2,74.2
0.5,-24,0.05,2.220446049250313e-14,2.220446049250313e-14,2.220446049250313e-14,"mixed-or-unchanged",74.2,74.2
0.5,-24,0.1,2.220446049250313e-14,2.220446049250313e-14,2.220446049250313e-14,"mixed-or-unchanged",74.2,74.2
0.5,-24,0.15,2.220446049250313e-14,2.220446049250313e-14,2.220446049250313e-14,"mixed-or-unchanged",74.2,74.2
0.5,-24,0.2,2.220446049250313e-14,2.220446049250313e-14,2.220446049250313e-14,"mixed-or-unchanged",74.2,74.2
0.5,-24,0.25,2.220446049250313e-14,2.220446049250313e-14,2.220446049250313e-14,"mixed-or-unchanged",74.2,74.2
0.5,-24,0.3,2.220446049250313e-14,2.220446049250313e-14,2.220446049250313e-14,"mixed-or-unchanged",74.2,74.2
0.5,-24,0.35,2.220446049250313e-14,2.220446049250313e-14,2.220446049250313e-14,"mixed-or-unchanged",74.2,74.2
0.5,-24,0.4,2.220446049250313e-14,2.220446049250313e-14,2.220446049250313e-14,"mixed-or-unchanged",74.2,74.2
0.5,-24,0.45,2.220446049250313e-14,2.220446049250313e-14,2.220446049250313e-14,"mixed-or-unchanged",74.2,74.2
0.5,-24,0.5,2.220446049250313e-14,2.220446049250313e-14,2.220446049250313e-14,"mixed-or-unchanged",74.2,74.2
0.5,-24,0.55,2.220446049250313e-14,2.220446049250313e-14,2.220446049250313e-14,"mixed-or-unchanged",74.2,74.2
0.5,-24,0.6,2.220446049250313e-14,2.220446049250313e-14,2.220446049250313e-14,"mixed-or-unchanged",74.2,74.2
0.5,-24,0.65,2.220446049250313e-14,2.220446049250313e-14,2.220446049250313e-14,"mixed-or-unchanged",74.2,74.2
0.5,-24,0.7,2.220446049250313e-14,2.220446049250313e-14,2.220446049250313e-14,"mixed-or-unchanged",74.2,74.2
0.5,-24,0.75,2.220446049250313e-14,2.220446049250313e-14,2.220446049250313e-14,"mixed-or-unchanged",74.2,74.2
0.5,-24,0.8,2.220446049250313e-14,2.220446049250313e-14,2.220446049250313e-14,"mixed-or-unchanged",74.2,74.2
0.5,-24,0.85,2.220446049250313e-14,2.220446049250313e-14,2.220446049250313e-14,"mixed-or-unchanged",74.2,74.2
0.5,-24,0.9,2.220446049250313e-14,2.220446049250313e-14,2.220446049250313e-14,"mixed-or-unchanged",74.2,74.2
0.5,-24,0.95,2.220446049250313e-14,2.220446049250313e-14,2.220446049250313e-14,"mixed-or-unchanged",74.2,74.2
0.5,-24,1,2.220446049250313e-14,2.220446049250313e-14,2.220446049250313e-14,"mixed-or-unchanged",74.2,74.2
0.5,-22,0,0,0.9088767260838626,0,"mixed-or-unchanged",76.2,76.2
0.5,-22,0.05,0,0.8515881877760645,0,"mixed-or-unchanged",76.2,76.2
0.5,-22,0.1,0,0.7943646608830068,0,"mixed-or-unchanged",76.2,76.2
0.5,-22,0.15,0,0.7372060348043386,0,"mixed-or-unchanged",76.2,76.2
0.5,-22,0.2,0,0.6801121991904635,0,"mixed-or-unchanged",76.2,76.2
0.5,-22,0.25,0,0.62308304394183,0,"mixed-or-unchanged",76.2,76.2
0.5,-22,0.3,0,0.5661184592082424,0,"mixed-or-unchanged",76.2,76.2
0.5,-22,0.35,0,0.5092183353879731,0,"mixed-or-unchanged",76.2,76.2
0.5,-22,0.4,0,0.4523825631273626,0,"mixed-or-unchanged",76.2,76.2
0.5,-22,0.45,0,0.395611033319887,0,"mixed-or-unchanged",76.2,76.2
0.5,-22,0.5,0,0.3389036371055143,0,"mixed-or-unchanged",76.2,76.2
0.5,-22,0.55,0,0.28226026587006015,0,"mixed-or-unchanged",76.2,76.2
0.5,-22,0.6,0,0.22568081124449968,0,"mixed-or-unchanged",76.2,76.2
0.5,-22,0.65,0,0.16916516510414592,0,"mixed-or-unchanged",76.2,76.2
0.5,-22,0.7,0,0.11271321956809466,0,"mixed-or-unchanged",76.2,76.2
0.5,-22,0.75,0,0.05632486699855832,0,"mixed-or-unchanged",76.2,76.2
0.5,-22,0.8,0,0,0,"mixed-or-unchanged",76.2,76.2
0.5,-22,0.85,-0.056261488581299535,0,0,"mixed-or-unchanged",76.2,76.2
0.5,-22,0.9,-0.11245970565815222,0,0,"mixed-or-unchanged",76.2,76.2
0.5,-22,0.95,-0.1685947579030067,0,0,"mixed-or-unchanged",76.2,76.2
0.5,-22,1,-0.2246667517485812,0,0,"mixed-or-unchanged",76.2,76.2
0.5,-20,0,0,1.9819857482185288,0.6548837209302105,"mixed-or-unchanged",77.4,77.90688
0.5,-20,0.05,0,1.85581276741964,0.6137022985940543,"mixed-or-unchanged",77.43168,77.90688
0.5,-20,0.1,0,1.7299516054074315,0.572554559988081,"mixed-or-unchanged",77.46336000000001,77.90688
0.5,-20,0.15,0,1.6044011076840725,0.5314404638025794,"mixed-or-unchanged",77.49504,77.90688
0.5,-20,0.2,0,1.4791601254440012,0.4903599687952509,"mixed-or-unchanged",77.52672000000001,77.90688
0.5,-20,0.25,0,1.354227515538864,0.4493130337912987,"mixed-or-unchanged",77.5584,77.90688
0.5,-20,0.3,0,1.2296021404428314,0.4082996176830722,"mixed-or-unchanged",77.59008,77.90688
0.5,-20,0.35,0,1.1052828682179827,0.36731967943008925,"mixed-or-unchanged",77.62176000000001,77.90688
0.5,-20,0.4,0,0.9812685724801096,0.32637317805881416,"mixed-or-unchanged",77.65344,77.90688
0.5,-20,0.45,0,0.8575581323646331,0.2854600726625467,"mixed-or-unchanged",77.68512000000001,77.90688
0.5,-20,0.5,0,0.7341504324928971,0.2445803224013332,"mixed-or-unchanged",77.71679999999999,77.90688
0.5,-20,0.55,0,0.6110443629385287,0.2037338865017002,"mixed-or-unchanged",77.74848,77.90688
0.5,-20,0.6,0,0.4882388191943754,0.16292072425667659,"mixed-or-unchanged",77.78016,77.90688
0.5,-20,0.65,0,0.36573270213919873,0.1221407950255271,"mixed-or-unchanged",77.81184,77.90688
0.5,-20,0.7,0,0.24352491800512244,0.08139405823375245,"mixed-or-unchanged",77.84352,77.90688
0.5,-20,0.75,0,0.1216143783450141,0.04068047337277836,"mixed-or-unchanged",77.8752,77.90688
0.5,-20,0.8,0,2.220446049250313e-14,0,"mixed-or-unchanged",77.90688,77.90688
0.5,-20,0.85,-0.12131929493228721,0,-0.04064740226147334,"mixed-or-unchanged",77.93856,77.90688
0.5,-20,0.9,-0.24234457912988283,0,-0.081261773722896,"mixed-or-unchanged",77.97024,77.90688
0.5,-20,0.95,-0.36307692007788717,0,-0.12184315463004136,"mixed-or-unchanged",78.00192,77.90688
0.5,-20,1,-0.4835173800999404,0,-0.16239158516332397,"mixed-or-unchanged",78.0336,77.90688
0.5,-18,0,0,3.054649184315328,1.6941517982849152,"mixed-or-unchanged",78.13000000000001,79.4536408
0.5,-18,0.05,0,2.858276714898267,1.586587360997882,"mixed-or-unchanged",78.21272755000001,79.4536408
0.5,-18,0.1,0,2.6626512046130424,1.4792502304517452,"mixed-or-unchanged",78.29545510000001,79.4536408
0.5,-18,0.15,0,2.4677683996392474,1.3721396868851876,"mixed-or-unchanged",78.37818265,79.4536408
0.5,-18,0.2,0,2.27362407839522,1.2652550135723528,"mixed-or-unchanged",78.46091020000001,79.4536408
0.5,-18,0.25,0,2.0802140512330203,1.1585954968071244,"mixed-or-unchanged",78.54363775,79.4536408
0.5,-18,0.3,0,1.8875341601372275,1.052160425887072,"mixed-or-unchanged",78.62636530000002,79.4536408
0.5,-18,0.35,0,1.6955802784266893,0.9459490930977088,"mixed-or-unchanged",78.70909285,79.4536408
0.5,-18,0.4,0,1.5043483104602906,0.8399607936968145,"mixed-or-unchanged",78.7918204,79.4536408
0.5,-18,0.45,0,1.3138341913452756,0.7341948258988484,"mixed-or-unchanged",78.87454795000001,79.4536408
0.5,-18,0.5,0,1.1240338866495003,0.6286504908594504,"mixed-or-unchanged",78.95727550000001,79.4536408
0.5,-18,0.55,0,0.9349433921165273,0.5233270926600753,"mixed-or-unchanged",79.04000305000001,79.4536408
0.5,-18,0.6,0,0.7465587333840062,0.41822393829265003,"mixed-or-unchanged",79.12273060000001,79.4536408
0.5,-18,0.65,0,0.5588759657053188,0.3133403376444077,"mixed-or-unchanged",79.20545815000001,79.4536408
0.5,-18,0.7,0,0.3718911736741326,0.20867560348276637,"mixed-or-unchanged",79.2881857,79.4536408
0.5,-18,0.75,0,0.18560047095219634,0.104229051440341,"mixed-or-unchanged",79.37091325,79.4536408
0.5,-18,0.8,0,0,0,"mixed-or-unchanged",79.4536408,79.4536408
0.5,-18,0.85,-0.18491406818933465,0,-0.10401222951990086,"mixed-or-unchanged",79.53636835,79.4536408
0.5,-18,0.9,-0.36914553435358766,0,-0.20780831298035096,"mixed-or-unchanged",79.6190959,79.4536408
0.5,-18,0.95,-0.5526981712215995,0,-0.3113889234362177,"mixed-or-unchanged",79.70182345,79.4536408
0.5,-18,1,-0.7355757237710758,0,-0.41475473115089034,"mixed-or-unchanged",79.78455100000001,79.4536408
0.5,-16,0,0.8766277092988828,4.126878979769066,2.732989094598026,"widens",78.86,81.01523519999999
0.5,-16,0.05,0.82138844504831,3.8589955388009134,2.5578082374237976,"widens",78.9947022,81.01523519999999
0.5,-16,0.1,0.7662096448792122,3.5924869089110745,2.3832238019473984,"widens",79.1294044,81.01523519999999
0.5,-16,0.15,0.7110912095713129,3.3273425336363127,2.2092327474741325,"widens",79.26410659999999,81.01523519999999
0.5,-16,0.2,0.6560330401212067,3.0635519643143816,2.0358320539438424,"widens",79.3988088,81.01523519999999
0.5,-16,0.25,0.6010350377419149,2.8011048587113896,1.86301872175616,"widens",79.533511,81.01523519999999
0.5,-16,0.3,0.546097103862242,2.539990979670148,1.6907897715974007,"widens",79.6682132,81.01523519999999
0.5,-16,0.35,0.49121914012624224,2.2802001937790806,1.5191422442694336,"widens",79.80291539999999,81.01523519999999
0.5,-16,0.4,0.4364010483924874,2.0217224700614045,1.3480732005202833,"widens",79.9376176,81.01523519999999
0.5,-16,0.45,0.38164273073368893,1.7645478786839197,1.1775797208762873,"widens",80.07231979999999,81.01523519999999
0.5,-16,0.5,0.3269440894358766,1.508666589685559,1.0076589054758722,"widens",80.207022,81.01523519999999
0.5,-16,0.55,0.27230502699806536,1.254068871724745,0.8383078739054417,"widens",80.3417242,81.01523519999999
0.5,-16,0.6,0.21772544613147815,1.000745090845867,0.6695237650363728,"widens",80.4764264,81.01523519999999
0.5,-16,0.65,0.16320524975907968,0.7486857092640742,0.501303736863945,"widens",80.61112859999999,81.01523519999999
0.5,-16,0.7,0.10874434101491026,0.4978812841681668,0.3336449663478902,"widens",80.7458308,81.01523519999999
0.5,-16,0.75,0.05434262324370831,0.24832246654142853,0.1665446492544742,"widens",80.880533,81.01523519999999
0.5,-16,0.8,0,0,0,"mixed-or-unchanged",81.01523519999999,81.01523519999999
0.5,-16,0.85,-0.2470952803516724,-0.0542836249521339,-0.16599174850379095,"narrows",81.1499374,81.01523519999999
0.5,-16,0.9,-0.4929724490483234,-0.10850834763976858,-0.33143334500310706,"narrows",81.28463959999999,81.01523519999999
0.5,-16,0.95,-0.7376404913747248,-0.16267426388176798,-0.4963275200537187,"narrows",81.4193418,81.01523519999999
0.5,-16,1,-0.9811083044603319,-0.21678146928920672,-0.6606769861712825,"narrows",81.55404399999999,81.01523519999999
0.5,-14,0,1.8706226779958923,5.198686656775653,3.7714074632491545,"widens",79.59,82.5916632
0.5,-14,0.05,1.751660825331136,4.857984279444438,3.5273800047487924,"widens",79.77760395000001,82.5916632
0.5,-14,0.1,1.6329764896786392,4.519481613727683,3.2844975570932133,"widens",79.9652079,82.5916632
0.5,-14,0.15,1.5145687010724052,4.183157424840767,3.0427520803189445,"widens",80.15281185,82.5916632
0.5,-14,0.2,1.3964364940614926,3.8489907504408283,2.8021356095595307,"widens",80.3404158,82.5916632
0.5,-14,0.25,1.2785789076836807,3.5169608962712484,2.562640254170656,"widens",80.52801975,82.5916632
0.5,-14,0.3,1.1609949854394452,3.1870474318897557,2.3242581968675236,"widens",80.71562370000001,82.5916632
0.5,-14,0.35,1.0436837752660244,2.859230186477757,2.086981692874401,"widens",80.90322764999999,82.5916632
0.5,-14,0.4,0.9266443295118387,2.5334892447295143,1.8508030690858046,"widens",81.0908316,82.5916632
0.5,-14,0.45,0.8098757049109118,2.2098049428188604,1.6157147232394031,"widens",81.27843555000001,82.5916632
0.5,-14,0.5,0.6933769625574682,1.8881578644423413,1.3817091231003165,"widens",81.4660395,82.5916632
0.5,-14,0.55,0.5771471678808648,1.5685288369368555,1.1487788056566028,"widens",81.65364345,82.5916632
0.5,-14,0.6,0.4611853906205665,1.2508989274698123,0.9169163763258936,"widens",81.8412474,82.5916632
0.5,-14,0.65,0.34549070480129895,0.9352494393010113,0.6861145081729969,"widens",82.02885135,82.5916632
0.5,-14,0.7,0.2300621887084464,0.6215619081138435,0.45636594113782625,"widens",82.2164553,82.5916632
0.5,-14,0.75,0.11489892486356013,0.3098180984148158,0.2276634812744538,"widens",82.40405925,82.5916632
0.5,-14,0.8,0,2.220446049250313e-14,0,"mixed-or-unchanged",82.5916632,82.5916632
0.5,-14,0.85,-0.3079101755136038,-0.1146354949611017,-0.22663156664586293,"narrows",82.77926715,82.5916632
0.5,-14,0.9,-0.6139299980925661,-0.22900846493491,-0.4522382187316043,"narrows",82.96687109999999,82.5916632
0.5,-14,0.95,-0.9180768226290215,-0.3431198106967015,-0.6768268931546917,"narrows",83.15447505,82.5916632
0.5,-14,1,-1.2203677922216327,-0.4569704289054344,-0.900404464352289,"narrows",83.342079,82.5916632
0.5,-12,0,2.864215768598233,6.2700833329089045,4.809418326693238,"widens",80.32000000000001,84.18292480000001
0.5,-12,0.05,2.6804039984367645,5.855257529199753,4.495317267991794,"widens",80.5614328,84.18292480000001
0.5,-12,0.1,2.4972479762339184,5.443657682166525,4.183093229307455,"widens",80.8028656,84.18292480000001
0.5,-12,0.15,2.3147441991694384,5.0352463068404685,3.872729435584832,"widens",81.0442984,84.18292480000001
0.5,-12,0.2,2.1328891893268143,4.629986496769201,3.5642093110678896,"widens",81.2857312,84.18292480000001
0.5,-12,0.25,1.9516794934723691,4.227841912899111,3.2575164763489317,"widens",81.527164,84.18292480000001
0.5,-12,0.3,1.771111682836679,3.828776772713005,2.9526347454699176,"widens",81.7685968,84.18292480000001
0.5,-12,0.35,1.591182352898235,3.432755839616597,2.6495481230749407,"widens",82.0100296,84.18292480000001
0.5,-12,0.4,1.4118881231697245,3.0397444125667805,2.3482408016128,"widens",82.2514624,84.18292480000001
0.5,-12,0.45,1.2332256369859351,2.6497083159355617,2.0486971585887748,"widens",82.4928952,84.18292480000001
0.5,-12,0.5,1.055191561294655,2.2626138896032932,1.7509017538644978,"widens",82.734328,84.18292480000001
0.5,-12,0.55,0.8777825864490607,1.878427979275199,1.4548393270050308,"widens",82.9757608,84.18292480000001
0.5,-12,0.6,0.7009954260030149,1.49711792701539,1.1604947946718625,"widens",83.2171936,84.18292480000001
0.5,-12,0.65,0.5248268165077175,1.1186515619926896,0.867853248061623,"widens",83.4586264,84.18292480000001
0.5,-12,0.7,0.3492735173112216,0.7429971914326261,0.5768999503885652,"widens",83.7000592,84.18292480000001
0.5,-12,0.75,0.17433231035950403,0.37012359177046594,0.28762033441103174,"widens",83.941492,84.18292480000001
0.5,-12,0.8,0,2.220446049250313e-14,2.220446049250313e-14,"mixed-or-unchanged",84.18292480000001,84.18292480000001
0.5,-12,0.85,-0.36740389478707725,-0.17372658721309664,-0.28597528825020646,"narrows",84.4243576,84.18292480000001
0.5,-12,0.9,-0.732117959675882,-0.34685060271139045,-0.5703196033707503,"narrows",84.66579039999999,84.18292480000001
0.5,-12,0.95,-1.0941716260219336,-0.5193751761027765,-0.8530468583266559,"narrows",84.9072232,84.18292480000001
0.5,-12,1,-1.453593897368377,-0.6913034153600339,-1.1341708082861501,"narrows",85.148656,84.18292480000001
0.5,-10,0,3.8574183037853427,7.341079738727108,5.847032695866772,"widens",81.05,85.78902000000001
0.5,-10,0.05,3.6076320685646257,6.850829451755569,5.461634181355546,"widens",81.34618875000001,85.78902000000001
0.5,-10,0.1,3.3590444663027297,6.365036966497439,5.07903202598432,"widens",81.6423775,85.78902000000001
0.5,-10,0.15,3.1116468899477168,5.8836417565490295,4.699195905200515,"widens",81.93856625,85.78902000000001
0.5,-10,0.2,2.865430814657266,5.406584386310165,4.322095931337078,"widens",82.234755,85.78902000000001
0.5,-10,0.25,2.620387796819701,4.93380648652173,3.9477026457727993,"widens",82.53094374999999,85.78902000000001
0.5,-10,0.3,2.3765094730885394,4.46525073045807,3.5759870112610948,"widens",82.8271325,85.78902000000001
0.5,-10,0.35,2.133787559431166,4.00086081075457,3.2069204044226085,"widens",83.12332125,85.78902000000001
0.5,-10,0.4,1.8922138501906716,3.540581416850763,2.8404746083979804,"widens",83.41951,85.78902000000001
0.5,-10,0.45,1.6517802171613472,3.084358213029481,2.476621805656265,"widens",83.71569875,85.78902000000001
0.5,-10,0.5,1.4124786086769037,2.632137817034108,2.115334570955807,"widens",84.0118875,85.78902000000001
0.5,-10,0.55,1.174301048711679,2.1838677792465067,1.7565858644532861,"widens",84.30807625,85.78902000000001
0.5,-10,0.6,0.9372396359944579,1.7394965624077274,1.400349024957559,"widens",84.604265,85.78902000000001
0.5,-10,0.65,0.7012865431348159,1.2989735218659204,1.0465977633246748,"widens",84.90045375000001,85.78902000000001
0.5,-10,0.7,0.46643401576147436,0.8622488863352595,0.6953061559908491,"widens",85.1966425,85.78902000000001
0.5,-10,0.75,0.23267437167302507,0.42927373915004896,0.34644863863952935,"widens",85.49283125,85.78902000000001
0.5,-10,0.8,0,2.220446049250313e-14,2.220446049250313e-14,"mixed-or-unchanged",85.78902000000001,85.78902000000001
0.5,-10,0.85,-0.4256195928683093,-0.23159663962092347,-0.34406462422615913,"narrows",86.08520874999999,85.78902000000001
0.5,-10,0.9,-0.8476314999973145,-0.46212301786155985,-0.68576975731377,"narrows",86.3813975,85.78902000000001
0.5,-10,0.95,-1.2660813976250629,-0.6915865365055063,-1.025139587340551,"narrows",86.67758625,85.78902000000001
0.5,-10,1,-1.6810141941654977,-0.9199945292404088,-1.3621979728946854,"narrows",86.973775,85.78902000000001
0.5,-8,0,4.850241184847626,8.411686234468263,6.884261188554652,"widens",81.78,87.40994880000001
0.5,-8,0.05,4.533358683923128,7.844713800383962,6.426344468141054,"widens",82.13187180000001,87.40994880000001
0.5,-8,0.1,4.218385801059332,7.283640828541915,5.972334650436495,"widens",82.4837436,87.40994880000001
0.5,-8,0.15,3.9053053263141457,6.7283757178685955,5.522181947838822,"widens",82.83561540000001,87.40994880000001
0.5,-8,0.2,3.5941002559263024,6.178828753915089,5.075837415125095,"widens",83.1874872,87.40994880000001
0.5,-8,0.25,3.2847537892369827,5.634912060534303,4.6332529317109294,"widens",83.539359,87.40994880000001
0.5,-8,0.3,2.9772493256663646,5.096539553036283,4.194381184356155,"widens",83.8912308,87.40994880000001
0.5,-8,0.35,2.671570461744044,4.563626892768369,3.759175650304214,"widens",84.24310260000001,87.40994880000001
0.5,-8,0.4,2.367700988192145,4.036091443070466,3.327590580841888,"widens",84.59497440000001,87.40994880000001
0.5,-8,0.45,2.0656248870602134,3.5138522265568906,2.8995809852679466,"widens",84.94684620000001,87.40994880000001
0.5,-8,0.5,1.7653263289105103,2.9968298836782203,2.47510261525854,"widens",85.29871800000001,87.40994880000001
0.5,-8,0.55,1.4667896700528704,2.4849466325190583,2.0541119496178872,"widens",85.6505898,87.40994880000001
0.5,-8,0.6,1.1699994498283406,1.978126229788435,1.6365661794034203,"widens",86.0024616,87.40994880000001
0.5,-8,0.65,0.8749403879399598,1.476293932962136,1.2224231934143903,"widens",86.3543334,87.40994880000001
0.5,-8,0.7,0.5815973818303455,0.9793764635374069,0.8116415640342156,"widens",86.70620520000001,87.40994880000001
0.5,-8,0.75,0.2899555041049995,0.48730197136175324,0.4041805334156434,"widens",87.05807700000001,87.40994880000001
0.5,-8,0.8,0,2.220446049250313e-14,0,"mixed-or-unchanged",87.40994880000001,87.40994880000001
0.5,-8,0.85,-0.48259854689619575,-0.2882837151062301,-0.40093949463941847,"narrows",87.76182060000001,87.40994880000001
0.5,-8,0.9,-0.9605614382493521,-0.5749100581383448,-0.7986767786387627,"narrows",88.1136924,87.40994880000001
0.5,-8,0.95,-1.433955147280741,-0.8598932807274196,-1.1932500623784925,"narrows",88.4655642,87.40994880000001
0.5,-8,1,-1.9028448823293465,-1.1432474715731833,-1.5846969507203434,"narrows",88.817436,87.40994880000001
0.5,-6,0,5.842694911109025,9.481912825888728,7.921114046782196,"widens",82.50999999999999,89.04571119999999
0.5,-6,0.05,5.45759705756772,8.83692393526867,7.389461439603706,"widens",82.91848194999999,89.04571119999999
0.5,-6,0.1,5.075291323733411,8.199490159021906,6.863021322681373,"widens",83.3269639,89.04571119999999
0.5,-6,0.15,4.695747453246812,7.569479524186451,6.341717412614689,"widens",83.73544584999999,89.04571119999999
0.5,-6,0.2,4.318935625332898,6.946763113749865,5.825474907293304,"widens",84.1439278,89.04571119999999
0.5,-6,0.25,3.944826446990435,6.3312149787046135,5.314220450115581,"widens",84.55240975,89.04571119999999
0.5,-6,0.3,3.57339094534892,5.722712053122803,4.807882095239346,"widens",84.96089169999999,89.04571119999999
0.5,-6,0.35,3.204600560188786,5.1211340721302845,4.306389273830624,"widens",85.36937364999999,89.04571119999999
0.5,-6,0.4,2.838427136621058,4.526363492665664,3.8096727612761505,"widens",85.7778556,89.04571119999999
0.5,-6,0.45,2.4748429179220377,3.9382854169139447,3.3176646453287217,"widens",86.18633754999999,89.04571119999999
0.5,-6,0.5,2.113820538519584,3.3567875183104556,2.830298295153777,"widens",86.5948195,89.04571119999999
0.5,-6,0.55,1.7553330171270698,2.78175997001493,2.3475083312485046,"widens",87.00330145,89.04571119999999
0.5,-6,0.6,1.3993537500215592,2.2130953757597327,1.8692305962035638,"widens",87.4117834,89.04571119999999
0.5,-6,0.65,1.0458565044624057,1.6506887029813067,1.395402126281553,"widens",87.82026535,89.04571119999999
0.5,-6,0.7,0.6948154122472516,1.0944372181471484,0.9259611237844245,"widens",88.22874729999998,89.04571119999999
0.5,-6,0.75,0.3462049634018083,0.5442404241942977,0.4608469301853768,"widens",88.63722924999999,89.04571119999999
0.5,-6,0.8,0,2.220446049250313e-14,0,"mixed-or-unchanged",89.04571119999999,89.04571119999999
0.5,-6,0.85,-0.5383802581923391,-0.34382428988786184,-0.45663812462658493,"narrows",89.45419315,89.04571119999999
0.5,-6,0.9,-1.070994493465538,-0.6852923781229481,-0.9091248386394746,"narrows",89.86267509999999,89.04571119999999
0.5,-6,0.95,-1.5979348431088836,-1.0244284023042893,-1.3575164981227017,"narrows",90.27115705,89.04571119999999
0.5,-6,1,-2.1192914917539385,-1.3612561714562155,-1.8018684436977184,"narrows",90.679639,89.04571119999999
0.5,-4,0,6.834789598285007,10.551769179295412,8.957601153291694,"widens",83.24000000000001,90.69630719999999
0.5,-4,0.05,6.3803599870964955,9.827472839950113,8.350998012816735,"widens",83.7060192,90.69630719999999
0.5,-4,0.1,5.929779901014909,9.112605395933638,7.751111799141119,"widens",84.1720384,90.69630719999999
0.5,-4,0.15,5.483000631697377,8.40698391977346,7.1578315615787425,"widens",84.63805760000001,90.69630719999999
0.5,-4,0.2,5.039974289096927,7.710430185495509,6.5710487796514006,"widens",85.1040768,90.69630719999999
0.5,-4,0.25,4.6006537843503725,7.022770518544252,5.990657296913637,"widens",85.570096,90.69630719999999
0.5,-4,0.3,4.16499281309366,6.34383565141543,5.416553256928069,"widens",86.0361152,90.69630719999999
0.5,-4,0.35,3.7329458391923698,5.673460584749446,4.848635041310612,"widens",86.5021344,90.69630719999999
0.5,-4,0.4,3.3044680788756775,5.011484453645254,4.286803209767109,"widens",86.9681536,90.69630719999999
0.5,-4,0.45,2.879515485261619,4.3577503989679744,3.7309604420481257,"widens",87.4341728,90.69630719999999
0.5,-4,0.5,2.458044733262965,3.7121054434337886,3.1810114817496737,"widens",87.900192,90.69630719999999
0.5,-4,0.55,2.0400132048624675,3.074400372266184,2.6368630818925487,"widens",88.3662112,90.69630719999999
0.5,-4,0.6,1.6253789747472158,2.444489618228385,2.0984239522145343,"widens",88.8322304,90.69630719999999
0.5,-4,0.65,1.2141007962916062,1.8222311508456546,1.5656047081128888,"widens",89.2982496,90.69630719999999
0.5,-4,0.7,0.806138087879682,1.207486369640498,1.0383178211774036,"widens",89.7642688,90.69630719999999
0.5,-4,0.75,0.4014509195565008,0.6001200012121899,0.5164775712563241,"widens",90.230288,90.69630719999999
0.5,-4,0.8,0,2.220446049250313e-14,0,"mixed-or-unchanged",90.69630719999999,90.69630719999999
0.5,-4,0.85,-0.5930025474226053,-0.3982533361958418,-0.5111971341705601,"narrows",91.1623264,90.69630719999999
0.5,-4,0.9,-1.179013514668803,-0.7933471409353188,-1.0171943997207888,"narrows",91.62834559999999,90.69630719999999
0.5,-4,0.95,-1.7581558246126505,-1.1853188647407809,-1.5180707343344535,"narrows",92.0943648,90.69630719999999
0.5,-4,1,-2.3305495353497907,-1.574205368586501,-2.0139034859665284,"narrows",92.560384,90.69630719999999
0.5,-2,0,7.8265349958436925,11.621264635819738,9.993732047159698,"widens",83.97,92.36173679999999
0.5,-2,0.05,7.301659873274757,10.816373136940927,9.310966727602409,"widens",84.49448355,92.36173679999999
0.5,-2,0.1,6.7818699433025875,10.023006542003321,8.636625391324015,"widens",85.0189671,92.36173679999999
0.5,-2,0.15,6.267091661231539,9.2409190801499,7.970553091079924,"widens",85.54345065,92.36173679999999
0.5,-2,0.2,5.757252893750642,8.46987191934916,7.312598656515679,"widens",86.0679342,92.36173679999999
0.5,-2,0.25,5.252282885238224,7.70963292323259,6.662614579785209,"widens",86.59241775,92.36173679999999
0.5,-2,0.3,4.752112225027227,6.959976418086189,6.020456905300864,"widens",87.11690130000001,92.36173679999999
0.5,-2,0.35,4.25667281559956,6.22068296950542,5.385985123442505,"widens",87.64138485000001,92.36173679999999
0.5,-2,0.4,3.7658978416785116,5.491539168248916,4.759062068059872,"widens",88.16586840000001,92.36173679999999
0.5,-2,0.45,3.2797217401903334,4.772337424851991,4.139553817612285,"widens",88.69035195000001,92.36173679999999
0.5,-2,0.5,2.7980801710662417,4.062875772584484,3.5273295997950926,"widens",89.2148355,92.36173679999999
0.5,-2,0.55,2.3209099888574336,3.3629576783610116,2.922261699510864,"widens",89.73931905,92.36173679999999
0.5,-2,0.6,1.848149215137318,2.6723918612301834,2.32422537004886,"widens",90.26380259999999,92.36173679999999
0.5,-2,0.65,1.3797370116649832,1.9909921180922163,1.733098747343198,"widens",90.78828614999999,92.36173679999999
0.5,-2,0.7,0.9156136542859628,1.318577156310452,1.1487627671860956,"widens",91.31276969999999,92.36173679999999
0.5,-2,0.75,0.45572050754674187,0.6549704329008144,0.5711010852777365,"widens",91.83725324999999,92.36173679999999
0.5,-2,0.8,0,2.220446049250313e-14,0,"mixed-or-unchanged",92.36173679999999,92.36173679999999
0.5,-2,0.85,-0.6465016436722815,-0.45160439982082634,-0.5646516221929576,"narrows",92.88622034999999,92.36173679999999
0.5,-2,0.9,-1.2846976956261025,-0.8991482067789214,-1.1229624188711318,"narrows",93.41070389999999,92.36173679999999
0.5,-2,0.95,-1.914747186945287,-1.3426859418838033,-1.6750386013095864,"narrows",93.93518745,92.36173679999999
0.5,-2,1,-2.5368051144049275,-1.7822711544328018,-2.220984021847794,"narrows",94.459671,92.36173679999999
0.5,0,0,8.817940503432498,12.690408224977334,11.02951593860686,"widens",84.7,94.042
0.5,0,0.05,8.221508737657256,11.80363710255936,10.269379762587016,"widens",85.283875,94.042
0.5,0,0.1,7.631579423869805,10.930713181279428,9.519580983547392,"widens",85.86775,94.042
0.5,0,0.15,7.048046801487184,10.071314631477257,8.77991015206483,"widens",86.45162499999999,94.042
0.5,0,0.2,6.4708073911143416,9.225129519893628,8.05016343905649,"widens",87.0355,94.042
0.5,0,0.25,5.899759933369264,8.391855432174133,7.3301424485166855,"widens",87.619375,94.042
0.5,0,0.3,5.334805329666326,7.5711991125215095,6.61965403769138,"widens",88.20325,94.042
0.5,0,0.35,4.775846584884991,6.762876119594585,5.918510144348099,"widens",88.787125,94.042
0.5,0,0.4,4.2227887518541785,5.966610497805713,5.22652762081659,"widens",89.371,94.042
0.5,0,0.45,3.6755388775858266,5.182134463218402,4.54352807449292,"widens",89.954875,94.042
0.5,0,0.5,3.134005951193286,4.409188103294492,3.8693377145145202,"widens",90.53875000000001,94.042
0.5,0,0.55,2.598100853433638,3.64751908978338,3.2037872043304327,"widens",91.122625,94.042
0.5,0,0.6,2.0677363078148936,2.8968824040871866,2.5467115199031776,"widens",91.7065,94.042
0.5,0,0.65,1.5428268332119188,2.1570400744737483,1.8979498132930983,"widens",92.290375,94.042
0.5,0,0.7,1.0232886979369527,1.4277609245457734,1.2573452813885444,"widens",92.87425,94.042
0.5,0,0.75,0.5090398752129577,0.7088203324072451,0.624745039556518,"widens",93.458125,94.042
0.5,0,0.8,0,2.220446049250313e-14,2.220446049250313e-14,"mixed-or-unchanged",94.042,94.042
0.5,0,0.85,-0.6989122678862869,-0.5039096728729819,-0.6170352453808148,"narrows",94.625875,94.042
0.5,0,0.9,-1.3881227754019676,-1.002766309317027,-1.2265025378178085,"narrows",95.20975,94.042
0.5,0,0.95,-2.067832138666015,-1.4966455353761954,-1.8285402603774314,"narrows",95.79362499999999,94.042
0.5,0,1,-2.7382354804556086,-1.985621475447663,-2.423283442712232,"narrows",96.3775,94.042
0.5,2,0,9.809015186428383,13.759208677554602,12.064961723048118,"widens",85.43,95.7370968
0.5,2,0.05,9.139918239269296,12.789276681026674,11.226248950432339,"widens",86.07419355000002,95.7370968
0.5,2,0.1,8.478925897014333,11.83574449491067,10.399997049760623,"widens",86.7183871,95.7370968
0.5,2,0.15,7.825891792522666,10.898199669033337,9.585930369377182,"widens",87.36258065000001,95.7370968
0.5,2,0.2,7.180673062035603,9.976243468899293,8.783781328505968,"widens",88.00677420000001,95.7370968
0.5,2,0.25,6.543130240980277,9.069490310262672,7.993290124009933,"widens",88.65096775,95.7370968
0.5,2,0.3,5.913127163471121,8.177567221442072,7.214204449844042,"widens",89.2951613,95.7370968
0.5,2,0.35,5.290530865354892,7.300113331802893,6.446279228563956,"widens",89.93935485000002,95.7370968
0.5,2,0.4,4.675211490656128,6.436779384933877,5.689276354292172,"widens",90.5835484,95.7370968
0.5,2,0.45,4.067042201283599,5.587227275137718,4.9429644465731615,"widens",91.22774195000001,95.7370968
0.5,2,0.5,3.46589908986612,4.751129605943705,4.2071186145849815,"widens",91.8719355,95.7370968
0.5,2,0.55,2.8716610955923816,3.9281692694311587,3.4815202312012516,"widens",92.51612905,95.7370968
0.5,2,0.6,2.2842099229342105,3.118039045228227,2.7659567164272536,"widens",93.1603226,95.7370968
0.5,2,0.65,1.703429963138614,2.320441218120517,2.060221329759515,"widens",93.80451615000001,95.7370968
0.5,2,0.7,1.129208218379718,1.5350872132700921,1.3641129710425304,"widens",94.4487097,95.7370968
0.5,2,0.75,0.5614342284655516,0.7616972481053086,0.6774359894201831,"widens",95.09290325,95.7370968
0.5,2,0.8,0,2.220446049250313e-14,0,"mixed-or-unchanged",95.7370968,95.7370968
0.5,2,0.85,-0.7502677110877043,-0.5552000620953956,-0.6683802921300108,"narrows",96.38129035,95.7370968
0.5,2,0.9,-1.4893612257968258,-1.1042692207912541,-1.3278852608742397,"narrows",97.0254839,95.7370968
0.5,2,0.95,-2.217528335098251,-1.6473084709786368,-1.9786905214152606,"narrows",97.66967745000001,95.7370968
0.5,2,1,-2.9350095572742263,-2.184416601399408,-2.620967086119508,"narrows",98.31387099999999,95.7370968
0.5,4,0,10.799767790666316,14.827674437861372,13.100077994428982,"widens",86.16,97.44702720000001
0.5,4,0.05,10.056899690405663,13.773303497869872,12.181585792292871,"widens",86.86543920000001,97.44702720000001
0.5,4,0.1,9.323926515255533,12.738119276156823,11.277891669521045,"widens",87.57087840000001,97.44702720000001
0.5,4,0.15,8.600651874124686,11.721602774821772,10.388640860116727,"widens",88.2763176,97.44702720000001
0.5,4,0.2,7.886884538968109,10.72325354711776,9.513489848292146,"widens",88.9817568,97.44702720000001
0.5,4,0.25,7.18243827622671,9.742588875923076,8.652105926023147,"widens",89.687196,97.44702720000001
0.5,4,0.3,6.487131684827885,8.779142995486456,7.804166771321208,"widens",90.3926352,97.44702720000001
0.5,4,0.35,5.800788040450922,7.832466353810386,6.969360046099937,"widens",91.0980744,97.44702720000001
0.5,4,0.4,5.123235145776328,6.902124913217467,6.147383012582197,"widens",91.8035136,97.44702720000001
0.5,4,0.45,4.454305186452734,5.987699486814302,5.337942167258003,"widens",92.5089528,97.44702720000001
0.5,4,0.5,3.7938345925280004,5.088785108720839,4.540752891463384,"widens",93.214392,97.44702720000001
0.5,4,0.55,3.141663905104508,4.204990436078315,3.7555391177065856,"widens",93.9198312,97.44702720000001
0.5,4,0.6,2.4976376479901807,3.3359371809798866,2.98203301091966,"widens",94.6252704,97.44702720000001
0.5,4,0.65,1.861604204127909,2.4812595705919094,2.2199746638621454,"widens",95.3307096,97.44702720000001
0.5,4,0.7,1.2334156965978726,1.6406038338470097,1.4691118059494856,"widens",96.03614879999999,97.44702720000001
0.5,4,0.75,0.6129278739955835,0.8136277131955305,0.7291995248207117,"widens",96.74158800000001,97.44702720000001
0.5,4,0.8,0,0,0,"mixed-or-unchanged",97.44702720000001,97.44702720000001
0.5,4,0.85,-0.8005999077529635,-0.6055052530467231,-0.7187177519565546,"narrows",98.15246640000001,97.44702720000001
0.5,4,0.9,-1.5884824266633624,-1.2037219067162153,-1.4271781214025614,"narrows",98.85790560000001,97.44702720000001
0.5,4,0.95,-2.363948189214471,-1.7947807753888934,-2.1255991391723517,"narrows",99.5633448,97.44702720000001
0.5,4,1,-3.1272884262447342,-2.3788095616201432,-2.8141927002924505,"narrows",100.26878400000001,97.44702720000001
0.5,6,0,11.790206756395394,15.895813675385128,14.134873057889319,"widens",86.89,99.17179120000002
0.5,6,0.05,10.972464071601129,14.755728872670804,13.135401471543307,"widens",87.65761195,99.17179120000002
0.5,6,0.1,10.166598045636931,13.637855944676613,12.153282543172628,"widens",88.4252239,99.17179120000002
0.5,6,0.15,9.37235180413789,12.541552034365866,11.188068251111694,"widens",89.19283585,99.17179120000002
0.5,6,0.2,8.589475827459525,11.466198855123944,10.239325865160964,"widens",89.9604478,99.17179120000002
0.5,6,0.25,7.817727689326959,10.411201527996283,9.306637299713705,"widens",90.72805975,99.17179120000002
0.5,6,0.3,7.05687180654988,9.37598748433901,8.389598499444674,"widens",91.4956717,99.17179120000002
0.5,6,0.35,6.3066791992606674,8.360005429627893,7.4878188556646075,"widens",92.26328365,99.17179120000002
0.5,6,0.4,5.566927261163057,7.362724364487061,6.600920651569031,"widens",93.0308956,99.17179120000002
0.5,6,0.45,4.837399539307041,6.383632659283123,5.728538534726413,"widens",93.79850755,99.17179120000002
0.5,6,0.5,4.117885522932396,5.422237178897538,4.870319015257918,"widens",94.5661195,99.17179120000002
0.5,6,0.55,3.4081804409481276,4.478062454530685,4.025919988260385,"widens",95.33373145,99.17179120000002
0.5,6,0.6,2.7080850676385992,3.5506498996152436,3.195010279117527,"widens",96.1013434,99.17179120000002
0.5,6,0.65,2.017405536209016,2.6395570671229107,2.377269210429267,"widens",96.86895535,99.17179120000002
0.5,6,0.7,1.3359531598036822,1.7443569457362695,1.5723861893698787,"widens",97.6365673,99.17179120000002
0.5,6,0.75,0.6635442596500729,0.8646372925342538,0.7800603143590878,"widens",98.40417925,99.17179120000002
0.5,6,0.8,0,2.220446049250313e-14,2.220446049250313e-14,"mixed-or-unchanged",99.17179120000002,99.17179120000002
0.5,6,0.85,-0.8499395046911551,-0.6548537704443191,-0.7680773806982399,"narrows",99.93940315,99.17179120000002
0.5,6,0.9,-1.6855528300076528,-1.3011866709136233,-1.524445837735855,"narrows",100.70701509999999,99.17179120000002
0.5,6,0.95,-2.5071991617986678,-1.9391639350454626,-2.269371090041361,"narrows",101.47462705000001,99.17179120000002
0.5,6,1,-3.3152257780915573,-2.568946551713458,-3.0031108767091585,"narrows",102.242239,99.17179120000002
0.5,8,0,12.780340231510113,16.963634295880993,15.169354941794143,"widens",87.62,100.91138880000001
0.5,8,0.05,11.886622045822604,15.73656383119706,14.087706866820282,"widens",88.45071180000001,100.91138880000001
0.5,8,0.1,11.006956885188512,14.53497256013243,13.026187006274403,"widens",89.28142360000001,100.91138880000001
0.5,8,0.15,10.141015875876613,13.35807505273181,11.984238695557558,"widens",90.1121354,100.91138880000001
0.5,8,0.2,9.288480326613048,12.205117833256974,10.961325609343797,"widens",90.94284720000002,100.91138880000001
0.5,8,0.25,8.449041337526687,11.075377771527805,9.956930841049783,"widens",91.773559,100.91138880000001
0.5,8,0.3,7.622399426979087,9.96816057047505,8.970556031849885,"widens",92.60427080000001,100.91138880000001
0.5,8,0.35,6.808264175332401,8.882799343258618,8.001720546154424,"widens",93.43498260000001,100.91138880000001
0.5,8,0.4,6.006353884764337,7.818653273823339,7.049960690683688,"widens",94.26569440000002,100.91138880000001
0.5,8,0.45,5.216395254293693,6.775106355239324,6.114828974472886,"widens",95.0964062,100.91138880000001
0.5,8,0.5,4.438123069228461,5.751566200607527,5.19589340732618,"widens",95.92711800000001,100.91138880000001
0.5,8,0.55,3.67127990429561,4.7474629217077124,4.292736834409672,"widens",96.75782980000001,100.91138880000001
0.5,8,0.6,2.9156158397542375,3.762248070928176,3.4049563048291542,"widens",97.58854160000001,100.91138880000001
0.5,8,0.65,2.1708881898341303,2.795393642350086,2.5321624721855507,"widens",98.41925340000002,100.91138880000001
0.5,8,0.7,1.4368612428807603,1.8463911281635381,1.6739790252339848,"widens",99.2499652,100.91138880000001
0.5,8,0.75,0.7133060126211177,0.9147506268720962,0.8300421468971475,"widens",100.08067700000001,100.91138880000001
0.5,8,0.8,0,2.220446049250313e-14,2.220446049250313e-14,"mixed-or-unchanged",100.91138880000001,100.91138880000001
0.5,8,0.85,-0.898315925747939,-0.7032730349344929,-0.8164877618026867,"narrows",101.7421006,100.91138880000001
0.5,8,0.9,-1.7806361137068016,-1.3967232915865657,-1.6197504593331913,"narrows",102.5728124,100.91138880000001
0.5,8,0.95,-2.6473840324847453,-2.0805551382745646,-2.41010683076891,"narrows",103.4035242,100.91138880000001
0.5,8,1,-3.4989683336573263,-2.7549673130363495,-3.187865453342986,"narrows",104.23423600000001,100.91138880000001
0.5,10,0,13.77017608409985,18.031143951928954,16.203531409168104,"widens",88.35000000000001,102.66582000000002
0.5,10,0.05,12.79938397193019,16.71581911695079,15.03851256441715,"widens",89.24473875000001,102.66582000000002
0.5,10,0.1,11.845019075599229,15.429486835151573,13.896622043321694,"widens",90.13947750000001,102.66582000000002
0.5,10,0.15,10.906667934672543,14.171198969824129,12.777177888868806,"widens",91.03421625000001,102.66582000000002
0.5,10,0.2,9.98393084858371,12.940048280710691,11.679524693824739,"widens",91.928955,102.66582000000002
0.5,10,0.25,9.076421308950744,11.735166242517847,10.603032321152405,"widens",92.82369375,102.66582000000002
0.5,10,0.3,8.18376545976751,10.555721001594986,9.547094697726632,"widens",93.7184325,102.66582000000002
0.5,10,0.35,7.3056015838857125,9.400915460673032,8.511128676494927,"widens",94.61317125000001,102.66582000000002
0.5,10,0.4,6.441579614306181,8.269985482397146,7.4945729625954804,"widens",95.50791000000001,102.66582000000002
0.5,10,0.45,5.591360668891698,7.1621982031449205,6.496887099276938,"widens",96.40264875000001,102.66582000000002
0.5,10,0.5,4.754616607202644,6.076850449311588,5.517550509770874,"widens",97.29738750000001,102.66582000000002
0.5,10,0.55,3.9310296082376794,5.01326724886999,4.556061591547422,"widens",98.19212625000002,102.66582000000002
0.5,10,0.6,3.1202917679379105,3.970800431585042,3.6119368596433166,"widens",99.08686500000002,102.66582000000002
0.5,10,0.65,2.322104715384188,2.9488273117830532,2.6847101359884107,"widens",99.98160375,102.66582000000002
0.5,10,0.7,1.5361792466814572,1.9467494480500003,1.773931781874416,"widens",100.87634250000002,102.66582000000002
0.5,10,0.75,0.7622349755877611,0.963991474668835,0.8791679709111877,"widens",101.77108125000001,102.66582000000002
0.5,10,0.8,0,2.220446049250313e-14,0,"mixed-or-unchanged",102.66582000000002,102.66582000000002
0.5,10,0.85,-0.9457574326256823,-0.7507894165360907,-0.8639763639745501,"narrows",103.56055875000001,102.66582000000002
0.5,10,0.9,-1.8737933256024797,-1.4903891490757104,-1.7131515038765643,"narrows",104.4552975,102.66582000000002
0.5,10,0.95,-2.7846011531277193,-2.2190475020220535,-2.5479025404701705,"narrows",105.35003625000002,102.66582000000002
0.5,10,1,-3.678656236179556,-2.9370054870644036,-3.3685938908525004,"narrows",106.244775,102.66582000000002
0.5,12,0,14.759721914357705,19.098350052988078,17.237409968567576,"widens",89.08,104.43508480000001
0.5,12,0.05,13.710759917450277,17.693505202166747,15.987828870069176,"widens",90.0396928,104.43508480000001
0.5,12,0.1,12.680800317147266,16.3214161476785,14.76460430080091,"widens",90.99938560000001,104.43508480000001
0.5,12,0.15,11.669331393610328,14.980950474994238,13.56691108378918,"widens",91.95907840000001,104.43508480000001
0.5,12,0.2,10.675859637165107,13.671027373818179,12.393958132756723,"widens",92.91877120000001,104.43508480000001
0.5,12,0.25,9.699908945405976,12.390614731687233,11.244986709624904,"widens",93.87846400000001,104.43508480000001
0.5,12,0.3,8.74101986240965,11.138726421811684,10.119268787813485,"widens",94.83815680000001,104.43508480000001
0.5,12,0.35,7.798748857503313,9.914419770179506,9.016105513917516,"widens",95.7978496,104.43508480000001
0.5,12,0.4,6.872667641208641,8.716793188250493,7.934825760932096,"widens",96.7575424,104.43508480000001
0.5,12,0.45,5.9623625161452365,7.544983958747853,6.8747847667306905,"widens",97.7172352,104.43508480000001
0.5,12,0.5,5.067433760826479,6.398166163117969,5.835362851993109,"widens",98.676928,104.43508480000001
0.5,12,0.55,4.187495044419753,5.275548740195979,4.815964212226698,"widens",99.6366208,104.43508480000001
0.5,12,0.6,3.3221728706705145,4.176373666487132,3.8160157789320692,"widens",100.5963136,104.43508480000001
0.5,12,0.65,2.47110604930898,3.09991424926781,2.834966145340667,"widens",101.5560064,104.43508480000001
0.5,12,0.7,1.6339451933674365,2.0454735244289424,1.8722845524912435,"widens",102.51569920000001,104.43508480000001
0.5,12,0.75,0.8103522409386388,1.0123827516391515,0.9274599317294685,"widens",103.475392,104.43508480000001
0.5,12,0.8,0,2.220446049250313e-14,0,"mixed-or-unchanged",104.43508480000001,104.43508480000001
0.5,12,0.85,-0.9922911820920755,-0.7974282849841363,-0.9105695954331638,"narrows",105.3947776,104.43508480000001
0.5,12,0.9,-1.9650830186691004,-1.5822393458880146,-1.804706085960639,"narrows",106.35447040000001,104.43508480000001
0.5,12,0.95,-2.9189446848405742,-2.3547302843080598,-2.682850347194432,"narrows",107.3141632,104.43508480000001
0.5,12,1,-3.8544234172972813,-3.1151889465646954,-3.5454276238208404,"narrows",108.27385600000001,104.43508480000001
0.5,14,0,15.748985065885801,20.165259774975297,18.27099788442268,"widens",89.81000000000002,106.21918320000002
0.5,14,0.05,14.620759670701823,18.669632298290416,16.935665820164036,"widens",90.83557395000001,106.21918320000002
0.5,14,0.1,13.51431598193118,17.210777552752667,15.630150099615703,"widens",91.86114790000002,106.21918320000002
0.5,14,0.15,12.429029248498335,15.787355820997927,14.353463104802211,"widens",92.88672185000001,106.21918320000002
0.5,14,0.2,11.364298385519799,14.398091683573554,13.10466035907516,"widens",93.91229580000001,106.21918320000002
0.5,14,0.25,10.319544864193597,13.041770207308346,11.882838196925082,"widens",94.93786975000002,106.21918320000002
0.5,14,0.3,9.294211663594387,11.71723340165325,10.687131583211396,"widens",95.96344370000001,106.21918320000002
0.5,14,0.35,8.287762280383504,10.423376921268023,9.516712070750621,"widens",96.98901765000001,106.21918320000002
0.5,14,0.4,7.299679792735225,9.159146995118883,8.370785886129228,"widens",98.01459160000002,106.21918320000002
0.5,14,0.45,6.329465975047244,7.923537564139882,7.248592134446397,"widens",99.04016555000001,106.21918320000002
0.5,14,0.5,5.376640460250215,6.715587611117124,6.149401114454345,"widens",100.06573950000002,106.21918320000002
0.5,14,0.55,4.440739946756511,5.53437866790194,5.072512736256263,"widens",101.09131345000002,106.21918320000002
0.5,14,0.6,3.5213174472983333,4.379032486364376,4.01725503435193,"widens",102.11688740000002,106.21918320000002
0.5,14,0.65,2.617941577095184,3.24870886067421,2.9829827693946154,"widens",103.14246135000002,106.21918320000002
0.5,14,0.7,1.7301958789698757,2.1426035895617312,1.9690761125452427,"widens",104.1680353,106.21918320000002
0.5,14,0.75,0.85767818319471,1.0599465681723208,0.9749394067872119,"widens",105.19360925000001,106.21918320000002
0.5,14,0.8,-1.1102230246251565e-14,0,-1.1102230246251565e-14,"mixed-or-unchanged",106.21918320000002,106.21918320000002
0.5,14,0.85,-1.0379432798241606,-0.8432140571825175,-0.9562928550116201,"narrows",107.24475715000001,106.21918320000002
0.5,14,0.9,-2.054561377896602,-1.6723268195406815,-1.8944690379726903,"narrows",108.27033110000002,106.21918320000002
0.5,14,0.95,-3.05050481991449,-2.4876890834463983,-2.815038540183634,"narrows",109.29590505000002,106.21918320000002
0.5,14,1,-4.026397938821735,-3.2896401053335134,-3.7184923889571952,"narrows",110.32147900000002,106.21918320000002
0.5,16,0,16.737972636433508,21.231880069394848,19.304302186878708,"widens",90.53999999999999,108.0181152
0.5,16,0.05,15.529392752313488,19.644210365965066,17.88203319241002,"widens",91.6323822,108.0181152
0.5,16,0.1,14.345581126444106,18.097587793742864,16.493275446920407,"widens",92.7247644,108.0181152
0.5,16,0.15,13.185784092120013,16.590440837339337,15.136858361880723,"widens",93.8171466,108.0181152
0.5,16,0.2,12.049278253102136,15.12127719243166,13.811665241351378,"widens",94.9095288,108.0181152
0.5,16,0.25,10.935368978986816,13.688678837150082,12.51663021582976,"widens",96.00191099999999,108.0181152
0.5,16,0.3,9.843388989439639,12.291297466939355,11.250735383076037,"widens",97.0942932,108.0181152
0.5,16,0.35,8.772697021229225,10.927850262001005,10.013008139798995,"widens",98.18667539999998,108.0181152
0.5,16,0.4,7.722676572466858,9.597115959388368,8.802518689500527,"widens",99.2790576,108.0181152
0.5,16,0.45,6.692734718884408,8.297931204474352,7.618377713059377,"widens",100.37143979999999,108.0181152
0.5,16,0.5,5.6823009973747896,7.029187158881212,6.459734189788358,"widens",101.463822,108.0181152
0.5,16,0.55,4.690826352377941,5.789826344084381,5.325773357746799,"widens",102.5562042,108.0181152
0.5,16,0.6,3.7177821410233403,4.5788397018057925,4.215714803033732,"widens",103.64858639999999,108.0181152
0.5,16,0.65,2.762659193241568,3.3952638540220903,3.1288106686460537,"widens",104.7409686,108.0181152
0.5,16,0.7,1.824966923334026,2.2381785469503646,2.064343974262628,"widens",105.83335079999998,108.0181152
0.5,16,0.75,0.9042324897430731,1.106704264759184,1.0216270390215554,"widens",106.925733,108.0181152
0.5,16,0.8,-1.1102230246251565e-14,2.220446049250313e-14,-1.1102230246251565e-14,"mixed-or-unchanged",108.0181152,108.0181152
0.5,16,0.85,-1.082738831118768,-0.888170241959052,-1.0011705803111726,"narrows",109.11049739999999,108.0181152
0.5,16,0.9,-2.142282339475843,-1.7607024487191203,-1.9824930237122396,"narrows",110.20287959999999,108.0181152
0.5,16,0.95,-3.179367989738202,-2.618006024983943,-2.94455176886963,"narrows",111.29526179999998,108.0181152
0.5,16,1,-4.194702312125431,-3.4604762081048013,-3.887908532009088,"narrows",112.38764399999998,108.0181152
0.5,18,0,17.726691488100286,22.298217672042764,20.33732968116575,"widens",91.27000000000001,109.8318808
0.5,18,0.05,16.436668426167223,20.617249124553826,18.826940515992007,"widens",92.43011755,109.8318808
0.5,18,0.1,15.174610503527596,18.98186331306775,17.35399604739316,"widens",93.5902351,109.8318808
0.5,18,0.15,13.939618127806064,17.39023094303196,15.917120863612944,"widens",94.75035265,109.8318808
0.5,18,0.2,12.730829881818995,15.840619310422642,14.515006099928351,"widens",95.9104702,109.8318808
0.5,18,0.25,11.547420519824314,14.33138600958037,13.146405462039645,"widens",97.07058775,109.8318808
0.5,18,0.3,10.388599088668716,12.86097312658585,11.810131531245327,"widens",98.2307053,109.8318808
0.5,18,0.35,9.25360716484227,11.427901875019364,10.505052328380016,"widens",99.39082285,109.8318808
0.5,18,0.4,8.141717199183685,10.030767635276039,9.230088115615454,"widens",100.55094040000002,109.8318808
0.5,18,0.45,7.052230961644446,8.66823536245569,7.984208417134053,"widens",101.71105795,109.8318808
0.5,18,0.5,5.98447807912541,7.339035331269428,6.766429241396166,"widens",102.8711755,109.8318808
0.5,18,0.55,4.937814659952378,6.041959189455359,5.575810489265054,"widens",104.03129305,109.8318808
0.5,18,0.6,3.9116219990596113,4.775856293919145,4.411453533640497,"widens",105.19141059999998,109.8318808
0.5,18,0.65,2.9053053584098487,3.5396303062487533,3.272498957505565,"widens",106.35152815,109.8318808
0.5,18,0.7,1.9182928176000091,2.3322360264308895,2.1581244384206943,"widens",107.5116457,109.8318808
0.5,18,0.75,0.9500341899844056,1.1526764455498162,1.0675427685213235,"widens",108.67176325000001,109.8318808
0.5,18,0.8,0,0,0,"mixed-or-unchanged",109.8318808,109.8318808
0.5,18,0.85,-1.1267019886797236,-0.9323194823008918,-1.045226293107837,"narrows",110.99199835,109.8318808
0.5,18,0.9,-2.2282977028279305,-1.8474151532094307,-2.0688286452561044,"narrows",112.1521159,109.8318808
0.5,18,0.95,-3.305617059738686,-2.7457599372385233,-3.071471229570044,"narrows",113.31223345,109.8318808
0.5,18,1,-4.359453796844925,-3.627809602100107,-4.053791294982667,"narrows",114.47235099999999,109.8318808
0.5,20,0,18.715148257034862,23.364279111309582,21.37008695652174,"widens",92,111.66047999999999
0.5,20,0.05,17.342595709800968,21.58875806122216,19.77039708124466,"widens",93.22878,111.66047999999999
0.5,20,0.1,16.00141857374244,19.86362026243029,18.212327313980992,"widens",94.45756,111.66047999999999
0.5,20,0.15,14.690553182367339,18.186751158809635,16.694274229738525,"widens",95.68634,111.66047999999999
0.5,20,0.2,13.40898341147161,16.556152890617447,15.214715722376448,"widens",96.91512,111.66047999999999
0.5,20,0.25,12.155738052268106,14.969936353868118,13.77220591396917,"widens",98.1439,111.66047999999999
0.5,20,0.3,10.929888356784101,13.426313899388376,12.36537044185586,"widens",99.37267999999999,111.66047999999999
0.5,20,0.35,9.730545742489682,11.923592612229307,10.992902091082946,"widens",100.60146,111.66047999999999
0.5,20,0.4,8.55685964423496,10.460168118316915,9.653556743065717,"widens",101.83024,111.66047999999999
0.5,20,0.45,7.4080155025832095,9.034518870707675,8.346149614075514,"widens",103.05902,111.66047999999999
0.5,20,0.5,6.283232878541911,7.645200872671576,7.069551759649739,"widens",104.2878,111.66047999999999
0.5,20,0.55,5.181763685522078,6.290842799130059,5.8226868232461815,"widens",105.51657999999999,111.66047999999999
0.5,20,0.6,4.102890530108483,4.970141481801149,4.604528009461029,"widens",106.74535999999999,111.66047999999999
0.5,20,0.65,3.0459251539079135,3.6818577268056485,3.414095263921535,"widens",107.97414,111.66047999999999
0.5,20,0.7,2.0102069693634483,2.4248124365189305,2.250452643573997,"widens",109.20292,111.66047999999999
0.5,20,0.75,0.9951016829898851,1.1978830101568416,1.112705862537644,"widens",110.4317,111.66047999999999
0.5,20,0.8,2.220446049250313e-14,2.220446049250313e-14,2.220446049250313e-14,"mixed-or-unchanged",111.66047999999999,111.66047999999999
0.5,20,0.85,-1.16985599767786,-0.9756835952361653,-1.0884826421928784,"narrows",112.88926,111.66047999999999
0.5,20,0.9,-2.3126572359749686,-1.9325119880291286,-2.1535245435340356,"narrows",114.11804,111.66047999999999
0.5,20,0.95,-3.429331512280287,-2.871026516240782,-3.195874840762847,"narrows",115.34682000000001,111.66047999999999
0.5,20,1,-4.520764680446209,-3.7917479915654417,-4.216251085132738,"narrows",116.57560000000001,111.66047999999999
0.5,22,0,19.70334936265936,24.43007071610188,22.402580394694272,"widens",92.73,113.50391280000001
0.5,22,0.05,18.247183384302268,22.55874643960418,20.71241194886806,"widens",94.02836955000001,113.50391280000001
0.5,22,0.1,16.82601951618894,20.742874512591847,19.06828437814465,"widens",95.3267391,113.50391280000001
0.5,22,0.15,15.438610718424695,18.980026118815086,17.4683417031273,"widens",96.62510865,113.50391280000001
0.5,22,0.2,14.083768494518733,17.2679122439769,15.910826378305675,"widens",97.9234782,113.50391280000001
0.5,22,0.25,12.760359495771079,15.604373759724544,14.394072851762619,"widens",99.22184775000001,113.50391280000001
0.5,22,0.3,11.467302359290766,13.987372339833982,12.9165016239972,"widens",100.5202173,113.50391280000001
0.5,22,0.35,10.203564761103511,12.414982128230601,11.476613761311505,"widens",101.81858685,113.50391280000001
0.5,22,0.4,8.968160667471437,10.885382087236106,10.072985823697177,"widens",103.1169564,113.50391280000001
0.5,22,0.45,7.7601477690423915,9.396848962120675,8.704265171141778,"widens",104.41532595000001,113.50391280000001
0.5,22,0.5,6.578625083797207,7.94775080481569,7.369165615821283,"widens",105.7136955,113.50391280000001
0.5,22,0.55,5.422730715979651,6.536541005616225,6.066463390802501,"widens",107.01206505,113.50391280000001
0.5,22,0.6,4.29163975929443,5.161752786986984,4.794993408696024,"widens",108.31043460000001,113.50391280000001
0.5,22,0.65,3.1845623336531848,3.8219941182608075,3.5536457862176185,"widens",109.60880415000001,113.50391280000001
0.5,22,0.7,2.1007417456490485,2.51594301416711,2.341362612867681,"widens",110.9071737,113.50391280000001
0.5,22,0.75,1.0394527637572537,1.2423431838110233,1.1571349439547518,"widens",112.20554325,113.50391280000001
0.5,22,0.8,-1.1102230246251565e-14,0,0,"mixed-or-unchanged",113.50391280000001,113.50391280000001
0.5,22,0.85,-1.2122232382647091,-1.018283609513282,-1.1309614438166138,"narrows",114.80228235000001,113.50391280000001
0.5,22,0.9,-2.395408774710972,-2.016038232147088,-2.236627493045107,"narrows",116.1006519,113.50391280000001
0.5,22,0.95,-3.5505876183841267,-2.993878480821943,-3.3178374077495354,"narrows",117.39902145,113.50391280000001
0.5,22,1,-4.678742540070912,-3.952394676530002,-4.3753937270617715,"narrows",118.69739100000001,113.50391280000001
0.5,24,0,20.691301016444918,25.495598623404312,23.43481617804408,"widens",93.46000000000001,115.3621792
0.5,24,0.05,19.15044000372066,23.527223308075374,21.65299395871212,"widens",94.8288862,115.3621792
0.5,24,0.1,17.64842723880806,21.619641662710887,19.921882099631638,"widens",96.1977724,115.3621792
0.5,24,0.15,16.18381184616915,19.77008008179475,18.239346161230507,"widens",97.56665860000001,115.3621792
0.5,24,0.2,14.755214310197552,17.97593115361682,16.60336983356865,"widens",98.93554480000002,115.3621792
0.5,24,0.25,13.361322141295773,16.23474139612089,15.012046875576202,"widens",100.30443100000002,115.3621792
0.5,24,0.3,12.00088585401755,14.544200062986246,13.463573705451992,"widens",101.67331720000001,115.3621792
0.5,24,0.35,10.672715231371676,12.90212891254512,11.956242581668231,"widens",103.0422034,115.3621792
0.5,24,0.4,9.37567585181036,11.306472844281124,10.488435320379995,"widens",104.41108960000001,115.3621792
0.5,24,0.45,8.108685857602783,9.75529131827333,9.05861750064798,"widens",105.7799758,115.3621792
0.5,24,0.5,6.870712945244173,8.246750482257802,7.6653331138505365,"widens",107.148862,115.3621792
0.5,24,0.55,5.6607715603043784,6.77911593914744,6.30719961806212,"widens",108.5177482,115.3621792
0.5,24,0.6,4.47792028069498,5.350746095039516,4.982903362085334,"widens",109.88663439999999,115.3621792
0.5,24,0.65,3.3212593737532936,3.960086034072563,3.6911953472985592,"widens",111.25552060000001,115.3621792
0.5,24,0.7,2.1899285138209157,2.6056618720845304,2.430887298577966,"widens",112.6244068,115.3621792
0.5,24,0.75,1.0831046481483142,1.2860755459685125,1.2008480183127945,"widens",113.99329300000001,115.3621792
0.5,24,0.8,0,2.220446049250313e-14,0,"mixed-or-unchanged",115.3621792,115.3621792
0.5,24,0.85,-1.2538252657056659,-1.0601398012205276,-1.1726837198900442,"narrows",116.7310654,115.3621792
0.5,24,0.9,-2.4765983159953597,-2.0980374721542128,-2.3181824911094995,"narrows",118.0999516,115.3621792
0.5,24,0.95,-3.6694585990578066,-3.1143857185302215,-3.4374307774508117,"narrows",119.46883779999999,115.3621792
0.5,24,1,-4.833490487962033,-4.1098487769197884,-4.5313206991551835,"narrows",120.83772400000001,115.3621792
0.5,26,0,21.679009230264757,26.560868785499547,24.466800297271483,"widens",94.19000000000001,117.23527920000001
0.5,26,0.05,20.0523739040269,24.49419750765154,22.592151738152634,"widens",95.63032995,117.23527920000001
0.5,26,0.1,18.468655388192666,22.493937049268453,20.773135075802674,"widens",97.07065990000001,117.23527920000001
0.5,26,0.15,16.9261773345847,20.556936941824166,19.007310127033517,"widens",98.51098985,117.23527920000001
0.5,26,0.2,15.423349578038792,18.680242888516773,17.292377363885514,"widens",99.95131980000001,117.23527920000001
0.5,26,0.25,13.958662668223987,16.86108172941654,15.626167923162736,"widens",101.39164975000001,117.23527920000001
0.5,26,0.3,12.530682812582361,15.09684776848681,14.006634455565203,"widens",102.8319797,117.23527920000001
0.5,26,0.35,11.138047194774847,13.3850903206991,12.431842733235165,"widens",104.27230965000001,117.23527920000001
0.5,26,0.4,9.779459636499045,11.723502354083282,10.899963943384483,"widens",105.71263960000002,117.23527920000001
0.5,26,0.45,8.453686573653352,10.109910116016984,9.409267603447402,"widens",107.15296955,117.23527920000001
0.5,26,0.5,7.159553320589129,8.542263645664573,7.958115040053659,"widens",108.5932995,117.23527920000001
0.5,26,0.55,5.895940598672245,7.018628085491918,6.544953380159546,"widens",110.03362945000002,117.23527920000001
0.5,26,0.6,4.6617813075906955,5.537175714426379,5.168310008014321,"widens",111.4739594,117.23527920000001
0.5,26,0.65,3.456057519833222,4.096178633688763,3.8267874463667306,"widens",112.91428935,117.23527920000001
0.5,26,0.7,2.2777976805471223,2.6940020437566714,2.519058624508097,"widens",114.3546193,117.23527920000001
0.5,26,0.75,1.126073996585819,1.3290980574625522,1.243862499469084,"widens",115.79494925,117.23527920000001
0.5,26,0.8,-1.1102230246251565e-14,0,0,"mixed-or-unchanged",117.23527920000001,117.23527920000001
0.5,26,0.85,-1.2946828482887418,-1.1012717274761052,-1.213669734089562,"narrows",118.67560915,117.23527920000001
0.5,26,0.9,-2.556270105959668,-2.178551681218488,-2.3982328420225407,"narrows",120.1159391,117.23527920000001
0.5,26,0.95,-3.7860147769641417,-3.232615423005114,-3.554723984019792,"narrows",121.55626905000001,117.23527920000001
0.5,26,1,-4.985107401660738,-4.264205443066427,-4.684129355479161,"narrows",122.99659899999999,117.23527920000001
0.5,28,0,22.444823143106518,27.625886976865075,25.498538558786322,"widens",94.92,119.1232128
0.5,28,0.05,20.750927387125206,25.459677679534632,23.52989371008054,"widens",96.4327008,119.1232128
0.5,28,0.1,19.103258672272982,23.36577575460268,21.622057650534977,"widens",97.9454016,119.1232128
0.5,28,0.15,17.49995014259218,21.34062023858889,19.772255779535143,"widens",99.45810240000002,119.1232128
0.5,28,0.2,15.93923412963909,19.3808802167019,17.977879767920847,"widens",100.9708032,119.1232128
0.5,28,0.25,14.419435651447765,17.48343654083162,16.23647528679344,"widens",102.48350400000001,119.1232128
0.5,28,0.3,12.938966416193832,15.64536526371394,14.54573080728423,"widens",103.9962048,119.1232128
0.5,28,0.35,11.496319285430445,13.863922604211787,12.903467363801347,"widens",105.50890560000002,119.1232128
0.5,28,0.4,10.090063156321216,12.136531281116048,11.307629185427714,"widens",107.0216064,119.1232128
0.5,28,0.45,8.718838226339187,10.460768072308934,9.756275110769753,"widens",108.53430720000001,119.1232128
0.5,28,0.5,7.3813516074943575,8.834352472994777,8.247570710872942,"widens",110.047008,119.1232128
0.5,28,0.55,6.076373260356838,7.255136341363588,6.779781052996081,"widens",111.55970880000001,119.1232128
0.5,28,0.6,4.80273222099683,5.721094432826912,5.351264045229986,"widens",113.0724096,119.1232128
0.5,28,0.65,3.559313096514516,4.230315735116985,3.9604643082841395,"widens",114.58511040000002,119.1232128
0.5,28,0.7,2.345052807115078,2.7809955262973807,2.605907526359963,"widens",116.0978112,119.1232128
0.5,28,0.75,1.1589375547276015,1.3714280862856976,1.2861952339770388,"widens",117.61051200000001,119.1232128
0.5,28,0.8,0,2.220446049250313e-14,0,"mixed-or-unchanged",119.1232128,119.1232128
0.5,28,0.85,-1.334816003150785,-1.1326833688520388,-1.2539390259983185,"narrows",120.63591360000001,119.1232128
0.5,28,0.9,-2.634466722886808,-2.2399946903829515,-2.476820236447974,"narrows",122.1486144,119.1232128
0.5,28,0.95,-3.9003237190979756,-3.322777021150891,-3.669783385904024,"narrows",123.6613152,119.1232128
0.5,28,1,-5.133688140066783,-4.381836476354306,-4.8339131341763375,"narrows",125.174016,119.1232128
0.5,30,0,22.444823143106518,28.69065880076329,26.530036591740714,"widens",95.65,121.02598
0.5,30,0.05,20.750927387125206,26.42367227232285,24.46622810052641,"widens",97.23599875000001,121.02598
0.5,30,0.1,19.103258672272982,24.235172615072088,22.46866392272633,"widens",98.82199750000001,121.02598
0.5,30,0.15,17.49995014259218,22.121153167243655,20.534204963780468,"widens",100.40799625000001,121.02598
0.5,30,0.2,15.93923412963909,20.07787541792283,18.659907379841336,"widens",101.99399500000001,121.02598
0.5,30,0.25,14.419435651447765,18.10184694329444,16.843007629550087,"widens",103.57999375000003,121.02598
0.5,30,0.3,12.938966416193832,16.189801486136446,15.080908878409538,"widens",105.1659925,121.02598
0.5,30,0.35,11.496319285430445,14.338680939538605,13.371168615086603,"widens",106.75199125000002,121.02598
0.5,30,0.4,10.090063156321216,12.545619025811972,11.711487355451201,"widens",108.33799000000002,121.02598
0.5,30,0.45,8.718838226339187,10.807926487373498,10.099698324493357,"widens",109.92398875,121.02598
0.5,30,0.5,7.3813516074943575,9.12307762867821,8.533758018760418,"widens",111.50998750000001,121.02598
0.5,30,0.55,6.076373260356838,7.4886980675518355,7.01173756287925,"widens",113.09598625000001,121.02598
0.5,30,0.6,4.80273222099683,5.9025535709999355,5.531814783289635,"widens",114.68198500000003,121.02598
0.5,30,0.65,3.559313096514516,4.362539865101489,4.092266930706101,"widens",116.26798375,121.02598
0.5,30,0.7,2.345052807115078,2.866673321253699,2.6914639901965076,"widens",117.85398250000001,121.02598
0.5,30,0.75,1.1589375547276015,1.413082432082935,1.3278625242584052,"widens",119.43998125000002,121.02598
0.5,30,0.8,-1.1102230246251565e-14,2.220446049250313e-14,2.220446049250313e-14,"mixed-or-unchanged",121.02598,121.02598
0.5,30,0.85,-1.3742440301548031,-1.1326833688520388,-1.2935104434076194,"narrows",122.61197875,121.02598
0.5,30,0.9,-2.711229155496364,-2.2399946903829515,-2.5539848263632203,"narrows",124.19797750000001,121.02598
0.5,30,0.95,-4.012450371089127,-3.322777021150891,-3.782672794937969,"narrows",125.78397625,121.02598
0.5,30,1,-5.279323746368137,-4.381836476354306,-4.980761753309593,"narrows",127.369975,121.02598
0.5,32,0,22.444823143106518,29.755189695540363,27.561299854741648,"widens",96.38,122.9435808
0.5,32,0.05,20.750927387125206,27.38618954890306,25.401162945937706,"widens",98.0402238,122.9435808
0.5,32,0.1,19.103258672272982,25.10214222886735,23.312967754419578,"widens",99.7004476,122.9435808
0.5,32,0.15,17.49995014259218,22.898558587870554,21.293179200468494,"widens",101.3606714,122.9435808
0.5,32,0.2,15.93923412963909,20.771260295858518,19.338490081379156,"widens",103.0208952,122.9435808
0.5,32,0.25,14.419435651447765,18.716353397693,17.445803001016856,"widens",104.681119,122.9435808
0.5,32,0.3,12.938966416193832,16.73020452489935,15.612213992091895,"widens",106.3413428,122.9435808
0.5,32,0.35,11.496319285430445,14.80941945601526,13.834997649006331,"widens",108.0015666,122.9435808
0.5,32,0.4,10.090063156321216,12.950823759398155,12.111593611187299,"widens",109.66179039999999,122.9435808
0.5,32,0.45,8.718838226339187,11.151445286267148,10.439594255922113,"widens",111.32201420000001,122.9435808
0.5,32,0.5,7.3813516074943575,9.408498310886436,8.816733476283245,"widens",112.982238,122.9435808
0.5,32,0.55,6.076373260356838,7.719369139882537,7.240876434145105,"widens",114.64246179999999,122.9435808
0.5,32,0.6,4.80273222099683,6.081603034337468,5.710010190856685,"widens",116.30268559999999,122.9435808
0.5,32,0.65,3.559313096514516,4.492892307034579,4.222235129104068,"widens",117.9629094,122.9435808
0.5,32,0.7,2.345052807115078,2.9510654734785424,2.7757570890978744,"widens",119.6231332,122.9435808
0.5,32,0.75,1.1589375547276015,1.4540773494309267,1.3688801506376524,"widens",121.28335700000001,122.9435808
0.5,32,0.8,-1.1102230246251565e-14,2.220446049250313e-14,-1.1102230246251565e-14,"mixed-or-unchanged",122.9435808,122.9435808
0.5,32,0.85,-1.4129855439405592,-1.1326833688520388,-1.3324021728948088,"narrows",124.6038046,122.9435808
0.5,32,0.9,-2.786596876843417,-2.2399946903829515,-2.6297652958457207,"narrows",126.2640284,122.9435808
0.5,32,0.95,-4.122457183700046,-3.322777021150891,-3.8934535980035156,"narrows",127.92425219999998,122.9435808
0.5,32,1,-5.422101638761845,-4.381836476354306,-5.124761395030053,"narrows",129.584476,122.9435808
0.5,34,0,22.444823143106518,30.819484940649254,28.592333642261348,"widens",97.11000000000001,124.87601520000003
0.5,34,0.05,20.750927387125206,28.347237593041363,26.334706100128933,"widens",98.84537595,124.87601520000003
0.5,34,0.1,19.103258672272982,25.9666989634886,24.154982778568822,"widens",100.5807519,124.87601520000003
0.5,34,0.15,17.49995014259218,23.672859034556936,22.04919969515833,"widens",102.31612785000002,124.87601520000003
0.5,34,0.2,15.93923412963909,21.461066189864898,20.013657313427522,"widens",104.0515038,124.87601520000003
0.5,34,0.25,14.419435651447765,19.32699572855796,18.04489885240237,"widens",105.78687975000001,124.87601520000003
0.5,34,0.3,12.938966416193832,17.266621641675183,16.139690696611765,"widens",107.5222557,124.87601520000003
0.5,34,0.35,11.496319285430445,15.276191262846229,14.295004673021428,"widens",109.25763165,124.87601520000003
0.5,34,0.4,10.090063156321216,13.3522024575065,12.508001990568651,"widens",110.99300760000001,124.87601520000003
0.5,34,0.45,8.718838226339187,11.491383058918903,10.776018663136444,"widens",112.72838355000002,124.87601520000003
0.5,34,0.5,7.3813516074943575,9.690672296983195,9.096552258533874,"widens",114.46375950000001,124.87601520000003
0.5,34,0.55,6.076373260356838,7.947203998114327,7.467249834860978,"widens",116.19913545,124.87601520000003
0.5,34,0.6,4.80273222099683,6.258291362221047,5.885896941953184,"widens",117.93451139999999,124.87601520000003
0.5,34,0.65,3.559313096514516,4.6214131467223085,4.35040757978955,"widens",119.66988735000001,124.87601520000003
0.5,34,0.7,2.345052807115078,3.0342011081777587,2.858815018112981,"widens",121.40526330000002,124.87601520000003
0.5,34,0.75,1.1589375547276015,1.4944285699733717,1.4092633923045161,"widens",123.14063925,124.87601520000003
0.5,34,0.8,0,2.220446049250313e-14,2.220446049250313e-14,"mixed-or-unchanged",124.87601520000003,124.87601520000003
0.5,34,0.85,-1.451058504263869,-1.1326833688520388,-1.3706317687829817,"narrows",126.61139115,124.87601520000003
0.5,34,0.9,-2.8606079141163088,-2.2399946903829515,-2.70419892796816,"narrows",128.34676710000002,124.87601520000003
0.5,34,0.95,-4.230404232043982,-3.322777021150891,-4.002184871753611,"narrows",130.08214305,124.87601520000003
0.5,34,1,-5.562105789817573,-4.381836476354306,-5.265994878874913,"narrows",131.817519,124.87601520000003
0.5,36,0,22.444823143106518,31.88354966241087,29.62314309076044,"widens",97.83999999999999,126.8232832
0.5,36,0.05,20.750927387125206,29.30682431568721,27.266865240920257,"widens",99.65145519999999,126.8232832
0.5,36,0.1,19.103258672272982,26.828856962906332,24.99472240646472,"widens",101.4629104,126.8232832
0.5,36,0.15,17.49995014259218,24.44407672411195,22.802287347093642,"widens",103.27436559999998,126.8232832
0.5,36,0.2,15.93923412963909,22.147323986292065,20.685438087190544,"widens",105.0858208,126.8232832
0.5,36,0.25,14.419435651447765,19.93381313920426,18.640332051117948,"widens",106.89727599999999,126.8232832
0.5,36,0.3,12.938966416193832,17.799099290813647,16.663382784473168,"widens",108.7087312,126.8232832
0.5,36,0.35,11.496319285430445,15.73904847517964,14.751238964613279,"widens",110.52018639999999,126.8232832
0.5,36,0.4,10.090063156321216,13.749810932611982,12.900765442031958,"widens",112.3316416,126.8232832
0.5,36,0.45,8.718838226339187,11.827797098714687,11.109026086981055,"widens",114.1430968,126.8232832
0.5,36,0.5,7.3813516074943575,9.969655987239667,9.37326824392375,"widens",115.95455199999998,126.8232832
0.5,36,0.55,6.076373260356838,8.172255692870255,7.690908620700876,"widens",117.76600719999999,126.8232832
0.5,36,0.6,4.80273222099683,6.432665775291313,6.059520460270296,"widens",119.57746239999997,126.8232832
0.5,36,0.65,3.559313096514516,4.748141316117382,4.47682186104279,"widens",121.38891759999998,126.8232832
0.5,36,0.7,2.345052807115078,3.1161084662315597,2.9406651275977636,"widens",123.20037279999998,126.8232832
0.5,36,0.75,1.1589375547276015,1.5341513234779613,1.4490270472646838,"widens",125.011828,126.8232832
0.5,36,0.8,0,0,0,"mixed-or-unchanged",126.8232832,126.8232832
0.5,36,0.85,-1.4884802447294398,-1.1326833688520388,-1.4082161805834215,"narrows",128.63473839999997,126.8232832
0.5,36,0.9,-2.933298914596283,-2.2399946903829515,-2.7773216680505475,"narrows",130.4461936,126.8232832
0.5,36,0.95,-4.336349328008637,-3.322777021150891,-4.10892349085824,"narrows",132.2576488,126.8232832
0.5,36,1,-5.699416895265442,-4.381836476354306,-5.404541824938258,"narrows",134.06910399999998,126.8232832
0.5,38,0,22.444823143106518,32.94738883952575,30.131406411293703,"widens",98.2,127.7890410958904
0.5,38,0.05,20.750927387125206,30.264957461005725,27.72605290541652,"widens",100.04931506849314,127.7890410958904
0.5,38,0.1,19.103258672272982,27.688630154420647,25.40800688301561,"widens",101.8986301369863,127.7890410958904
0.5,38,0.15,17.49995014259218,25.212233564438712,23.172599556353646,"widens",103.74794520547945,127.7890410958904
0.5,38,0.2,15.93923412963909,22.830064129388617,21.015489193887337,"widens",105.59726027397261,127.7890410958904
0.5,38,0.25,14.419435651447765,20.5368442263538,18.932632974654485,"widens",107.44657534246575,127.7890410958904
0.5,38,0.3,12.938966416193832,18.32768313881987,16.920261700047632,"widens",109.2958904109589,127.7890410958904
0.5,38,0.35,11.496319285430445,16.198042239306677,14.974857030171563,"widens",111.14520547945206,127.7890410958904
0.5,38,0.4,10.090063156321216,14.143703865349044,13.093130955556088,"widens",112.99452054794521,127.7890410958904
0.5,38,0.45,8.718838226339187,12.160743439688627,11.272007252254411,"widens",114.84383561643835,127.7890410958904
0.5,38,0.5,7.3813516074943575,10.245504446891918,9.508604700302858,"widens",116.69315068493151,127.7890410958904
0.5,38,0.55,6.076373260356838,8.394575930697034,7.800221872977708,"widens",118.54246575342466,127.7890410958904
0.5,38,0.6,4.80273222099683,6.604772220733812,6.144323327947587,"widens",120.39178082191779,127.7890410958904
0.5,38,0.65,3.559313096514516,4.873114635124054,4.538527051862484,"widens",122.24109589041095,127.7890410958904
0.5,38,0.7,2.345052807115078,3.196814937884085,2.980593027620171,"widens",124.0904109589041,127.7890410958904
0.5,38,0.75,1.1589375547276015,1.5732603578758386,1.4684128089105686,"widens",125.93972602739724,127.7890410958904
0.5,38,0.8,0,2.220446049250313e-14,2.220446049250313e-14,"mixed-or-unchanged",127.7890410958904,127.7890410958904
0.5,38,0.85,-1.5252675000172022,-1.1326833688520388,-1.426518449638614,"narrows",129.63835616438354,127.7890410958904
0.5,38,0.9,-3.004705208025038,-2.2399946903829515,-2.8129102160731834,"narrows",131.4876712328767,127.7890410958904
0.5,38,0.95,-4.440348126334371,-3.322777021150891,-4.160844908358663,"narrows",133.33698630136985,127.7890410958904
0.5,38,1,-5.83411253293108,-4.381836476354306,-5.471900776199257,"narrows",135.186301369863,127.7890410958904
0.5,40,0,22.444823143106518,34.0110073083502,30.131406411293703,"widens",98.2,127.7890410958904
0.5,40,0.05,20.750927387125206,31.221644612151668,27.72605290541652,"widens",100.04931506849314,127.7890410958904
0.5,40,0.1,19.103258672272982,28.546032255234934,25.40800688301561,"widens",101.8986301369863,127.7890410958904
0.5,40,0.15,17.49995014259218,25.977351162580597,23.172599556353646,"widens",103.74794520547945,127.7890410958904
0.5,40,0.2,15.93923412963909,23.509316631815192,21.015489193887337,"widens",105.59726027397261,127.7890410958904
0.5,40,0.25,14.419435651447765,21.136126994265215,18.932632974654485,"widens",107.44657534246575,127.7890410958904
0.5,40,0.3,12.938966416193832,18.852418083190848,16.920261700047632,"widens",109.2958904109589,127.7890410958904
0.5,40,0.35,11.496319285430445,16.653222757023833,14.974857030171563,"widens",111.14520547945206,127.7890410958904
0.5,40,0.4,10.090063156321216,14.533934834755357,13.093130955556088,"widens",112.99452054794521,127.7890410958904
0.5,40,0.45,8.718838226339187,12.49027689238349,11.272007252254411,"widens",114.84383561643835,127.7890410958904
0.5,40,0.5,7.3813516074943575,10.518271446617987,9.508604700302858,"widens",116.69315068493151,127.7890410958904
0.5,40,0.55,6.076373260356838,8.614215117342061,7.800221872977708,"widens",118.54246575342466,127.7890410958904
0.5,40,0.6,4.80273222099683,6.774655415680564,6.144323327947587,"widens",120.39178082191779,127.7890410958904
0.5,40,0.65,3.559313096514516,4.996369851576121,4.538527051862484,"widens",122.24109589041095,127.7890410958904
0.5,40,0.7,2.345052807115078,3.276347094890042,2.980593027620171,"widens",124.0904109589041,127.7890410958904
0.5,40,0.75,1.1589375547276015,1.6117699583418243,1.4684128089105686,"widens",125.93972602739724,127.7890410958904
0.5,40,0.8,0,2.220446049250313e-14,2.220446049250313e-14,"mixed-or-unchanged",127.7890410958904,127.7890410958904
0.5,40,0.85,-1.5614364316925422,-1.1326833688520388,-1.426518449638614,"narrows",129.63835616438354,127.7890410958904
0.5,40,0.9,-3.0748608656056553,-2.2399946903829515,-2.8129102160731834,"narrows",131.4876712328767,127.7890410958904
0.5,40,0.95,-4.542454224760906,-3.322777021150891,-4.160844908358663,"narrows",133.33698630136985,127.7890410958904
0.5,40,1,-5.966267312482398,-4.381836476354306,-5.471900776199257,"narrows",135.186301369863,127.7890410958904
0.5,42,0,22.444823143106518,35.07440976794689,30.131406411293703,"widens",98.2,127.7890410958904
0.5,42,0.05,20.750927387125206,32.17689319679775,27.72605290541652,"widens",100.04931506849314,127.7890410958904
0.5,42,0.1,19.103258672272982,29.401076778757297,25.40800688301561,"widens",101.8986301369863,127.7890410958904
0.5,42,0.15,17.49995014259218,26.739450832455482,23.172599556353646,"widens",103.74794520547945,127.7890410958904
0.5,42,0.2,15.93923412963909,24.18511108478272,21.015489193887337,"widens",105.59726027397261,127.7890410958904
0.5,42,0.25,14.419435651447765,21.731698868389927,18.932632974654485,"widens",107.44657534246575,127.7890410958904
0.5,42,0.3,12.938966416193832,19.37334827063639,16.920261700047632,"widens",109.2958904109589,127.7890410958904
0.5,42,0.35,11.496319285430445,17.104639309192173,14.974857030171563,"widens",111.14520547945206,127.7890410958904
0.5,42,0.4,10.090063156321216,14.920556347486102,13.093130955556088,"widens",112.99452054794521,127.7890410958904
0.5,42,0.45,8.718838226339187,12.816451078437051,11.272007252254411,"widens",114.84383561643835,127.7890410958904
0.5,42,0.5,7.3813516074943575,10.78800950150358,9.508604700302858,"widens",116.69315068493151,127.7890410958904
0.5,42,0.55,6.076373260356838,8.831222399329874,7.800221872977708,"widens",118.54246575342466,127.7890410958904
0.5,42,0.6,4.80273222099683,6.94235888881769,6.144323327947587,"widens",120.39178082191779,127.7890410958904
0.5,42,0.65,3.559313096514516,5.117942679479892,4.538527051862484,"widens",122.24109589041095,127.7890410958904
0.5,42,0.7,2.345052807115078,3.354730721199295,2.980593027620171,"widens",124.0904109589041,127.7890410958904
0.5,42,0.75,1.1589375547276015,1.649693965467014,1.4684128089105686,"widens",125.93972602739724,127.7890410958904
0.5,42,0.8,0,2.220446049250313e-14,2.220446049250313e-14,"mixed-or-unchanged",127.7890410958904,127.7890410958904
0.5,42,0.85,-1.5970026526875403,-1.1326833688520388,-1.426518449638614,"narrows",129.63835616438354,127.7890410958904
0.5,42,0.9,-3.1437987558490255,-2.2399946903829515,-2.8129102160731834,"narrows",131.4876712328767,127.7890410958904
0.5,42,0.95,-4.642719258628347,-3.322777021150891,-4.160844908358663,"narrows",133.33698630136985,127.7890410958904
0.5,42,1,-6.09595301660486,-4.381836476354306,-5.471900776199257,"narrows",135.186301369863,127.7890410958904
0.5,44,0,22.444823143106518,36.13760078492297,30.131406411293703,"widens",98.2,127.7890410958904
0.5,44,0.05,20.750927387125206,33.130710492430104,27.72605290541652,"widens",100.04931506849314,127.7890410958904
0.5,44,0.1,19.103258672272982,30.253777040644003,25.40800688301561,"widens",101.8986301369863,127.7890410958904
0.5,44,0.15,17.49995014259218,27.498553602295097,23.172599556353646,"widens",103.74794520547945,127.7890410958904
0.5,44,0.2,15.93923412963909,24.857476667835286,21.015489193887337,"widens",105.59726027397261,127.7890410958904
0.5,44,0.25,14.419435651447765,22.323596708577643,18.932632974654485,"widens",107.44657534246575,127.7890410958904
0.5,44,0.3,12.938966416193832,19.8905171147125,16.920261700047632,"widens",109.2958904109589,127.7890410958904
0.5,44,0.35,11.496319285430445,17.552340278527943,14.974857030171563,"widens",111.14520547945206,127.7890410958904
0.5,44,0.4,10.090063156321216,15.303619866044759,13.093130955556088,"widens",112.99452054794521,127.7890410958904
0.5,44,0.45,8.718838226339187,13.139318463950179,11.272007252254411,"widens",114.84383561643835,127.7890410958904
0.5,44,0.5,7.3813516074943575,11.054769908565397,9.508604700302858,"widens",116.69315068493151,127.7890410958904
0.5,44,0.55,6.076373260356838,9.045645703919103,7.800221872977708,"widens",118.54246575342466,127.7890410958904
0.5,44,0.6,4.80273222099683,7.107925020288186,6.144323327947587,"widens",120.39178082191779,127.7890410958904
0.5,44,0.65,3.559313096514516,5.237867835611887,4.538527051862484,"widens",122.24109589041095,127.7890410958904
0.5,44,0.7,2.345052807115078,3.4319908422586476,2.980593027620171,"widens",124.0904109589041,127.7890410958904
0.5,44,0.75,1.1589375547276015,1.6870457925763693,1.4684128089105686,"widens",125.93972602739724,127.7890410958904
0.5,44,0.8,0,2.220446049250313e-14,2.220446049250313e-14,"mixed-or-unchanged",127.7890410958904,127.7890410958904
0.5,44,0.85,-1.6319812505309228,-1.1326833688520388,-1.426518449638614,"narrows",129.63835616438354,127.7890410958904
0.5,44,0.9,-3.211550597459978,-2.2399946903829515,-2.8129102160731834,"narrows",131.4876712328767,127.7890410958904
0.5,44,0.95,-4.741192990286825,-3.322777021150891,-4.160844908358663,"narrows",133.33698630136985,127.7890410958904
0.5,44,1,-6.223238734171332,-4.381836476354306,-5.471900776199257,"narrows",135.186301369863,127.7890410958904
0.5,46,0,22.444823143106518,36.686462193301026,30.131406411293703,"widens",98.2,127.7890410958904
0.5,46,0.05,20.750927387125206,33.62262385686685,27.72605290541652,"widens",100.04931506849314,127.7890410958904
0.5,46,0.1,19.103258672272982,30.6931266319183,25.40800688301561,"widens",101.8986301369863,127.7890410958904
0.5,46,0.15,17.49995014259218,27.889324327312103,23.172599556353646,"widens",103.74794520547945,127.7890410958904
0.5,46,0.2,15.93923412963909,25.203297126986456,21.015489193887337,"widens",105.59726027397261,127.7890410958904
0.5,46,0.25,14.419435651447765,22.627776879718663,18.932632974654485,"widens",107.44657534246575,127.7890410958904
0.5,46,0.3,12.938966416193832,20.156081424077456,16.920261700047632,"widens",109.2958904109589,127.7890410958904
0.5,46,0.35,11.496319285430445,17.78205669895796,14.974857030171563,"widens",111.14520547945206,127.7890410958904
0.5,46,0.4,10.090063156321216,15.500025583778143,13.093130955556088,"widens",112.99452054794521,127.7890410958904
0.5,46,0.45,8.718838226339187,13.304742572972561,11.272007252254411,"widens",114.84383561643835,127.7890410958904
0.5,46,0.5,7.3813516074943575,11.191353523023672,9.508604700302858,"widens",116.69315068493151,127.7890410958904
0.5,46,0.55,6.076373260356838,9.1553598218582,7.800221872977708,"widens",118.54246575342466,127.7890410958904
0.5,46,0.6,4.80273222099683,7.192586423964165,6.144323327947587,"widens",120.39178082191779,127.7890410958904
0.5,46,0.65,3.559313096514516,5.299153273244017,4.538527051862484,"widens",122.24109589041095,127.7890410958904
0.5,46,0.7,2.345052807115078,3.47144970199198,2.980593027620171,"widens",124.0904109589041,127.7890410958904
0.5,46,0.75,1.1589375547276015,1.706111450562875,1.4684128089105686,"widens",125.93972602739724,127.7890410958904
0.5,46,0.8,0,2.220446049250313e-14,2.220446049250313e-14,"mixed-or-unchanged",127.7890410958904,127.7890410958904
0.5,46,0.85,-1.649816049495545,-1.1326833688520388,-1.426518449638614,"narrows",129.63835616438354,127.7890410958904
0.5,46,0.9,-3.246077786687196,-2.2399946903829515,-2.8129102160731834,"narrows",131.4876712328767,127.7890410958904
0.5,46,0.95,-4.791351186753124,-3.322777021150891,-4.160844908358663,"narrows",133.33698630136985,127.7890410958904
0.5,46,1,-6.288040875303391,-4.381836476354306,-5.471900776199257,"narrows",135.186301369863,127.7890410958904
0.5,48,0,22.444823143106518,36.686462193301026,30.131406411293703,"widens",98.2,127.7890410958904
0.5,48,0.05,20.750927387125206,33.62262385686685,27.72605290541652,"widens",100.04931506849314,127.7890410958904
0.5,48,0.1,19.103258672272982,30.6931266319183,25.40800688301561,"widens",101.8986301369863,127.7890410958904
0.5,48,0.15,17.49995014259218,27.889324327312103,23.172599556353646,"widens",103.74794520547945,127.7890410958904
0.5,48,0.2,15.93923412963909,25.203297126986456,21.015489193887337,"widens",105.59726027397261,127.7890410958904
0.5,48,0.25,14.419435651447765,22.627776879718663,18.932632974654485,"widens",107.44657534246575,127.7890410958904
0.5,48,0.3,12.938966416193832,20.156081424077456,16.920261700047632,"widens",109.2958904109589,127.7890410958904
0.5,48,0.35,11.496319285430445,17.78205669895796,14.974857030171563,"widens",111.14520547945206,127.7890410958904
0.5,48,0.4,10.090063156321216,15.500025583778143,13.093130955556088,"widens",112.99452054794521,127.7890410958904
0.5,48,0.45,8.718838226339187,13.304742572972561,11.272007252254411,"widens",114.84383561643835,127.7890410958904
0.5,48,0.5,7.3813516074943575,11.191353523023672,9.508604700302858,"widens",116.69315068493151,127.7890410958904
0.5,48,0.55,6.076373260356838,9.1553598218582,7.800221872977708,"widens",118.54246575342466,127.7890410958904
0.5,48,0.6,4.80273222099683,7.192586423964165,6.144323327947587,"widens",120.39178082191779,127.7890410958904
0.5,48,0.65,3.559313096514516,5.299153273244017,4.538527051862484,"widens",122.24109589041095,127.7890410958904
0.5,48,0.7,2.345052807115078,3.47144970199198,2.980593027620171,"widens",124.0904109589041,127.7890410958904
0.5,48,0.75,1.1589375547276015,1.706111450562875,1.4684128089105686,"widens",125.93972602739724,127.7890410958904
0.5,48,0.8,0,2.220446049250313e-14,2.220446049250313e-14,"mixed-or-unchanged",127.7890410958904,127.7890410958904
0.5,48,0.85,-1.649816049495545,-1.1326833688520388,-1.426518449638614,"narrows",129.63835616438354,127.7890410958904
0.5,48,0.9,-3.246077786687196,-2.2399946903829515,-2.8129102160731834,"narrows",131.4876712328767,127.7890410958904
0.5,48,0.95,-4.791351186753124,-3.322777021150891,-4.160844908358663,"narrows",133.33698630136985,127.7890410958904
0.5,48,1,-6.288040875303391,-4.381836476354306,-5.471900776199257,"narrows",135.186301369863,127.7890410958904
0.5,50,0,22.444823143106518,36.686462193301026,30.131406411293703,"widens",98.2,127.7890410958904
0.5,50,0.05,20.750927387125206,33.62262385686685,27.72605290541652,"widens",100.04931506849314,127.7890410958904
0.5,50,0.1,19.103258672272982,30.6931266319183,25.40800688301561,"widens",101.8986301369863,127.7890410958904
0.5,50,0.15,17.49995014259218,27.889324327312103,23.172599556353646,"widens",103.74794520547945,127.7890410958904
0.5,50,0.2,15.93923412963909,25.203297126986456,21.015489193887337,"widens",105.59726027397261,127.7890410958904
0.5,50,0.25,14.419435651447765,22.627776879718663,18.932632974654485,"widens",107.44657534246575,127.7890410958904
0.5,50,0.3,12.938966416193832,20.156081424077456,16.920261700047632,"widens",109.2958904109589,127.7890410958904
0.5,50,0.35,11.496319285430445,17.78205669895796,14.974857030171563,"widens",111.14520547945206,127.7890410958904
0.5,50,0.4,10.090063156321216,15.500025583778143,13.093130955556088,"widens",112.99452054794521,127.7890410958904
0.5,50,0.45,8.718838226339187,13.304742572972561,11.272007252254411,"widens",114.84383561643835,127.7890410958904
0.5,50,0.5,7.3813516074943575,11.191353523023672,9.508604700302858,"widens",116.69315068493151,127.7890410958904
0.5,50,0.55,6.076373260356838,9.1553598218582,7.800221872977708,"widens",118.54246575342466,127.7890410958904
0.5,50,0.6,4.80273222099683,7.192586423964165,6.144323327947587,"widens",120.39178082191779,127.7890410958904
0.5,50,0.65,3.559313096514516,5.299153273244017,4.538527051862484,"widens",122.24109589041095,127.7890410958904
0.5,50,0.7,2.345052807115078,3.47144970199198,2.980593027620171,"widens",124.0904109589041,127.7890410958904
0.5,50,0.75,1.1589375547276015,1.706111450562875,1.4684128089105686,"widens",125.93972602739724,127.7890410958904
0.5,50,0.8,0,2.220446049250313e-14,2.220446049250313e-14,"mixed-or-unchanged",127.7890410958904,127.7890410958904
0.5,50,0.85,-1.649816049495545,-1.1326833688520388,-1.426518449638614,"narrows",129.63835616438354,127.7890410958904
0.5,50,0.9,-3.246077786687196,-2.2399946903829515,-2.8129102160731834,"narrows",131.4876712328767,127.7890410958904
0.5,50,0.95,-4.791351186753124,-3.322777021150891,-4.160844908358663,"narrows",133.33698630136985,127.7890410958904
0.5,50,1,-6.288040875303391,-4.381836476354306,-5.471900776199257,"narrows",135.186301369863,127.7890410958904
0.5,52,0,22.444823143106518,36.686462193301026,30.131406411293703,"widens",98.2,127.7890410958904
0.5,52,0.05,20.750927387125206,33.62262385686685,27.72605290541652,"widens",100.04931506849314,127.7890410958904
0.5,52,0.1,19.103258672272982,30.6931266319183,25.40800688301561,"widens",101.8986301369863,127.7890410958904
0.5,52,0.15,17.49995014259218,27.889324327312103,23.172599556353646,"widens",103.74794520547945,127.7890410958904
0.5,52,0.2,15.93923412963909,25.203297126986456,21.015489193887337,"widens",105.59726027397261,127.7890410958904
0.5,52,0.25,14.419435651447765,22.627776879718663,18.932632974654485,"widens",107.44657534246575,127.7890410958904
0.5,52,0.3,12.938966416193832,20.156081424077456,16.920261700047632,"widens",109.2958904109589,127.7890410958904
0.5,52,0.35,11.496319285430445,17.78205669895796,14.974857030171563,"widens",111.14520547945206,127.7890410958904
0.5,52,0.4,10.090063156321216,15.500025583778143,13.093130955556088,"widens",112.99452054794521,127.7890410958904
0.5,52,0.45,8.718838226339187,13.304742572972561,11.272007252254411,"widens",114.84383561643835,127.7890410958904
0.5,52,0.5,7.3813516074943575,11.191353523023672,9.508604700302858,"widens",116.69315068493151,127.7890410958904
0.5,52,0.55,6.076373260356838,9.1553598218582,7.800221872977708,"widens",118.54246575342466,127.7890410958904
0.5,52,0.6,4.80273222099683,7.192586423964165,6.144323327947587,"widens",120.39178082191779,127.7890410958904
0.5,52,0.65,3.559313096514516,5.299153273244017,4.538527051862484,"widens",122.24109589041095,127.7890410958904
0.5,52,0.7,2.345052807115078,3.47144970199198,2.980593027620171,"widens",124.0904109589041,127.7890410958904
0.5,52,0.75,1.1589375547276015,1.706111450562875,1.4684128089105686,"widens",125.93972602739724,127.7890410958904
0.5,52,0.8,0,2.220446049250313e-14,2.220446049250313e-14,"mixed-or-unchanged",127.7890410958904,127.7890410958904
0.5,52,0.85,-1.649816049495545,-1.1326833688520388,-1.426518449638614,"narrows",129.63835616438354,127.7890410958904
0.5,52,0.9,-3.246077786687196,-2.2399946903829515,-2.8129102160731834,"narrows",131.4876712328767,127.7890410958904
0.5,52,0.95,-4.791351186753124,-3.322777021150891,-4.160844908358663,"narrows",133.33698630136985,127.7890410958904
0.5,52,1,-6.288040875303391,-4.381836476354306,-5.471900776199257,"narrows",135.186301369863,127.7890410958904
0.5,54,0,22.444823143106518,36.686462193301026,30.131406411293703,"widens",98.2,127.7890410958904
0.5,54,0.05,20.750927387125206,33.62262385686685,27.72605290541652,"widens",100.04931506849314,127.7890410958904
0.5,54,0.1,19.103258672272982,30.6931266319183,25.40800688301561,"widens",101.8986301369863,127.7890410958904
0.5,54,0.15,17.49995014259218,27.889324327312103,23.172599556353646,"widens",103.74794520547945,127.7890410958904
0.5,54,0.2,15.93923412963909,25.203297126986456,21.015489193887337,"widens",105.59726027397261,127.7890410958904
0.5,54,0.25,14.419435651447765,22.627776879718663,18.932632974654485,"widens",107.44657534246575,127.7890410958904
0.5,54,0.3,12.938966416193832,20.156081424077456,16.920261700047632,"widens",109.2958904109589,127.7890410958904
0.5,54,0.35,11.496319285430445,17.78205669895796,14.974857030171563,"widens",111.14520547945206,127.7890410958904
0.5,54,0.4,10.090063156321216,15.500025583778143,13.093130955556088,"widens",112.99452054794521,127.7890410958904
0.5,54,0.45,8.718838226339187,13.304742572972561,11.272007252254411,"widens",114.84383561643835,127.7890410958904
0.5,54,0.5,7.3813516074943575,11.191353523023672,9.508604700302858,"widens",116.69315068493151,127.7890410958904
0.5,54,0.55,6.076373260356838,9.1553598218582,7.800221872977708,"widens",118.54246575342466,127.7890410958904
0.5,54,0.6,4.80273222099683,7.192586423964165,6.144323327947587,"widens",120.39178082191779,127.7890410958904
0.5,54,0.65,3.559313096514516,5.299153273244017,4.538527051862484,"widens",122.24109589041095,127.7890410958904
0.5,54,0.7,2.345052807115078,3.47144970199198,2.980593027620171,"widens",124.0904109589041,127.7890410958904
0.5,54,0.75,1.1589375547276015,1.706111450562875,1.4684128089105686,"widens",125.93972602739724,127.7890410958904
0.5,54,0.8,0,2.220446049250313e-14,2.220446049250313e-14,"mixed-or-unchanged",127.7890410958904,127.7890410958904
0.5,54,0.85,-1.649816049495545,-1.1326833688520388,-1.426518449638614,"narrows",129.63835616438354,127.7890410958904
0.5,54,0.9,-3.246077786687196,-2.2399946903829515,-2.8129102160731834,"narrows",131.4876712328767,127.7890410958904
0.5,54,0.95,-4.791351186753124,-3.322777021150891,-4.160844908358663,"narrows",133.33698630136985,127.7890410958904
0.5,54,1,-6.288040875303391,-4.381836476354306,-5.471900776199257,"narrows",135.186301369863,127.7890410958904
0.5,56,0,22.444823143106518,36.686462193301026,30.131406411293703,"widens",98.2,127.7890410958904
0.5,56,0.05,20.750927387125206,33.62262385686685,27.72605290541652,"widens",100.04931506849314,127.7890410958904
0.5,56,0.1,19.103258672272982,30.6931266319183,25.40800688301561,"widens",101.8986301369863,127.7890410958904
0.5,56,0.15,17.49995014259218,27.889324327312103,23.172599556353646,"widens",103.74794520547945,127.7890410958904
0.5,56,0.2,15.93923412963909,25.203297126986456,21.015489193887337,"widens",105.59726027397261,127.7890410958904
0.5,56,0.25,14.419435651447765,22.627776879718663,18.932632974654485,"widens",107.44657534246575,127.7890410958904
0.5,56,0.3,12.938966416193832,20.156081424077456,16.920261700047632,"widens",109.2958904109589,127.7890410958904
0.5,56,0.35,11.496319285430445,17.78205669895796,14.974857030171563,"widens",111.14520547945206,127.7890410958904
0.5,56,0.4,10.090063156321216,15.500025583778143,13.093130955556088,"widens",112.99452054794521,127.7890410958904
0.5,56,0.45,8.718838226339187,13.304742572972561,11.272007252254411,"widens",114.84383561643835,127.7890410958904
0.5,56,0.5,7.3813516074943575,11.191353523023672,9.508604700302858,"widens",116.69315068493151,127.7890410958904
0.5,56,0.55,6.076373260356838,9.1553598218582,7.800221872977708,"widens",118.54246575342466,127.7890410958904
0.5,56,0.6,4.80273222099683,7.192586423964165,6.144323327947587,"widens",120.39178082191779,127.7890410958904
0.5,56,0.65,3.559313096514516,5.299153273244017,4.538527051862484,"widens",122.24109589041095,127.7890410958904
0.5,56,0.7,2.345052807115078,3.47144970199198,2.980593027620171,"widens",124.0904109589041,127.7890410958904
0.5,56,0.75,1.1589375547276015,1.706111450562875,1.4684128089105686,"widens",125.93972602739724,127.7890410958904
0.5,56,0.8,0,2.220446049250313e-14,2.220446049250313e-14,"mixed-or-unchanged",127.7890410958904,127.7890410958904
0.5,56,0.85,-1.649816049495545,-1.1326833688520388,-1.426518449638614,"narrows",129.63835616438354,127.7890410958904
0.5,56,0.9,-3.246077786687196,-2.2399946903829515,-2.8129102160731834,"narrows",131.4876712328767,127.7890410958904
0.5,56,0.95,-4.791351186753124,-3.322777021150891,-4.160844908358663,"narrows",133.33698630136985,127.7890410958904
0.5,56,1,-6.288040875303391,-4.381836476354306,-5.471900776199257,"narrows",135.186301369863,127.7890410958904
0.5,58,0,22.444823143106518,36.686462193301026,30.131406411293703,"widens",98.2,127.7890410958904
0.5,58,0.05,20.750927387125206,33.62262385686685,27.72605290541652,"widens",100.04931506849314,127.7890410958904
0.5,58,0.1,19.103258672272982,30.6931266319183,25.40800688301561,"widens",101.8986301369863,127.7890410958904
0.5,58,0.15,17.49995014259218,27.889324327312103,23.172599556353646,"widens",103.74794520547945,127.7890410958904
0.5,58,0.2,15.93923412963909,25.203297126986456,21.015489193887337,"widens",105.59726027397261,127.7890410958904
0.5,58,0.25,14.419435651447765,22.627776879718663,18.932632974654485,"widens",107.44657534246575,127.7890410958904
0.5,58,0.3,12.938966416193832,20.156081424077456,16.920261700047632,"widens",109.2958904109589,127.7890410958904
0.5,58,0.35,11.496319285430445,17.78205669895796,14.974857030171563,"widens",111.14520547945206,127.7890410958904
0.5,58,0.4,10.090063156321216,15.500025583778143,13.093130955556088,"widens",112.99452054794521,127.7890410958904
0.5,58,0.45,8.718838226339187,13.304742572972561,11.272007252254411,"widens",114.84383561643835,127.7890410958904
0.5,58,0.5,7.3813516074943575,11.191353523023672,9.508604700302858,"widens",116.69315068493151,127.7890410958904
0.5,58,0.55,6.076373260356838,9.1553598218582,7.800221872977708,"widens",118.54246575342466,127.7890410958904
0.5,58,0.6,4.80273222099683,7.192586423964165,6.144323327947587,"widens",120.39178082191779,127.7890410958904
0.5,58,0.65,3.559313096514516,5.299153273244017,4.538527051862484,"widens",122.24109589041095,127.7890410958904
0.5,58,0.7,2.345052807115078,3.47144970199198,2.980593027620171,"widens",124.0904109589041,127.7890410958904
0.5,58,0.75,1.1589375547276015,1.706111450562875,1.4684128089105686,"widens",125.93972602739724,127.7890410958904
0.5,58,0.8,0,2.220446049250313e-14,2.220446049250313e-14,"mixed-or-unchanged",127.7890410958904,127.7890410958904
0.5,58,0.85,-1.649816049495545,-1.1326833688520388,-1.426518449638614,"narrows",129.63835616438354,127.7890410958904
0.5,58,0.9,-3.246077786687196,-2.2399946903829515,-2.8129102160731834,"narrows",131.4876712328767,127.7890410958904
0.5,58,0.95,-4.791351186753124,-3.322777021150891,-4.160844908358663,"narrows",133.33698630136985,127.7890410958904
0.5,58,1,-6.288040875303391,-4.381836476354306,-5.471900776199257,"narrows",135.186301369863,127.7890410958904
0.5,60,0,22.444823143106518,36.686462193301026,30.131406411293703,"widens",98.2,127.7890410958904
0.5,60,0.05,20.750927387125206,33.62262385686685,27.72605290541652,"widens",100.04931506849314,127.7890410958904
0.5,60,0.1,19.103258672272982,30.6931266319183,25.40800688301561,"widens",101.8986301369863,127.7890410958904
0.5,60,0.15,17.49995014259218,27.889324327312103,23.172599556353646,"widens",103.74794520547945,127.7890410958904
0.5,60,0.2,15.93923412963909,25.203297126986456,21.015489193887337,"widens",105.59726027397261,127.7890410958904
0.5,60,0.25,14.419435651447765,22.627776879718663,18.932632974654485,"widens",107.44657534246575,127.7890410958904
0.5,60,0.3,12.938966416193832,20.156081424077456,16.920261700047632,"widens",109.2958904109589,127.7890410958904
0.5,60,0.35,11.496319285430445,17.78205669895796,14.974857030171563,"widens",111.14520547945206,127.7890410958904
0.5,60,0.4,10.090063156321216,15.500025583778143,13.093130955556088,"widens",112.99452054794521,127.7890410958904
0.5,60,0.45,8.718838226339187,13.304742572972561,11.272007252254411,"widens",114.84383561643835,127.7890410958904
0.5,60,0.5,7.3813516074943575,11.191353523023672,9.508604700302858,"widens",116.69315068493151,127.7890410958904
0.5,60,0.55,6.076373260356838,9.1553598218582,7.800221872977708,"widens",118.54246575342466,127.7890410958904
0.5,60,0.6,4.80273222099683,7.192586423964165,6.144323327947587,"widens",120.39178082191779,127.7890410958904
0.5,60,0.65,3.559313096514516,5.299153273244017,4.538527051862484,"widens",122.24109589041095,127.7890410958904
0.5,60,0.7,2.345052807115078,3.47144970199198,2.980593027620171,"widens",124.0904109589041,127.7890410958904
0.5,60,0.75,1.1589375547276015,1.706111450562875,1.4684128089105686,"widens",125.93972602739724,127.7890410958904
0.5,60,0.8,0,2.220446049250313e-14,2.220446049250313e-14,"mixed-or-unchanged",127.7890410958904,127.7890410958904
0.5,60,0.85,-1.649816049495545,-1.1326833688520388,-1.426518449638614,"narrows",129.63835616438354,127.7890410958904
0.5,60,0.9,-3.246077786687196,-2.2399946903829515,-2.8129102160731834,"narrows",131.4876712328767,127.7890410958904
0.5,60,0.95,-4.791351186753124,-3.322777021150891,-4.160844908358663,"narrows",133.33698630136985,127.7890410958904
0.5,60,1,-6.288040875303391,-4.381836476354306,-5.471900776199257,"narrows",135.186301369863,127.7890410958904
1,-40,0,10.780519893899188,15.581968157695192,13.51542857142858,"widens",42.00000000000001,47.676480000000005
1,-40,0.05,10.03909573100248,14.46720296290247,12.564579487840577,"widens",42.354780000000005,47.676480000000005
1,-40,0.1,9.307529893191035,13.373735732565484,11.629527440694787,"widens",42.70956,47.676480000000005
1,-40,0.15,8.585627057612722,12.300961884878859,10.709882004461257,"widens",43.06434,47.676480000000005
1,-40,0.2,7.873197027466428,11.248299506427939,9.80526551436325,"widens",43.41912000000001,47.676480000000005
1,-40,0.25,7.170054564938022,10.215188299634903,8.915312549258815,"widens",43.773900000000005,47.676480000000005
1,-40,0.3,6.476019230628016,9.201088588312434,8.03966943946659,"widens",44.12868,47.676480000000005
1,-40,0.35,5.790915229178117,8.20548037761708,7.1779937981443,"widens",44.48346,47.676480000000005
1,-40,0.4,5.114571260819445,7.227862464961454,6.329954074914657,"widens",44.83824,47.676480000000005
1,-40,0.45,4.4468203785791305,6.267751598691396,5.495229130516166,"widens",45.193020000000004,47.676480000000005
1,-40,0.5,3.7874998508952373,5.324681681561039,4.673507831333246,"widens",45.5478,47.676480000000005
1,-40,0.55,3.136451029402343,4.398203016246849,3.864488662728771,"widens",45.90258,47.676480000000005
1,-40,0.6,2.4935192216626545,3.4878815903356397,3.067879360171033,"widens",46.257360000000006,47.676480000000005
1,-40,0.65,1.8585535686273191,2.593298398396704,2.28339655720593,"widens",46.612140000000004,47.676480000000005
1,-40,0.7,1.2314069266251781,1.7140487989144582,1.5107654493843992,"widens",46.96692,47.676480000000005
1,-40,0.75,0.611935753683901,0.8497419040074616,0.7497194733071977,"widens",47.3217,47.676480000000005
1,-40,0.8,-1.1102230246251565e-14,0,0,"mixed-or-unchanged",47.676480000000005,47.676480000000005
1,-40,0.85,-0.8355420029580674,-0.6045369976185766,-0.7386439581222537,"narrows",48.03126,47.676480000000005
1,-40,0.9,-1.6572370939078929,-1.2018086175037523,-1.4664560273996097,"narrows",48.386039999999994,47.676480000000005
1,-40,0.95,-2.465426658309533,-1.7919450512322799,-2.1836727408361067,"narrows",48.74082,47.676480000000005
1,-40,1,-3.2604409509516485,-2.37507339823545,-2.890523794392974,"narrows",49.095600000000005,47.676480000000005
1,-38,0,11.125591112630339,16.077774773498742,13.946661757938328,"widens",43.46000000000001,49.52121920000001
1,-38,0.05,10.358215871563825,14.92295886788504,12.96200991804839,"widens",43.83882620000001,49.52121920000001
1,-38,0.1,9.601366131425415,13.790894310989877,11.994229707228854,"widens",44.217652400000006,49.52121920000001
1,-38,0.15,8.854826811858608,12.680915315290765,11.042891175717173,"widens",44.59647860000001,49.52121920000001
1,-38,0.2,8.11838865285992,11.592381820142439,10.10757885958784,"widens",44.97530480000001,49.52121920000001
1,-38,0.25,7.391848019219172,10.524678261017328,9.18789117577845,"widens",45.35413100000001,49.52121920000001
1,-38,0.3,6.675006712791776,9.477212408731006,8.283439847183116,"widens",45.73295720000001,49.52121920000001
1,-38,0.35,5.9676717922396705,8.449414274053346,7.393849356084559,"widens",46.11178340000001,49.52121920000001
1,-38,0.4,5.269655399896611,7.440735073448468,6.518756424308103,"widens",46.49060960000001,49.52121920000001
1,-38,0.45,4.580774595431358,6.450646252000336,5.657809518586099,"widens",46.86943580000001,49.52121920000001
1,-38,0.5,3.9008511959994774,5.478638559868454,4.810668379717331,"widens",47.24826200000001,49.52121920000001
1,-38,0.55,3.2297116225900258,4.524221178883692,3.97700357419708,"widens",47.6270882,49.52121920000001
1,-38,0.6,2.5671867522895964,3.586920896136392,3.1564960670762865,"widens",48.0059144,49.52121920000001
1,-38,0.65,1.9131117761984173,2.6662813216334458,2.3488368148862016,"widens",48.38474060000001,49.52121920000001
1,-38,0.7,1.2673260627491967,1.7618621473067808,1.5537263775380783,"widens",48.7635668,49.52121920000001
1,-38,0.75,0.6296730261891037,0.8732384448456587,0.7708745481727064,"widens",49.142393000000006,49.52121920000001
1,-38,0.8,-1.1102230246251565e-14,0,-1.1102230246251565e-14,"mixed-or-unchanged",49.52121920000001,49.52121920000001
1,-38,0.85,-0.8582493188362461,-0.621841884958807,-0.7591700507751487,"narrows",49.9000454,49.52121920000001
1,-38,0.9,-1.7018921598036418,-1.235997817789447,-1.5069001667889492,"narrows",50.27887160000001,49.52121920000001
1,-38,0.95,-2.53129825642181,-1.8426094205698629,-2.2434469969142445,"narrows",50.6576978,49.52121920000001
1,-38,1,-3.346824967876638,-2.4418148572290854,-2.9690595699659927,"narrows",51.03652400000001,49.52121920000001
1,-36,0,11.470696609889197,16.573646116046103,14.377944790739082,"widens",44.92,51.3785728
1,-36,0.05,10.677231023208055,15.378494653676022,13.359273926963988,"widens",45.323660800000006,51.3785728
1,-36,0.1,9.89498161851996,14.207600669472932,12.358587825095801,"widens",45.7273216,51.3785728
1,-36,0.15,9.12371224224733,13.060233067317206,11.37541436793681,"widens",46.1309824,51.3785728
1,-36,0.2,8.363193324139262,11.935689838211093,10.409297819651053,"widens",46.534643200000005,51.3785728
1,-36,0.25,7.613201649452672,10.833296627962907,9.45979812138078,"widens",46.938304,51.3785728
1,-36,0.3,6.8735201405284,9.752405388682872,8.526490222898397,"widens",47.3419648,51.3785728
1,-36,0.35,6.143937647314579,8.692393108423445,7.608963448161421,"widens",47.745625600000004,51.3785728
1,-36,0.4,5.42424874641132,7.652660613732065,6.706820892780674,"widens",48.1492864,51.3785728
1,-36,0.45,4.714253548235803,6.632631440280035,5.819678851544552,"widens",48.552947200000006,51.3785728
1,-36,0.5,4.013757511927318,5.63175076709479,4.947166274264769,"widens",48.956608,51.3785728
1,-36,0.55,3.322571267632135,4.649484410255567,4.088924248321746,"widens",49.36026880000001,51.3785728
1,-36,0.6,2.64051044582736,3.685317872217042,3.2446055063947377,"widens",49.7639296,51.3785728
1,-36,0.65,1.9673955133602483,2.7387554432065864,2.4138739579567137,"widens",50.16759040000001,51.3785728
1,-36,0.7,1.3030516158975214,1.8093193513972539,1.5964042432076608,"widens",50.5712512,51.3785728
1,-36,0.75,0.647308426493165,0.8965489587955178,0.7918813082011811,"widens",50.974912,51.3785728
1,-36,0.8,0,2.220446049250313e-14,0,"mixed-or-unchanged",51.3785728,51.3785728
1,-36,0.85,-0.8807561388114227,-0.6390353669362359,-0.7795353192335042,"narrows",51.782233600000005,51.3785728
1,-36,0.9,-1.746133103125258,-1.2699552705493722,-1.5470111402363873,"narrows",52.1858944,51.3785728
1,-36,0.95,-2.5965302178545757,-1.8929133295264355,-2.3027051576964053,"narrows",52.58955520000001,51.3785728
1,-36,1,-3.432333101751317,-2.508059309706623,-3.046886605259047,"narrows",52.993216,51.3785728
1,-34,0,11.81583315713597,17.069576058754876,14.809272962483844,"widens",46.379999999999995,53.2485408
1,-34,0.05,10.996138250477205,15.833804845019216,13.756367278578207,"widens",46.8092838,53.2485408
1,-34,0.1,10.188373855470534,14.623850393212035,12.722598303340593,"widens",47.238567599999996,53.2485408
1,-34,0.15,9.392281384294797,13.438912051349394,11.707449016676264,"widens",47.667851399999996,53.2485408
1,-34,0.2,8.607609668538974,12.278221936056678,10.71042085683307,"widens",48.0971352,53.2485408
1,-34,0.25,7.834114694999794,11.141043273129704,9.731032903952809,"widens",48.526419,53.2485408
1,-34,0.3,7.071559352689394,10.026668837928177,8.768821106577995,"widens",48.9557028,53.2485408
1,-34,0.35,6.319713190501841,8.934419488663403,7.823337548501019,"widens",49.384986600000005,53.2485408
1,-34,0.4,5.578352185018387,7.863642786188785,6.89414975352125,"widens",49.81427039999999,53.2485408
1,-34,0.45,4.84725851795984,6.813711694399149,5.980840025843559,"widens",50.2435542,53.2485408
1,-34,0.5,4.126220362821753,5.7840233557991505,5.0830048240045445,"widens",50.672838,53.2485408
1,-34,0.55,3.415031680253544,4.773997937216956,4.200254166354411,"widens",51.1021218,53.2485408
1,-34,0.6,2.7134920217659397,3.783077541019253,3.3322110662550974,"widens",51.5314056,53.2485408
1,-34,0.65,2.02140634137431,2.810725177531692,2.478510995275607,"widens",51.96068939999999,53.2485408
1,-34,0.7,1.338584814805821,1.8564237946881335,1.6388013727787198,"widens",52.38997319999999,53.2485408
1,-34,0.75,0.6648426659187301,0.9196753612242592,0.8127410803980162,"widens",52.819257,53.2485408
1,-34,0.8,0,0,0,"mixed-or-unchanged",53.2485408,53.2485408
1,-34,0.85,-0.9030648317178813,-0.6561183563745132,-0.7997414261828761,"narrows",53.677824599999994,53.2485408
1,-34,0.9,-1.789965117955461,-1.3036830092166496,-1.5867926144801925,"narrows",54.107108399999994,53.2485408
1,-34,0.95,-2.6611310184465276,-1.9428601450232175,-2.3614532389254705,"narrows",54.536392199999995,53.2485408
1,-34,1,-3.5169775643035472,-2.573811672963655,-3.124013611694676,"narrows",54.965675999999995,53.2485408
1,-32,0,12.160997918931526,17.565559224592995,15.24064214046823,"widens",47.839999999999996,55.1311232
1,-32,0.05,11.31493498598739,16.28888466784617,14.153286274674027,"widens",48.29569519999999,55.1311232
1,-32,0.1,10.481540685978374,15.039639718773067,13.08625815111113,"widens",48.75139039999999,55.1311232
1,-32,0.15,9.66053259027051,13.816949776962195,12.038993018517674,"widens",49.20708559999999,55.1311232
1,-32,0.2,8.851636603415457,12.619977033459184,11.01094685378552,"widens",49.66278079999999,55.1311232
1,-32,0.25,8.054586658057627,11.44791855628653,10.001595419621312,"widens",50.11847599999999,55.1311232
1,-32,0.3,7.269124423148354,10.30000449427877,9.010433373152349,"widens",50.574171199999995,55.1311232
1,-32,0.35,6.494999024794068,9.17549639078854,8.036973422293748,"widens",51.02986639999999,55.1311232
1,-32,0.4,5.731966779105346,8.073685599502479,7.080745526916821,"widens",51.4855616,55.1311232
1,-32,0.45,4.9797909364489135,6.993891795225182,6.1412961420679535,"widens",51.94125679999999,55.1311232
1,-32,0.5,4.238241436538837,5.935461573054912,5.218187500677529,"widens",52.396952,55.1311232
1,-32,0.55,3.507094673834854,4.897767129890385,4.310996933375932,"widens",52.85264719999999,55.1311232
1,-32,0.6,2.786133272745017,3.8802050226776963,3.4193162231958674,"widens",53.3083424,55.1311232
1,-32,0.65,2.075145872158224,2.882194998237031,2.5427509930913583,"widens",53.764037599999995,55.1311232
1,-32,0.7,1.3739269188577374,1.9031788899006363,1.6809201243426664,"widens",54.21973279999999,55.1311232
1,-32,0.75,0.6822764693918737,0.9426195765537937,0.8334552040452303,"widens",54.67542799999999,55.1311232
1,-32,0.8,-1.1102230246251565e-14,2.220446049250313e-14,2.220446049250313e-14,"mixed-or-unchanged",55.1311232,55.1311232
1,-32,0.85,-0.9251777631274605,-0.6730917757846733,-0.8197900385678469,"narrows",55.58681839999999,55.1311232
1,-32,0.9,-1.8333933784072332,-1.337183082215787,-1.626248255931173,"narrows",56.042513599999985,55.1311232
1,-32,0.95,-2.7251090828710134,-1.9924532494374203,-2.4196972417999896,"narrows",56.49820879999999,55.1311232
1,-32,1,-3.6007704694558273,-2.6390768749333104,-3.200449261564209,"narrows",56.95390399999999,55.1311232
1,-30,0,12.50618839487565,18.06159087485204,15.672048681541595,"widens",49.3,57.02632
1,-30,0.05,11.633618976052972,16.74372994518074,14.550027675168353,"widens",49.782895,57.02632
1,-30,0.1,10.77448024575336,15.454965437107981,13.449564803418014,"widens",50.265789999999996,57.02632
1,-30,0.15,9.92846448217537,14.194344263037673,12.370044662241009,"widens",50.748685,57.02632
1,-30,0.2,9.0952732928971,12.960954511790224,11.310875050115566,"widens",51.23158,57.02632
1,-30,0.25,8.274617263980645,11.753923248673438,10.271485884754728,"widens",51.71447499999999,57.02632
1,-30,0.3,7.466215624795569,10.572414455104507,9.251328179944718,"widens",52.19737,57.02632
1,-30,0.35,6.6697959277460805,9.415627097563917,8.249873078656677,"widens",52.680265000000006,57.02632
1,-30,0.4,5.885093742134639,8.28279331650743,7.266610938853146,"widens",53.16316,57.02632
1,-30,0.45,5.111852361439029,7.17317672663218,6.301050468669134,"widens",53.646055000000004,57.02632
1,-30,0.5,4.349822523322477,6.086070820589162,5.352717907884785,"widens",54.128949999999996,57.02632
1,-30,0.55,3.598762141735068,5.020797468871985,4.42115625282391,"widens",54.611845,57.02632
1,-30,0.6,2.8584360505018003,3.976705509187628,3.505924522014281,"widens",55.094739999999994,57.02632
1,-30,0.65,2.1286157578267684,2.9531694191440305,2.6065970601304,"widens",55.577634999999994,57.02632
1,-30,0.7,1.4090792111747241,1.9495880665689524,1.7227628779107107,"widens",56.06053,57.02632
1,-30,0.75,0.6996105720225909,0.9653835322141591,0.8540250258982196,"widens",56.543425,57.02632
1,-30,0.8,0,2.220446049250313e-14,0,"mixed-or-unchanged",57.02632,57.02632
1,-30,0.85,-0.947097289676968,-0.6899565540338215,-0.8396828230049613,"narrows",57.50921499999999,57.02632
1,-30,0.9,-1.8764230277155791,-1.3704575464059676,-1.6653817217548994,"narrows",57.99211,57.02632
1,-30,0.95,-2.788472768993866,-2.041696030943585,-2.477443140021973,"narrows",58.475005,57.02632
1,-30,1,-3.6837238135168704,-2.703859841568901,-3.276202171379916,"narrows",58.957899999999995,57.02632
1,-28,0,12.851402371541498,18.557666817155738,16.103489361702138,"widens",50.760000000000005,58.9341312
1,-28,0.05,11.952188235672011,17.19833701104594,14.946588632200509,"widens",51.27088320000001,58.9341312
1,-28,0.1,11.067190920545556,15.869824813345424,13.81251605970708,"widens",51.78176640000001,58.9341312
1,-28,0.15,10.196075912815505,14.571093963436098,12.700602571876551,"widens",52.292649600000004,58.9341312
1,-28,0.2,9.33851911199952,13.301154145573868,11.61020498992067,"widens",52.803532800000006,58.9341312
1,-28,0.25,8.494206428438522,12.059058470470863,10.540704787988297,"widens",53.31441600000001,58.9341312
1,-28,0.3,7.662833399740365,10.843901120734456,9.491506923197957,"widens",53.825299199999996,58.9341312
1,-28,0.35,6.8441048247241065,9.654815147858642,8.462038731672106,"widens",54.3361824,58.9341312
1,-28,0.4,6.037734413940488,8.490970409507991,7.451748886270426,"widens",54.8470656,58.9341312
1,-28,0.45,5.2434444558992155,7.351571636780396,6.460106412035294,"widens",55.3579488,58.9341312
1,-28,0.5,4.460965498185887,6.235856621992797,5.486599755656263,"widens",55.868832000000005,58.9341312
1,-28,0.55,3.6900360426989742,5.143094518311431,4.530735905526528,"widens",56.3797152,58.9341312
1,-28,0.6,2.9304022542833597,4.07258424325545,3.5920395592112575,"widens",56.8905984,58.9341312
1,-28,0.65,2.181817682077547,3.0236529787458055,2.6700523353738737,"widens",57.401481600000004,58.9341312
1,-28,0.7,1.4440429929328369,1.9956547609554898,1.7643320274153496,"widens",57.912364800000006,58.9341312
1,-28,0.75,0.71684571629822,0.987969153750945,0.8744518962725323,"widens",58.42324800000001,58.9341312
1,-28,0.8,0,2.220446049250313e-14,0,"mixed-or-unchanged",58.9341312,58.9341312
1,-28,0.85,-0.9688257545341639,-0.7067136236233451,-0.8594214420780788,"narrows",59.445014400000005,58.9341312
1,-28,0.9,-1.9190591695885995,-1.4035084617389115,-1.7041966527075902,"narrows",59.9558976,58.9341312
1,-28,0.95,-2.851230355590373,-2.090591875670633,-2.534696869458597,"narrows",60.466780799999995,58.9341312
1,-28,1,-3.7658494598058923,-2.768165486637897,-3.351280888687369,"narrows",60.977664,58.9341312
1,-26,0,13.196637882453377,19.053783328931615,16.534961317502894,"widens",52.22,60.854556800000005
1,-26,0.05,12.270641011044825,17.652702638841777,15.342966635277676,"widens",52.7596598,60.854556800000005
1,-26,0.1,11.359671311199726,16.284215520064006,14.175110032736725,"widens",53.2993196,60.854556800000005
1,-26,0.15,10.463365933391078,14.947197705165195,13.03066565931228,"widens",53.8389794,60.854556800000005
1,-26,0.2,9.581373616748223,13.640576045563769,11.908936478130938,"widens",54.3786392,60.854556800000005
1,-26,0.25,8.713354230074689,12.3633256388066,10.809252850311335,"widens",54.918299000000005,60.854556800000005
1,-26,0.3,7.8589783345087705,11.114467147419283,9.730971201918837,"widens",55.45795879999999,60.854556800000005
1,-26,0.35,7.017926766645655,9.893064294587873,8.6734727680009,"widens",55.997618599999996,60.854556800000005
1,-26,0.4,6.1898902410127965,8.698221523213956,7.6361624085534485,"widens",56.537278400000005,60.854556800000005
1,-26,0.45,5.37456897085824,7.529081806043014,6.618467491656754,"widens",57.076938199999994,60.854556800000005
1,-26,0.5,4.5716723062753095,6.384824595611738,5.619836839377457,"widens",57.616597999999996,60.854556800000005
1,-26,0.55,3.780918388745902,5.264663903709721,4.639739732359471,"widens",58.1562578,60.854556800000005
1,-26,0.6,3.002033821240002,4.167846500908734,3.6776649693265995,"widens",58.6959176,60.854556800000005
1,-26,0.65,2.2347533530599373,3.093650227492306,2.733119977994858,"widens",59.2355774,60.854556800000005
1,-26,0.7,1.4788195786666458,2.041382407826964,1.8056299741459059,"widens",59.7752372,60.854556800000005
1,-26,0.75,0.7339826497689161,1.0103783608579775,0.8947371658448056,"widens",60.314897,60.854556800000005
1,-26,0.8,0,0,0,"mixed-or-unchanged",60.854556800000005,60.854556800000005
1,-26,0.85,-0.9903654837749909,-0.7233639184565988,-0.8790075513399276,"narrows",61.39421659999999,60.854556800000005
1,-26,0.9,-1.9613068613641649,-1.4363378868923027,-1.7426966673766753,"narrows",61.933876399999995,60.854556800000005
1,-26,0.95,-2.9133900327410256,-2.139144161316342,-2.5914643198954868,"narrows",62.4735362,60.854556800000005
1,-26,1,-3.8471591268066874,-2.8319987034506444,-3.4256938816434435,"narrows",63.01319599999999,60.854556800000005
1,-24,0,13.541893174581187,19.5499370933955,16.966461997019387,"widens",53.68000000000001,62.7875968
1,-24,0.05,12.58897574819522,18.106823981434417,15.739159465371767,"widens",54.24922480000001,62.7875968
1,-24,0.1,11.651920204400135,16.69813558147748,14.537345105798094,"widens",54.81844960000001,62.7875968
1,-24,0.15,10.73033376636281,15.32265463666398,13.36023308463734,"widens",55.38767440000001,62.7875968
1,-24,0.2,9.823836519168072,13.979220611140386,12.207069543982163,"widens",55.95689920000001,62.7875968
1,-24,0.25,8.932060887621374,12.666726424290253,11.077130991680972,"widens",56.526124,62.7875968
1,-24,0.3,8.054651139287895,11.384115408031082,9.969722787646784,"widens",57.095348800000004,62.7875968
1,-24,0.35,7.191262911357232,10.130378469602984,8.88417771981931,"widens",57.664573600000004,62.7875968
1,-24,0.4,6.341562760010744,8.90455144383806,7.819854663644965,"widens",58.233798400000005,62.7875968
1,-24,0.45,5.505227731053619,7.705712620309568,6.776137319415931,"widens",58.803023200000005,62.7875968
1,-24,0.5,4.681944950649419,6.5329804320320095,5.752433022242998,"widens",59.372248000000006,62.7875968
1,-24,0.55,3.8714112350680008,5.385511293531442,4.7481716198338075,"widens",59.94147280000001,62.7875968
1,-24,0.6,3.0733327184239823,4.262497577144431,3.762804413611631,"widens",60.51069760000001,62.7875968
1,-24,0.65,2.287424497445678,3.163165717342631,2.7958031590426424,"widens",61.07992240000001,62.7875968
1,-24,0.7,1.5134102923722637,2.0867744337330407,1.8466591213446515,"widens",61.64914720000001,62.7875968
1,-24,0.75,0.7510221231314063,1.0326130641554299,0.9148821830311071,"widens",62.218372,62.7875968
1,-24,0.8,0,2.220446049250313e-14,2.220446049250313e-14,"mixed-or-unchanged",62.7875968,62.7875968
1,-24,0.85,-1.011718783493698,-0.7399083720021182,-0.8984427968842357,"narrows",63.3568216,62.7875968
1,-24,0.9,-2.0031711086160087,-1.4689478756916508,-1.780885357552786,"narrows",63.926046400000004,62.7875968
1,-24,0.95,-2.974959894375495,-2.187356251939143,-2.6477513284725918,"narrows",64.4952712,62.7875968
1,-24,1,-3.927664379145568,-2.8953643581507094,-3.499449530816312,"narrows",65.064496,62.7875968
1,-22,0,13.887166680145558,20.04612514572632,17.39798911860717,"widens",55.140000000000015,64.73325120000001
1,-22,0.05,12.907191066565282,18.560698520781106,16.135165156308993,"widens",55.739578200000004,64.73325120000001
1,-22,0.1,11.943936548052502,17.111583326504732,14.899219896732419,"widens",56.339156400000014,64.73325120000001
1,-22,0.15,10.996978782620225,15.69746418432234,13.689304222788268,"widens",56.938734600000004,64.73325120000001
1,-22,0.2,10.065907666239116,14.31708849029738,12.504604410298237,"widens",57.538312800000014,64.73325120000001
1,-22,0.25,9.150326740646463,12.969262714491524,11.344340302953192,"widens",58.13789100000001,64.73325120000001
1,-22,0.3,8.249852630468645,11.652848959062844,10.207763599048626,"widens",58.737469200000014,64.73325120000001
1,-22,0.35,7.364114507977071,10.366761754239828,9.094156242091689,"widens",59.33704740000001,64.73325120000001
1,-22,0.4,6.492753583908528,9.10996507320938,8.002828908005789,"widens",59.93662560000001,64.73325120000001
1,-22,0.45,5.635422622880526,7.881469548665843,6.933119582235836,"widens",60.53620380000001,64.73325120000001
1,-22,0.5,4.791785482027011,6.680329875303226,5.884392220582058,"widens",61.135782000000006,64.73325120000001
1,-22,0.55,3.9615166715664785,5.505642383919307,4.856035488070254,"widens",61.73536020000001,64.73325120000001
1,-22,0.6,3.1443009360956564,4.356542774047134,3.8474615706045157,"widens",62.334938400000006,64.73325120000001
1,-22,0.65,2.339832855477275,3.232203993158733,2.8581050545480657,"widens",62.93451660000001,64.73325120000001
1,-22,0.7,1.547816464260432,2.131834251504272,1.8874218697454426,"widens",63.534094800000005,64.73325120000001
1,-22,0.75,0.7679648886371737,1.0546751625732043,0.9348882918338353,"widens",64.13367300000002,64.73325120000001
1,-22,0.8,0,0,0,"mixed-or-unchanged",64.73325120000001,64.73325120000001
1,-22,0.85,-1.032887937505056,-0.7563479157789543,-0.9177288133796813,"narrows",65.33282940000001,64.73325120000001
1,-22,0.9,-2.044656860930194,-1.5013404741727299,-1.818766284518325,"narrows",65.9324076,64.73325120000001
1,-22,0.95,-3.0359479325467453,-2.2352314937058804,-2.7035636744815017,"narrows",66.5319858,64.73325120000001
1,-22,1,-4.00737662083912,-2.9582672842724644,-3.572556122780024,"narrows",67.13156400000001,64.73325120000001
1,-20,0,14.232456992777397,20.54234482758619,17.829540636042406,"widens",56.60000000000001,66.69152
1,-20,0.05,13.225285736688441,19.01432402536671,16.530981962135026,"widens",57.230720000000005,66.69152
1,-20,0.1,12.235719430467928,17.524557349117444,15.260733227517331,"widens",57.86144000000001,66.69152
1,-20,0.15,11.263300482176696,16.071626015747253,14.017878635358993,"widens",58.492160000000005,66.69152
1,-20,0.2,10.307587022104524,14.654180545843577,12.801541467533383,"widens",59.12288000000001,66.69152
1,-20,0.25,9.368152233278426,13.270936583105563,11.610882022171044,"widens",59.753600000000006,66.69152
1,-20,0.3,8.444583715892072,11.920671012787976,10.445095680468054,"widens",60.38432,66.69152
1,-20,0.35,7.5364828836683495,10.602218354499481,9.303411093395987,"widens",61.015040000000006,66.69152
1,-20,0.4,6.643464390298814,9.314467406994154,8.185088479726765,"widens",61.64576,66.69152
1,-20,0.45,5.765155584226034,8.056358124655926,7.089418027480043,"widens",62.27648,66.69152
1,-20,0.5,4.901195990148066,6.826878707220851,6.015718391535474,"widens",62.90720000000001,66.69152
1,-20,0.55,4.0512368157293865,5.625062885945953,4.963335280726855,"widens",63.53792,66.69152
1,-20,0.6,3.2149404821006033,4.449987390925525,3.931640128262015,"widens",64.16864000000001,66.69152
1,-20,0.65,2.3919801768183424,3.3007695856034136,2.9200288397910334,"widens",64.79936000000001,66.69152
1,-20,0.7,1.5820394280428252,2.176565255744811,1.9279206138828053,"widens",65.43008,66.69152
1,-20,0.75,0.7848116987662079,1.0765665412267422,0.9547568300716902,"widens",66.06080000000001,66.69152
1,-20,0.8,0,2.220446049250313e-14,0,"mixed-or-unchanged",66.69152,66.69152
1,-20,0.85,-1.0538752055287315,-0.7726834781050074,-0.936867222480986,"narrows",67.32224,66.69152
1,-20,0.9,-2.0857690086309,-1.5335177181679538,-1.8563429760822814,"narrows",67.95296,66.69152
1,-20,0.95,-3.096362033105571,-2.28277321142053,-2.7589070752692124,"narrows",68.58368,66.69152
1,-20,1,-4.0863070903733085,-3.020712278332782,-3.645021845165164,"narrows",69.21440000000001,66.69152
1,-18,0,14.577762847266662,21.038593748515687,18.2611147089218,"widens",58.06000000000001,68.66240320000001
1,-18,0.05,13.543258661223456,19.467698514073373,16.926608329404047,"widens",58.72265020000002,68.66240320000001
1,-18,0.1,12.527268062680964,17.937056474682443,15.621884098442651,"widens",59.385300400000006,68.66240320000001
1,-18,0.15,11.52929847777111,16.445140008585103,14.345956046666487,"widens",60.04795060000001,68.66240320000001
1,-18,0.2,10.54887465295904,14.990497826725546,13.097881251736855,"widens",60.710600800000016,68.66240320000001
1,-18,0.25,9.5855379003855,13.571750263803084,11.87675751444226,"widens",61.373251,68.66240320000001
1,-18,0.3,8.638845382325133,12.187584913668982,10.681721183732895,"widens",62.03590120000001,68.66240320000001
1,-18,0.35,7.708369432416151,10.836752580044372,9.511945119676234,"widens",62.698551400000014,68.66240320000001
1,-18,0.4,6.793696911474889,9.518063516298048,8.366636784236746,"widens",63.361201600000015,68.66240320000001
1,-18,0.45,5.894428595857293,8.230383930493335,7.245036450618558,"widens",64.0238518,68.66240320000001
1,-18,0.5,5.010178596464332,6.972632734125472,6.146415522669635,"widens",64.68650200000002,68.66240320000001
1,-18,0.55,4.1405738066153,5.743778514953002,5.070074956534776,"widens",65.34915220000002,68.66240320000001
1,-18,0.6,3.285253377129349,4.542836716108556,4.01534377737276,"widens",66.01180240000001,68.66240320000001
1,-18,0.65,2.443868217063616,3.368867005273324,2.9815776845238062,"widens",66.67445260000001,68.66240320000001
1,-18,0.7,1.6160805186565375,2.220970819141277,1.9681577390348037,"widens",67.3371028,68.66240320000001
1,-18,0.75,0.801563305118913,1.0982890696967784,0.97448912792375,"widens",67.99975300000001,68.66240320000001
1,-18,0.8,0,2.220446049250313e-14,0,"mixed-or-unchanged",68.66240320000001,68.66240320000001
1,-18,0.85,-1.0746828217660043,-0.7889159830620107,-0.9558596315484502,"narrows",69.32505340000002,68.66240320000001
1,-18,0.9,-2.1265123802784447,-1.5654816313226183,-1.893618924224838,"narrows",69.9877036,68.66240320000001
1,-18,0.95,-3.156209972511148,-2.3299847056938106,-2.813787183044514,"narrows",70.6503538,68.66240320000001
1,-18,1,-4.164466857264559,-3.082704096270128,-3.716854782894863,"narrows",71.313004,68.66240320000001
1,-16,0,14.923083102285496,21.534869753020413,18.692709677419337,"widens",59.52,70.6459008
1,-16,0.05,13.861108858774319,19.920820225377376,17.322042873546263,"widens",60.2153688,70.6459008
1,-16,0.1,12.818581763364634,18.349079731267093,15.982671666087334,"widens",60.91073760000001,70.6459008
1,-16,0.15,11.794972480879462,16.81800622394507,14.67353632334083,"widens",61.6061064,70.6459008
1,-16,0.2,10.789770714159097,15.326041543588897,13.393624425766415,"widens",62.3014752,70.6459008
1,-16,0.25,9.802484355789097,13.871706127958516,12.141968254790658,"widens",62.99684400000001,70.6459008
1,-16,0.3,8.8326386847829,12.453594118284371,10.917642352661371,"widens",63.6922128,70.6459008
1,-16,0.35,7.879775605464379,11.070368826352839,9.71976124041909,"widens",64.3875816,70.6459008
1,-16,0.4,6.943452925986238,9.720758532067064,8.54747728216083,"widens",65.0829504,70.6459008
1,-16,0.45,6.023243674096923,8.403552583711459,7.3999786847700255,"widens",65.7783192,70.6459008
1,-16,0.5,5.118735447931466,7.11759777578338,6.276487623193083,"widens",66.47368800000001,70.6459008
1,-16,0.55,4.2295297997527515,5.861794981614099,5.176258482164653,"widens",67.1690568,70.6459008
1,-16,0.6,3.3552416507081295,4.635096020111296,4.098576206029225,"widens",67.8644256,70.6459008
1,-16,0.65,2.4954987347954205,3.4365007378506895,3.0427547489844775,"widens",68.5597944,70.6459008
1,-16,0.7,1.649941070351768,2.2650542894439685,2.0081356186884447,"widens",69.2551632,70.6459008
1,-16,0.75,0.8182204574888052,1.1198446006410068,0.9940865067330718,"widens",69.950532,70.6459008
1,-16,0.8,0,0,0,"mixed-or-unchanged",70.6459008,70.6459008
1,-16,0.85,-1.0953129937986805,-0.805046349638805,-0.9747076326211079,"narrows",71.3412696,70.6459008
1,-16,0.9,-2.1668917407988264,-1.5972342234664039,-1.930597583243121,"narrows",72.0366384,70.6459008
1,-16,0.95,-3.2154994155675465,-2.3768692506404565,-2.868209582424408,"narrows",72.7320072,70.6459008
1,-16,1,-4.241866819823203,-3.1442474505816276,-3.7880629153900225,"narrows",73.427376,70.6459008
1,-14,0,15.268416725588207,22.03117089239437,19.12432404066906,"widens",60.980000000000004,72.6420128
1,-14,0.05,14.178835450029803,20.37368759097904,17.717284358630316,"widens",61.708875799999994,72.6420128
1,-14,0.1,13.109659945908557,18.76062632507498,16.343095224460313,"widens",62.4377516,72.6420128
1,-14,0.15,12.060322289731928,17.19022488365094,15.000619456849451,"widens",63.166627399999996,72.6420128
1,-14,0.2,11.030275439182514,15.660813047867261,13.68877176320602,"widens",63.8955032,72.6420128
1,-14,0.25,10.018992282171158,14.170806665605395,12.40651581348271,"widens",64.624379,72.6420128
1,-14,0.3,9.025964737389192,12.718702178182696,11.152861509814183,"widens",65.3532548,72.6420128
1,-14,0.35,8.050702903135365,11.303071559500456,9.926862436847639,"widens",66.0821306,72.6420128
1,-14,0.4,7.09273425142134,9.922557631816309,8.727613478967132,"widens",66.8110064,72.6420128
1,-14,0.45,6.151602864570327,8.575869725842256,7.554248591804624,"widens",67.5398822,72.6420128
1,-14,0.5,5.2268687117178025,7.2617796559967696,6.405938716506321,"widens",68.26875799999999,72.6420128
1,-14,0.55,4.318106962801971,5.9791179844304265,5.281889826198638,"widens",68.9976338,72.6420128
1,-14,0.6,3.4249073377969896,4.726770549937509,4.181341094980051,"widens",69.7265096,72.6420128
1,-14,0.65,2.5468734890946365,3.503675240099513,3.103563180565594,"widens",70.4553854,72.6420128
1,-14,0.7,1.683622415081043,2.3088189870042353,2.0478566124389364,"widens",71.1842612,72.6420128
1,-14,0.75,0.8347839030856008,1.1412349686805046,1.0135502780250105,"widens",71.91313699999999,72.6420128
1,-14,0.8,0,0,0,"mixed-or-unchanged",72.6420128,72.6420128
1,-14,0.85,-1.1157679017522737,-0.8210754910230933,-0.9934128015999022,"narrows",73.3708886,72.6420128
1,-14,0.9,-2.2069117901302837,-1.6287774892784546,-1.9672823683093976,"narrows",74.0997644,72.6420128
1,-14,0.95,-3.2742379139158673,-2.423430092014134,-2.922179788588486,"narrows",74.8286402,72.6420128
1,-14,1,-4.318517703894475,-3.205347008036752,-3.858654114568849,"narrows",75.557516,72.6420128
1,-12,0,15.61376278128348,22.52749540050276,19.555956438180665,"widens",62.440000000000005,74.6507392
1,-12,0.05,14.49643764584334,20.826299213137922,18.1123316799648,"widens",63.20317120000001,74.6507392
1,-12,0.1,13.400502107306078,19.171695619334407,16.70315418878787,"widens",63.96634240000001,74.6507392
1,-12,0.15,12.325347779008577,17.561796350693236,15.327205548474865,"widens",64.7295136,74.6507392
1,-12,0.2,11.27038913013585,15.99481381382024,13.983324134545194,"widens",65.4926848,74.6507392
1,-12,0.25,10.235062422398155,14.469054469089283,12.670401843423473,"widens",66.25585600000001,74.6507392
1,-12,0.3,9.21882470552362,12.982912725182905,11.387381045125068,"widens",67.0190272,74.6507392
1,-12,0.35,8.221152867805648,11.53486530313723,10.133251741802463,"widens",67.7821984,74.6507392
1,-12,0.4,7.241542738216555,10.123466028302719,8.907048916109428,"widens",68.5453696,74.6507392
1,-12,0.45,6.279508236849307,8.74734101278869,7.70785005475112,"widens",69.3085408,74.6507392
1,-12,0.5,5.334580570679814,7.405184194657188,6.5347728338648325,"widens",70.071712,74.6507392
1,-12,0.55,4.406307471853532,6.095753203420173,5.386972954026126,"widens",70.83488320000001,74.6507392
1,-12,0.6,3.494252475896653,4.81786552432899,4.263642113716437,"widens",71.5980544,74.6507392
1,-12,0.65,2.5979942374312115,3.57039493656397,3.164006111029738,"widens",72.3612256,74.6507392
1,-12,0.7,1.7171258811403245,2.3522682027738995,2.087323064249902,"widens",73.1243968,74.6507392
1,-12,0.75,0.8512543858829824,1.1624619895126642,1.0328817427040171,"widens",73.887568,74.6507392
1,-12,0.8,0,2.220446049250313e-14,0,"mixed-or-unchanged",74.6507392,74.6507392
1,-12,0.85,-1.1360496976776657,-0.8370043140167982,-1.0119766976040445,"narrows",75.4139104,74.6507392
1,-12,0.9,-2.2465771622949937,-1.660113407197783,-2.003676654370534,"narrows",76.17708160000001,74.6507392
1,-12,0.95,-3.3324329051446,-2.4696704457052965,-2.9757032459347355,"narrows",76.94025280000001,74.6507392
1,-12,1,-4.394430062395194,-3.266007387869474,-3.928636143498654,"narrows",77.70342400000001,74.6507392
1,-10,0,15.959120418848173,23.02384167289022,19.98760563380282,"widens",63.90000000000001,76.67208000000001
1,-10,0.05,14.813914736944266,21.278653845120665,18.50718384908525,"widens",64.69825500000002,76.67208000000001
1,-10,0.1,13.691107818562331,19.582287116086626,17.06284808152374,"widens",65.49651,76.67208000000001
1,-10,0.15,12.590048890945793,17.93272111236961,15.653294796353823,"widens",66.29476500000001,76.67208000000001
1,-10,0.2,11.510112149562834,16.328045423047644,14.27728249525806,"widens",67.09302000000001,76.67208000000001
1,-10,0.25,10.450695572036683,14.766452218986291,12.93362806929168,"widens",67.89127500000001,76.67208000000001
1,-10,0.3,9.41121979905024,13.246229458729308,11.621203406108616,"widens",68.68953,76.67208000000001
1,-10,0.35,8.39112707785381,11.765754627307956,10.338932231038878,"widens",69.48778500000002,76.67208000000001
1,-10,0.4,7.389880264327697,10.323488959830307,9.08578716342534,"widens",70.28604000000001,76.67208000000001
1,-10,0.45,6.406961879848994,8.917972106618087,7.860786971299372,"widens",71.08429500000001,76.67208000000001
1,-10,0.5,5.44187321948173,7.547817201009144,6.662994008977141,"widens",71.88255000000001,76.67208000000001
1,-10,0.55,4.494133508262466,6.211706294808317,5.491511823513795,"widens",72.68080500000002,76.67208000000001
1,-10,0.6,3.5632791025815624,4.90838612980693,4.3454829171739595,"widens",73.47906,76.67208000000001
1,-10,0.65,2.648862733873125,3.6366642168532914,3.22408665418239,"widens",74.27731500000002,76.67208000000001
1,-10,0.7,1.7504527920214619,2.3954051966899703,2.1265373010155075,"widens",75.07557000000001,76.67208000000001
1,-10,0.75,0.8676326460719253,1.1835274592138623,1.0520821903996724,"widens",75.87382500000001,76.67208000000001
1,-10,0.8,0,2.220446049250313e-14,2.220446049250313e-14,"mixed-or-unchanged",76.67208000000001,76.67208000000001
1,-10,0.85,-1.1561605051126578,-0.8528337185541246,-1.0304008624720584,"narrows",77.470335,76.67208000000001
1,-10,0.9,-2.2858924248201684,-1.6912439385374012,-2.0397837753305725,"narrows",78.26859000000002,76.67208000000001
1,-10,0.95,-3.390091712406107,-2.515593496541846,-3.0287853271494414,"narrows",79.066845,76.67208000000001
1,-10,1,-4.469614275498069,-3.3262331603684525,-3.998016655585479,"narrows",79.86510000000001,76.67208000000001
1,-8,0,16.304488863610487,23.520208248693898,20.419270501835985,"widens",65.36000000000001,78.70603520000002
1,-8,0.05,15.131266085025086,21.730750374273477,18.901839980752854,"widens",66.19412720000001,78.70603520000002
1,-8,0.1,13.981476716385277,19.992400440419743,17.422176520234743,"widens",67.02825440000001,78.70603520000002
1,-8,0.15,12.85442562763257,18.302999765692164,15.978887484255356,"widens",67.8623816,78.70603520000002
1,-8,0.2,11.749444913349594,16.660509551092794,14.570647875485632,"widens",68.69650880000002,78.70603520000002
1,-8,0.25,10.665892572873226,15.063002671931836,13.196196278141347,"widens",69.530636,78.70603520000002
1,-8,0.3,9.60315126645832,13.508656134978603,11.854331089399617,"widens",70.3647632,78.70603520000002
1,-8,0.35,8.560627142427979,11.995744138826158,10.543907015719455,"widens",71.19889040000001,78.70603520000002
1,-8,0.4,7.537748730629068,10.522631681930417,9.263831812593693,"widens",72.03301760000001,78.70603520000002
1,-8,0.45,6.533965897859706,9.08776866855192,8.01306324822544,"widens",72.8671448,78.70603520000002
1,-8,0.5,5.548748861258002,7.689684467932056,6.790606273389699,"widens",73.701272,78.70603520000002
1,-8,0.55,4.581587255933139,6.326982886557331,5.595510381327662,"widens",74.5353992,78.70603520000002
1,-8,0.6,3.6319892533924314,4.998337517378482,4.42686714295184,"widens",75.36952640000001,78.70603520000002
1,-8,0.65,2.699480727563719,3.7024874334186775,3.283807903929703,"widens",76.20365360000001,78.70603520000002
1,-8,0.7,1.7836044654422567,2.4382331963812787,2.1655016313761877,"widens",77.03778080000001,78.70603520000002
1,-8,0.75,0.8839194196016642,1.204433153699802,1.0711528989375774,"widens",77.87190800000002,78.70603520000002
1,-8,0.8,0,2.220446049250313e-14,0,"mixed-or-unchanged",78.70603520000002,78.70603520000002
1,-8,0.85,-1.1761024187929459,-0.8685645973069311,-1.0486868203829491,"narrows",79.5401624,78.70603520000002
1,-8,0.9,-2.324862078447687,-1.722171026770225,-2.0756070234678514,"narrows",80.3742896,78.70603520000002
1,-8,0.95,-3.447221544448076,-2.561202397343354,-3.081431332620166,"narrows",81.20841680000001,78.70603520000002
1,-8,1,-4.544080551343099,-3.3860288458000043,-4.066803194206159,"narrows",82.042544,78.70603520000002
1,-6,0,16.64986740847889,24.016593794931197,20.850950014965576,"widens",66.82000000000001,80.7526048
1,-6,0.05,15.448491114995377,22.18258780731752,19.296299281657948,"widens",67.6907878,80.7526048
1,-6,0.1,14.271608495964628,20.402035326773582,17.781139207075025,"widens",68.5615756,80.7526048
1,-6,0.15,13.118478044316163,18.672633004714022,16.30398397183179,"widens",69.4323634,80.7526048
1,-6,0.2,11.988387884560803,16.99220795581393,14.863421371075013,"widens",70.3031512,80.7526048
1,-6,0.25,10.880654307286086,15.358708650067188,13.458108311245764,"widens",71.17393899999999,80.7526048
1,-6,0.3,9.79462038977621,13.77019655735332,12.086766633418588,"widens",72.0447268,80.7526048
1,-6,0.35,8.72965469690854,12.224838472963384,10.748179235918066,"widens",72.9155146,80.7526048
1,-6,0.4,7.685150056928802,10.720899460205334,9.44118647148795,"widens",73.7863024,80.7526048
1,-6,0.45,6.6605224071174085,9.256736352967444,8.164682796597923,"widens",74.6570902,80.7526048
1,-6,0.5,5.655209704735875,7.830791767082257,6.917613652537669,"widens",75.527878,80.7526048
1,-6,0.55,4.66867089898626,6.441588574606949,5.698972559806137,"widens",76.3986658,80.7526048
1,-6,0.6,3.7003849600331096,5.0877247998032615,4.507798408969199,"widens",77.26945359999999,80.7526048
1,-6,0.65,2.749849961425821,3.767868899743343,3.3431729326600212,"widens",78.1402414,80.7526048
1,-6,0.7,1.8165822125270736,2.4807553961455397,2.204218344747244,"widens",79.0110292,80.7526048
1,-6,0.75,0.900115437795912,1.2251808283172627,1.0900951339151366,"widens",79.881817,80.7526048
1,-6,0.8,0,0,0,"mixed-or-unchanged",80.7526048,80.7526048
1,-6,0.85,-1.1958775044870085,-0.8841978353624214,-1.0668360775780927,"narrows",81.6233926,80.7526048
1,-6,0.9,-2.3634905570811937,-1.7528965969583976,-2.1111496490484716,"narrows",82.49418039999999,80.7526048
1,-6,0.95,-3.503829495984867,-2.6065002681872063,-3.1336464901332572,"narrows",83.36496819999999,80.7526048
1,-6,1,-4.617838927177321,-3.4453989136084884,-4.135003192705966,"narrows",84.235756,80.7526048
1,-4,0,16.995255406729814,24.512997092806543,21.282643233743403,"widens",68.28,82.8117888
1,-4,0.05,15.765589308227357,22.634165257533635,19.69056104057274,"widens",69.1882368,82.8117888
1,-4,0.1,14.561502904675127,20.811191607005284,18.139735919611223,"widens",70.09647360000001,82.8117888
1,-4,0.15,13.382206243565008,19.041621609488367,16.628584686122473,"widens",71.00471040000001,82.8117888
1,-4,0.2,12.226941568066252,17.323142467259434,15.155604135773748,"widens",71.9129472,82.8117888
1,-4,0.25,11.094981693341355,15.653573031860656,13.719366056997927,"widens",72.821184,82.8117888
1,-4,0.3,9.985628480143326,14.030854568341544,12.318512611996546,"widens",73.7294208,82.8117888
1,-4,0.35,8.898211398961188,12.453042286255522,10.951752054984087,"widens",74.63765760000001,82.8117888
1,-4,0.4,7.832086178508546,10.918297564160007,9.617854759291866,"widens",75.54589440000001,82.8117888
1,-4,0.45,6.786633532831132,9.424880802257785,8.31564952764776,"widens",76.4541312,82.8117888
1,-4,0.5,5.761257961748822,7.971144844764622,7.04402016236112,"widens",77.362368,82.8117888
1,-4,0.55,4.755386619750301,6.555528919715359,5.801902274300574,"widens",78.27060480000002,82.8117888
1,-4,0.6,3.768468248825396,5.1765530493335765,4.588280311491699,"widens",79.1788416,82.8117888
1,-4,0.65,2.7999721710584735,3.832812888881554,3.402184789899887,"widens",80.0870784,82.8117888
1,-4,0.7,1.8493873371142167,2.5229749561534565,2.2426897105278565,"widens",80.99531520000001,82.8117888
1,-4,0.75,0.9162214270313829,1.2457722175470254,1.1089101483657382,"widens",81.903552,82.8117888
1,-4,0.8,0,0,0,"mixed-or-unchanged",82.8117888,82.8117888
1,-4,0.85,-1.2154877989334345,-0.8997343099629296,-1.0848501221671802,"narrows",83.7200256,82.8117888
1,-4,0.9,-2.40178222792945,-1.7834225553041594,-2.146414860102319,"narrows",84.6282624,82.8117888
1,-4,0.95,-3.5599225483470387,-2.651490195853967,-3.18543595480697,"narrows",85.5364992,82.8117888
1,-4,1,-4.690899270841731,-3.504347781850503,-4.202623974697528,"narrows",86.444736,82.8117888
1,-2,0,17.340652265699962,25.00941702574082,21.714349297390314,"widens",69.74000000000001,84.8835872
1,-2,0.05,16.082560196648554,23.085481933559148,20.0846246197409,"widens",70.6864742,84.8835872
1,-2,0.1,14.851159736569697,21.219869199956488,18.49796650279998,"widens",71.6329484,84.8835872
1,-2,0.15,13.645610370164519,19.409966436419346,16.9526901141261,"widens",72.5794226,84.8835872
1,-2,0.2,12.465106505843139,17.65331497882514,15.447197374408649,"widens",73.5258968,84.8835872
1,-2,0.25,11.308875680507136,15.947598744101764,13.979971444712035,"widens",74.47237100000001,84.8835872
1,-2,0.3,10.17617687394261,14.290634042359462,12.549571628816224,"widens",75.41884519999999,84.8835872
1,-2,0.35,9.066298925094562,12.680360250261735,11.15462865464034,"widens",76.3653194,84.8835872
1,-2,0.4,7.9785590431103115,11.11483126187549,9.793840302264067,"widens",77.3117936,84.8835872
1,-2,0.45,6.912301406601085,9.592207642423055,8.465967349203218,"widens",78.2582678,84.8835872
1,-2,0.5,5.866895845083309,8.1107494184238,7.169829806402239,"widens",79.20474200000001,84.8835872
1,-2,0.55,4.841736597029245,6.668809444809698,5.904303420913037,"widens",80.1512162,84.8835872
1,-2,0.6,3.8362411393842333,5.264827295855978,4.668316423472407,"widens",81.0976904,84.8835872
1,-2,0.65,2.8498490837974177,3.8973236322917826,3.460846501202597,"widens",82.0441646,84.8835872
1,-2,0.7,1.8820211351724403,2.564895001844425,2.2809179774623045,"widens",82.9906388,84.8835872
1,-2,0.75,0.932238108470429,1.266209034798993,1.1275991824974962,"widens",83.937113,84.8835872
1,-2,0.8,0,2.220446049250313e-14,2.220446049250313e-14,"mixed-or-unchanged",84.8835872,84.8835872
1,-2,0.85,-1.234935309864127,-0.915174890297421,-1.1027304240050384,"narrows",85.8300614,84.8835872
1,-2,0.9,-2.439741391811401,-1.813750788803159,-2.1814058223361465,"narrows",86.7765356,84.8835872
1,-2,0.95,-3.6155075703580786,-2.6961752334228706,-3.2368048092212054,"narrows",87.7230098,84.8835872
1,-2,1,-4.763271282538451,-3.562879816824549,-4.2696727546085445,"narrows",88.669484,84.8835872
1,0,0,17.68605744125327,25.505852568875632,22.146067415730307,"widens",71.2,86.968
1,0,0.05,16.399403357559894,23.53653712956556,20.478489447326666,"widens",72.1855,86.968
1,0,0.1,15.14057882754929,21.628068102307353,18.855830861953503,"widens",73.171,86.968
1,0,0.15,13.908690606640173,19.777668409805326,17.276300796288922,"widens",74.15650000000001,86.968
1,0,0.2,12.702883272856758,17.982727439510636,15.738202336908769,"widens",75.14200000000001,86.968
1,0,0.25,11.522337245897752,16.24078875489974,14.239926439197404,"widens",76.1275,86.968
1,0,0.3,10.36626692941458,14.549538879523816,12.77994631255428,"widens",77.11300000000001,86.968
1,0,0.35,9.23391896764989,12.906797046138507,11.356812230708657,"widens",78.0985,86.968
1,0,0.4,8.124570608306513,11.310505815402472,9.969146730059153,"widens",79.084,86.968
1,0,0.45,7.037528164171003,9.758722479286085,8.615640162608717,"widens",80.0695,86.968
1,0,0.5,5.972125566610864,8.249611173665471,7.295046573314412,"widens",81.055,86.968
1,0,0.55,4.9277230046074205,6.781435632771893,6.006179874574125,"widens",82.04050000000001,86.968
1,0,0.6,3.903705643480726,5.352552525373788,4.747910293161173,"widens",83.026,86.968
1,0,0.65,2.8994824179155776,3.9614053189208187,3.519161067234844,"widens",84.01150000000001,86.968
1,0,0.7,1.9144848943090098,2.6065186234840887,2.3189053731308196,"widens",84.997,86.968
1,0,0.75,0.9481661978392397,1.2864929722858243,1.1461634634954754,"widens",85.9825,86.968
1,0,0.8,0,2.220446049250313e-14,0,"mixed-or-unchanged",86.968,86.968
1,0,0.85,-1.2542220160979056,-0.9305204373375453,-1.120478434627381,"narrows",87.9535,86.968
1,0,0.9,-2.477372283594259,-1.843883164984328,-2.21612565915964,"narrows",88.93900000000001,86.968
1,0,0.95,-3.6705913193960105,-2.7405583999944527,-3.287758063709012,"narrows",89.92450000000001,86.968
1,0,1,-4.834964496822602,-3.620999332865771,-4.336156638433608,"narrows",90.91,86.968
1,2,0,18.03147043291371,26.00230277984503,22.577796862097443,"widens",72.66000000000001,89.0650272
1,2,0.05,16.71611840907761,23.98733021662176,20.872155010774172,"widens",73.68531420000002,89.0650272
1,2,0.1,15.429760051113718,22.035788380535305,19.21332895655312,"widens",74.71062840000002,89.0650272
1,2,0.15,14.17144716932015,20.144728514406495,17.59941732077945,"widens",75.73594260000002,89.0650272
1,2,0.2,12.940272473438629,18.311381847118447,16.028620313053544,"widens",76.76125680000001,89.0650272
1,2,0.25,11.73536739097285,16.533146067544415,14.499233035995385,"widens",77.78657100000001,89.0650272
1,2,0.3,10.555900023684117,14.807573000205632,13.009639312624909,"widens",78.8118852,89.0650272
1,2,0.35,9.401073232161682,13.13235735991336,11.558305989375661,"widens",79.83719940000002,89.0650272
1,2,0.4,8.270122839198946,11.505326476772492,10.143777672525879,"widens",80.86251360000001,89.0650272
1,2,0.45,7.162315943467057,9.924430895243507,8.764671860058758,"widens",81.88782780000001,89.0650272
1,2,0.5,6.07694933566536,8.38773576173033,7.419674434723511,"widens",82.91314200000001,89.0650272
1,2,0.55,5.013348009956853,6.893412924595288,6.107535487411075,"widens",83.9384562,89.0650272
1,2,0.6,3.9708637640667233,5.4397336787809,4.827065442943201,"widens",84.9637704,89.0650272
1,2,0.65,2.9488738819434923,4.02506209449911,3.5771314630322237,"widens",85.98908460000001,89.0650272
1,2,0.7,1.9467798933576086,2.647848875858805,2.3566541035504818,"widens",87.01439880000001,89.0650272
1,2,0.75,0.9640064052448327,1.306625700962094,1.1646042053771843,"widens",88.039713,89.0650272
1,2,0.8,0,2.220446049250313e-14,2.220446049250313e-14,"mixed-or-unchanged",89.0650272,89.0650272
1,2,0.85,-1.2733498676931854,-0.9457718037112484,-1.1380955872368315,"narrows",90.0903414,89.0650272
1,2,0.9,-2.5146790727407553,-1.8738215317236073,-2.250577451807312,"narrows",91.11565560000001,89.0650272
1,2,0.95,-3.725180442605114,-2.7846426805208324,-3.3383006567834106,"narrows",92.14096980000001,89.0650272
1,2,1,-4.905988284773189,-3.6787105922792995,-4.402082624654213,"narrows",93.166284,89.0650272
1,4,0,18.376890779572584,26.498766790639117,23.00953696708039,"widens",74.12,91.1746688
1,4,0.05,17.032705006113048,24.437860635079733,21.26562085095167,"widens",75.1859168,91.1746688
1,4,0.1,15.718703314614512,22.443030163826094,19.570460794794563,"widens",76.25183360000001,91.1746688
1,4,0.15,14.433880304862923,20.511147788895066,17.922040318441535,"widens",77.31775040000001,91.1746688
1,4,0.2,13.177274738093514,18.639280242266377,16.318452627845392,"widens",78.3836672,91.1746688
1,4,0.25,11.947967138629512,16.824673715110315,14.757893257188105,"widens",79.449584,91.1746688
1,4,0.3,10.745077550143979,15.064740340256932,13.238653295440962,"widens",80.51550080000001,91.1746688
1,4,0.35,9.567763435038668,13.35704587836084,11.759113143922594,"widens",81.58141760000001,91.1746688
1,4,0.4,8.415217706401922,11.699298484540055,10.317736756915895,"widens",82.6473344,91.1746688
1,4,0.45,7.286666882884796,10.089338446476436,8.913066322288522,"widens",83.7132512,91.1746688
1,4,0.5,6.181369357631072,8.525128797356473,7.543717343392653,"widens",84.779168,91.1746688
1,4,0.55,5.098613773119953,7.004746717859378,6.208374087365343,"widens",85.84508480000001,91.1746688
1,4,0.6,4.037717494437754,5.526375650883142,4.905785368373894,"widens",86.9110016,91.1746688
1,4,0.65,2.9980251740928,4.08829806101747,3.6347606373991814,"widens",87.9769184,91.1746688
1,4,0.7,1.9789074020335473,2.688888778085863,2.3941663528701307,"widens",89.0428352,91.1746688
1,4,0.75,0.9797594350258398,1.3266088705186752,1.1829226088937217,"widens",90.10875200000001,91.1746688
1,4,0.8,0,2.220446049250313e-14,2.220446049250313e-14,"mixed-or-unchanged",91.1746688,91.1746688
1,4,0.85,-1.292320786149459,-0.9609298336083483,-1.1555832967305113,"narrows",92.24058560000002,91.1746688
1,4,0.9,-2.55166586394604,-1.9035677171199583,-2.2847642395392165,"narrows",93.3065024,91.1746688
1,4,0.95,-3.7792814782278805,-2.828431025726552,-3.388437455675619,"narrows",94.37241920000001,91.1746688
1,4,1,-4.9763518563049285,-3.7360178053906234,-4.467457605296044,"narrows",95.438336,91.1746688
1,6,0,18.72231805569222,26.995243800412403,23.44128711299287,"widens",75.58000000000001,93.29692480000001
1,6,0.05,17.34916283681718,24.888127887844004,21.6588865569747,"widens",76.68730780000001,93.29692480000001
1,6,0.1,16.007408555941048,22.84979363780866,19.927226428765856,"widens",77.79461560000001,93.29692480000001
1,6,0.15,14.69599028718729,20.876927320068674,18.24417045833384,"widens",78.90192340000002,93.29692480000001
1,6,0.2,13.413890720677157,18.96642470310319,16.607700637423473,"widens",80.0092312,93.29692480000001
1,6,0.25,12.160137530633763,17.115374755703417,15.0159091477017,"widens",81.116539,93.29692480000001
1,6,0.3,10.933800916146218,15.321044846819243,13.4669909411244,"widens",82.22384680000002,93.29692480000001
1,6,0.35,9.733991301521282,13.580867285399002,11.959236911857229,"widens",83.33115460000002,93.29692480000001
1,6,0.4,8.559857184270081,11.892427060783795,10.491027605448222,"widens",84.43846240000002,93.29692480000001
1,6,0.45,7.410583119789371,10.253450660558272,9.060827416572836,"widens",85.54577020000002,93.29692480000001
1,6,0.5,6.28538783271313,8.661795856976617,7.667179231648302,"widens",86.65307800000002,93.29692480000001
1,6,0.55,5.183522445742517,7.115442365477431,6.308699477025326,"widens",87.76038580000002,93.29692480000001
1,6,0.6,4.10426881751611,5.612483289632753,4.984073537382794,"widens",88.86769360000001,93.29692480000001
1,6,0.65,3.0469379817683606,4.151117276357419,3.6920515124326814,"widens",89.97500140000001,93.29692480000001
1,6,0.7,2.0108686806475484,2.729641313522202,2.4314442831451677,"widens",91.08230920000001,93.29692480000001
1,6,0.75,0.9954259856317371,1.3464441094239499,1.2011198614698682,"widens",92.18961700000001,93.29692480000001
1,6,0.8,0,2.220446049250313e-14,0,"mixed-or-unchanged",93.29692480000001,93.29692480000001
1,6,0.85,-1.3111366646486378,-0.9759953627136775,-1.1729429597630125,"narrows",94.40423260000001,93.29692480000001
1,6,0.9,-2.5883366978472377,-1.9331235294246518,-2.318689019908182,"narrows",95.5115404,93.29692480000001
1,6,0.95,-3.8329008570334833,-2.871926352106846,-3.4381732569649603,"narrows",96.6188482,93.29692480000001
1,6,1,-5.046064262588901,-3.7929251306944134,-4.532288367097948,"narrows",97.726156,93.29692480000001
1,8,0,19.067751867940874,27.491733069110722,23.87304672897197,"widens",77.04,95.43179520000001
1,8,0.05,17.665491619429275,25.33813153440758,22.051951761617406,"widens",78.1894872,95.43179520000001
1,8,0.1,16.29587574058298,23.25607903900382,20.283625950173633,"widens",79.33897440000001,95.43179520000001
1,8,0.15,14.957777414751284,21.242068237726098,18.56580844377824,"widens",80.48846160000001,95.43179520000001
1,8,0.2,13.65012109589594,19.292817340633526,16.896365725445595,"widens",81.6379488,95.43179520000001
1,8,0.25,12.371879625346427,17.40525226826466,15.273282772038034,"widens",82.787436,95.43179520000001
1,8,0.3,11.122071540961054,15.576490474635829,13.694654940604266,"widens",83.93692320000001,95.43179520000001
1,8,0.35,9.899758563879235,13.803826258936391,12.158680512393548,"widens",85.0864104,95.43179520000001
1,8,0.4,8.70404324933931,12.084717408504186,10.663653833180508,"widens",86.23589760000002,95.43179520000001
1,8,0.45,7.5340667892011215,10.416773034404535,9.207958994992026,"widens",87.38538480000001,95.43179520000001
1,8,0.5,6.389006954865772,8.797742477203641,7.790064010032127,"widens",88.53487200000001,95.43179520000001
1,8,0.55,5.268076170237457,7.225505174678815,6.408515432644157,"widens",89.6843592,95.43179520000001
1,8,0.6,4.170519705236653,5.6980613955447845,5.061933389622486,"widens",90.83384640000001,95.43179520000001
1,8,0.65,3.0956139811569416,4.213523754053128,3.7490069831519923,"widens",91.98333360000002,95.43179520000001
1,8,0.7,2.0426649798696017,2.7701094297567286,2.468490034181392,"widens",93.1328208,95.43179520000001
1,8,0.75,1.0110067495264552,1.3661330250040349,1.2191971371765975,"widens",94.28230800000001,95.43179520000001
1,8,0.8,0,0,0,"mixed-or-unchanged",95.43179520000001,95.43179520000001
1,8,0.85,-1.3297993683299314,-0.9909692181637286,-1.1901759548390345,"narrows",96.5812824,95.43179520000001
1,8,0.9,-2.624695551791567,-1.962490757016122,-2.3523547490820196,"narrows",97.73076960000002,95.43179520000001
1,8,0.95,-3.8860449038217393,-2.915131541990945,-3.4875127872847522,"narrows",98.88025680000001,95.43179520000001
1,8,1,-5.115134398556076,-3.849436675086504,-4.596581592771032,"narrows",100.029744,95.43179520000001
1,10,0,19.413191852202736,27.98823391181038,24.304815286624205,"widens",78.50000000000001,97.57928000000001
1,10,0.05,17.981691099476805,25.787871185554145,22.44481613723659,"widens",79.69245500000002,97.57928000000001
1,10,0.1,16.584104859020865,23.661886649894104,20.639659486547025,"widens",80.88491,97.57928000000001
1,10,0.15,15.21924200813527,21.606571710117663,18.886955008850514,"widens",82.07736500000001,97.57928000000001
1,10,0.2,13.885966557087027,19.618460294572614,17.18444929987839,"widens",83.26982000000001,97.57928000000001
1,10,0.25,12.583194495705886,17.69430934885787,15.530016211379593,"widens",84.462275,97.57928000000001
1,10,0.3,11.30989085396834,15.831081182802254,13.921647993053043,"widens",85.65473000000001,97.57928000000001
1,10,0.35,10.06506695981808,14.02592746811029,12.357447164234525,"widens",86.84718500000001,97.57928000000001
1,10,0.4,8.847777878952478,12.276174709365328,10.835619046147848,"widens",88.03964000000002,97.57928000000001
1,10,0.45,7.657120022642405,10.579311032519767,9.354464892928949,"widens",89.23209500000002,97.57928000000001
1,10,0.5,6.4922289108579,8.932974153565487,7.91237556614881,"widens",90.42455000000001,97.57928000000001
1,10,0.55,5.352277079062229,7.334940406193757,6.507825703317849,"widens",91.61700500000002,97.57928000000001
1,10,0.6,4.236472118023005,5.783114721269644,5.139368335943351,"widens",92.80946000000002,97.57928000000001
1,10,0.65,3.144054836882293,4.275521463165366,3.80562991722031,"widens",94.00191500000001,97.57928000000001
1,10,0.7,2.0742975405366737,2.8102960386729547,2.5053057234372123,"widens",95.19437000000002,97.57928000000001
1,10,0.75,1.02650241311395,1.3856772035563125,1.2371555967322312,"widens",96.38682500000002,97.57928000000001
1,10,0.8,0,2.220446049250313e-14,2.220446049250313e-14,"mixed-or-unchanged",97.57928000000001,97.57928000000001
1,10,0.85,-1.348310734591629,-1.0058522185229624,-1.2072836424306899,"narrows",98.771735,97.57928000000001
1,10,0.9,-2.660746340651987,-1.9916711684127453,-2.3857643422109387,"narrows",99.96419,97.57928000000001
1,10,0.95,-3.9387198389857936,-2.9580494436607374,-3.5364607040891727,"narrows",101.15664500000001,97.57928000000001
1,10,1,-5.183571005461063,-3.90555649416513,-4.660343862329997,"narrows",102.34910000000002,97.57928000000001
1,12,0,19.758637670914325,28.484745693678406,24.736592296148086,"widens",79.96000000000002,99.73937920000002
1,12,0.05,18.2977610472808,26.2373464986418,22.83747939214189,"widens",81.19621120000002,99.73937920000002
1,12,0.1,16.872095924401087,24.067216794534897,20.995327197857527,"widens",82.43242240000002,99.73937920000002
1,12,0.15,15.480384407889215,21.970438939898408,19.20761091525702,"widens",83.66863360000002,99.73937920000002
1,12,0.2,14.121427814241795,19.943355729663725,17.471952790142776,"widens",84.90484480000002,99.73937920000002
1,12,0.25,12.79408322743365,17.982549107379555,15.786111561019167,"widens",86.14105600000002,99.73937920000002
1,12,0.3,11.497260293051713,16.08482093189845,14.147972803617282,"widens",87.37726720000002,99.73937920000002
1,12,0.35,10.229918231067337,14.247175570865878,12.555540083617789,"widens",88.61347840000002,99.73937920000002
1,12,0.4,8.991063050046133,12.466804121736374,11.006926839733921,"widens",89.84968960000002,99.73937920000002
1,12,0.45,7.779744947124256,10.741070085502091,9.500348927767321,"widens",91.08590080000002,99.73937920000002
1,12,0.5,6.595055879457634,9.067496339455893,8.034117763683767,"widens",92.32211200000002,99.73937920000002
1,12,0.55,5.43612729409404,7.443753273612752,6.606634010302592,"widens",93.55832320000002,99.73937920000002
1,12,0.6,4.302128004341066,5.86764797130066,5.216381757976141,"widens",94.79453440000002,99.73937920000002
1,12,0.65,3.192262201717777,4.337114328251812,3.861923154744318,"widens",96.03074560000002,99.73937920000002
1,12,0.7,2.105767593497454,2.8502040165721665,2.5418934459765286,"widens",97.26695680000002,99.73937920000002
1,12,0.75,1.0419136566814036,1.4050782104903847,1.2549963875273518,"widens",98.50316800000003,99.73937920000002
1,12,0.8,0,2.220446049250313e-14,2.220446049250313e-14,"mixed-or-unchanged",99.73937920000002,99.73937920000002
1,12,0.85,-1.3666725734147733,-1.0206451737777122,-1.2242673651155833,"narrows",100.97559040000002,99.73937920000002
1,12,0.9,-2.6964929176795827,-2.0206665123192913,-2.4189206738334024,"narrows",102.2118016,99.73937920000002
1,12,0.95,-3.990931780119189,-3.000682871516114,-3.5850215964709053,"narrows",103.44801280000001,99.73937920000002
1,12,1,-5.251382673488325,-3.9612885925917496,-4.72358165448118,"narrows",104.68422400000001,99.73937920000002
1,14,0,20.104089010687854,28.981267825475587,25.168377302873978,"widens",81.42000000000002,101.91209280000002
1,14,0.05,18.613701255730142,26.686557173394586,23.22994126735658,"widens",82.70075580000001,101.91209280000002
1,14,0.1,17.159848970461724,24.472069834639363,21.35062927350311,"widens",83.98151160000002,101.91209280000002
1,14,0.15,15.741204972612245,22.33367116051934,19.52777694954897,"widens",85.26226740000001,101.91209280000002
1,14,0.2,14.35650559224364,20.267505832398847,17.758877644570205,"widens",86.54302320000001,101.91209280000002
1,14,0.25,13.004546917436045,18.269974664637843,16.041570928074034,"widens",87.82377900000002,101.91209280000002
1,14,0.3,11.684181303170105,16.337713681454137,14.373632081405606,"widens",89.10453480000001,101.91209280000002
1,14,0.35,10.394314122128057,14.467575211832905,12.752962482592277,"widens",90.38529060000002,101.91209280000002
1,14,0.4,9.13390073807836,12.656610778993716,11.177580797244913,"widens",91.66604640000001,101.91209280000002
1,14,0.45,7.901943684256207,10.902055588771953,9.645614897765675,"widens",92.94680220000001,101.91209280000002
1,14,0.5,6.697490030721576,9.201314445272901,8.155294441568772,"widens",94.22755800000002,101.91209280000002
1,14,0.55,5.519628926091658,7.551948942897035,6.70494404645221,"widens",95.50831380000002,101.91209280000002
1,14,0.6,4.3674893003204485,5.951665801796913,5.29297700780873,"widens",96.78906960000002,101.91209280000002
1,14,0.65,3.240237716348715,4.398306229419036,3.917889508142225,"widens",98.06982540000003,101.91209280000002
1,14,0.7,2.137076359490009,2.889836204347418,2.5782552744643805,"widens",99.35058120000002,101.91209280000002
1,14,0.75,1.0572411543587235,1.4243375904926303,1.272720643669878,"widens",100.63133700000002,101.91209280000002
1,14,0.8,0,2.220446049250313e-14,0,"mixed-or-unchanged",101.91209280000002,101.91209280000002
1,14,0.85,-1.3848866677048988,-1.0353488853446002,-1.241128447732387,"narrows",103.19284860000002,101.91209280000002
1,14,0.9,-2.731939075385015,-2.049478517700787,-2.451826578312244,"narrows",104.47360440000001,101.91209280000002
1,14,0.95,-4.042686743654844,-3.0430346062802482,-3.633199986018154,"narrows",105.75436020000002,101.91209280000002
1,14,1,-5.31857784438452,-4.016636924499917,-4.7863013480547885,"narrows",107.03511600000002,101.91209280000002
1,16,0,20.449545580184857,29.47779975953544,25.600169884169865,"widens",82.88,104.0974208
1,16,0.05,18.929511538290257,27.135502948139756,23.622201533720922,"widens",84.2060888,104.0974208
1,16,0.1,17.447364049676818,24.87644616607787,21.705565929611037,"widens",85.5321776,104.0974208
1,16,0.15,16.001704077235136,22.696269633003574,19.84745392063225,"widens",86.85826639999999,104.0974208
1,16,0.2,14.5912006292928,20.590912808093954,18.045225328131686,"widens",88.1843552,104.0974208
1,16,0.25,13.214586672376871,18.556589149754288,16.296396429449068,"widens",89.510444,104.0974208
1,16,0.3,11.87065533508498,16.58976338770635,14.598628537702197,"widens",90.83653279999999,104.0974208
1,16,0.35,10.558256379159992,14.687131020462019,12.949717567495922,"widens",92.1626216,104.0974208
1,16,0.4,9.276292916079832,12.8455997880512,11.347584488661422,"widens",93.4887104,104.0974208
1,16,0.45,8.023718349462673,11.06227290149626,9.790266581084527,"widens",94.8147992,104.0974208
1,16,0.5,6.799533525374657,9.334433837719924,8.275909413276917,"widens",96.14088799999999,104.0974208
1,16,0.55,5.602784074231937,7.659532532019919,6.802759475761233,"widens",97.4669768,104.0974208
1,16,0.6,4.432557929435266,6.035172820505874,5.369157407744218,"widens",98.79306559999999,104.0974208
1,16,0.65,3.2879830091784745,4.459101002444799,3.973531762070115,"widens",100.11915439999999,104.0974208
1,16,0.7,2.168225049047856,2.9291954077004245,2.614393259200165,"widens",101.4452432,104.0974208
1,16,0.75,1.0724855740914752,1.4434568677096804,1.2903294860477255,"widens",102.77133199999999,104.0974208
1,16,0.8,0,2.220446049250313e-14,0,"mixed-or-unchanged",104.0974208,104.0974208
1,16,0.85,-1.4029547736475134,-1.049964146091531,-1.2578681975505046,"narrows",105.4235096,104.0974208
1,16,0.9,-2.767088546441654,-2.0781088938806036,-2.4844848502961647,"narrows",106.7495984,104.0974208
1,16,0.95,-4.093990646526291,-3.085107395237807,-3.6810003277036873,"narrows",108.0756872,104.0974208
1,16,1,-5.385164814105236,-4.071605393945921,-4.848509223469987,"narrows",109.40177599999998,104.0974208
1,18,0,20.795007108210584,29.974340986161565,26.03196964666823,"widens",84.34,106.2953632
1,18,0.05,19.245191727218437,27.58418359643615,24.01425998929614,"widens",85.7122102,106.2953632
1,18,0.1,17.734641231593585,25.28034621574271,22.060137406621582,"widens",87.08442040000001,106.2953632
1,18,0.15,16.26188211148145,23.058235643060577,20.166642657537537,"widens",88.4566306,106.2953632
1,18,0.2,14.825513675495916,20.91357887827514,18.33099732040626,"widens",89.8288408,106.2953632
1,18,0.25,13.424203607401108,18.84239569785,16.550590190018767,"widens",91.201051,106.2953632
1,18,0.3,12.056683844223826,16.840974001613084,14.822964884378509,"widens",92.5732612,106.2953632
1,18,0.35,10.721746748991023,14.905847609390044,13.145808537610893,"widens",93.9454714,106.2953632
1,18,0.4,9.418241553813322,13.033776228090254,11.516941469545783,"widens",95.3176816,106.2953632
1,18,0.45,8.145071051294073,11.221727345683608,9.934307734947744,"widens",96.6898918,106.2953632
1,18,0.5,6.9011885142705065,9.46685983924902,8.395966466229732,"widens",98.06210200000001,106.2953632
1,18,0.55,5.6855948257120925,7.766509110721764,6.900083932998724,"widens",99.43431220000001,106.2953632
1,18,0.6,4.497335802236302,6.118173586772135,5.444926250129223,"widens",100.80652239999999,106.2953632
1,18,0.65,3.3354996961723504,4.519502438960599,4.028852673398697,"widens",102.17873259999999,106.2953632
1,18,0.7,2.1992148624300434,2.9682843973952044,2.6503094281822515,"widens",103.55094279999999,106.2953632
1,18,0.75,1.0876475776260275,1.4624375459485917,1.307824022406212,"widens",104.92315299999999,106.2953632
1,18,0.8,-1.1102230246251565e-14,2.220446049250313e-14,2.220446049250313e-14,"mixed-or-unchanged",106.2953632,106.2953632
1,18,0.85,-1.4208786210746949,-1.0644917403696996,-1.274487904452004,"narrows",107.6675734,106.2953632
1,18,0.9,-2.801945004604678,-2.106559330658575,-2.516898245201571,"narrows",109.03978359999999,106.2953632
1,18,0.95,-4.144849307842257,-3.1269039525017805,-3.728427010798163,"narrows",110.41199379999999,106.2953632
1,18,1,-5.451151735464066,-4.126197855392921,-4.9102114642244015,"narrows",111.784204,106.2953632
1,20,0,21.140473342002576,30.47089103039291,26.463776223776225,"widens",85.80000000000001,108.50592000000002
1,20,0.05,19.560741671961246,28.03259892404748,24.406116457033743,"widens",87.21912,108.50592000000002
1,20,0.1,18.021680601338886,25.683770438733443,22.414343967118477,"widens",88.63824000000001,108.50592000000002
1,20,0.15,16.521739478486275,23.41957049849739,20.485344007419258,"widens",90.05736,108.50592000000002
1,20,0.2,15.05944549160063,21.235506278338477,18.61619511376038,"widens",91.47648000000001,108.50592000000002
1,20,0.25,13.633398844991085,19.12739744798122,16.804154341002153,"widens",92.89560000000002,108.50592000000002
1,20,0.3,12.242268289664281,17.09134946709254,15.046643832479178,"widens",94.31472000000001,108.50592000000002
1,20,0.35,10.884786978234452,15.123729573005251,13.341238583974091,"widens",95.73384,108.50592000000002
1,20,0.4,9.559748617028596,13.221145149464753,11.68565528008616,"widens",97.15296000000001,108.50592000000002
1,20,0.45,8.266003890820484,11.380424205428552,10.077742094921827,"widens",98.57208,108.50592000000002
1,20,0.5,7.002457137921314,9.598597727627812,8.515469361303785,"widens",99.99120000000002,108.50592000000002
1,20,0.55,5.768063255409728,7.872883700362898,6.996921023422464,"widens",101.41032000000001,108.50592000000002
1,20,0.6,4.561824816128723,6.200672611619695,5.520286797244056,"widens",102.82944,108.50592000000002
1,20,0.65,3.3827893807346188,4.57951428668486,4.083854971234135,"widens",104.24856,108.50592000000002
1,20,0.7,2.2300469895735198,3.007105909542185,2.686005787200041,"widens",105.66767999999999,108.50592000000002
1,20,0.75,1.1027278205045787,1.481281108889898,1.3252053474378078,"widens",107.0868,108.50592000000002
1,20,0.8,0,0,0,"mixed-or-unchanged",108.50592000000002,108.50592000000002
1,20,0.85,-1.4386599138401124,-1.0789324440545145,-1.2909888411229975,"narrows",109.92504000000001,108.50592000000002
1,20,0.9,-2.8365120656406284,-2.134831498446399,-2.5490694797104863,"narrows",111.34416,108.50592000000002
1,20,0.95,-4.195268450567746,-3.16842695930335,-3.775484359802228,"narrows",112.76328,108.50592000000002
1,20,1,-5.516546620776253,-4.180418114223561,-4.971414158399179,"narrows",114.1824,108.50592000000002
1,22,0,21.485944045690886,30.967449449094396,26.895589273435693,"widens",87.26,110.72909120000001
1,22,0.05,19.87616123771232,28.480748766219534,24.79777078267864,"widens",88.7268182,110.72909120000001
1,22,0.1,18.308482258275973,26.08671931582567,22.768185893877547,"widens",90.1936364,110.72909120000001
1,22,0.15,16.781276593553194,23.780275526893078,20.803558833756863,"widens",91.66045460000001,110.72909120000001
1,22,0.2,15.292996847858142,21.556697255451706,18.90082021171353,"widens",93.1272728,110.72909120000001
1,22,0.25,13.842173513939816,19.41159754129542,17.05709101850772,"widens",94.594091,110.72909120000001
1,22,0.3,12.427410133224392,17.340893719460794,15.26966809096162,"widens",96.0609092,110.72909120000001
1,22,0.35,11.047378812501908,15.340781486189247,13.536010888325102,"widens",97.5277274,110.72909120000001
1,22,0.4,9.700816066801288,13.407711572759817,11.853729444261418,"widens",98.99454560000001,110.72909120000001
1,22,0.45,8.386518961098188,11.538368726287086,10.220573374298558,"widens",100.46136379999999,110.72909120000001
1,22,0.5,7.103341526090268,9.72965273561428,8.634421832423133,"widens",101.928182,110.72909120000001
1,22,0.55,5.850191425593576,7.978661273862286,7.0932743225624595,"widens",103.39500020000001,110.72909120000001
1,22,0.6,4.626026855189291,6.282674357898532,5.595242281245816,"widens",104.86181839999999,110.72909120000001
1,22,0.65,3.4298536536144786,4.63914024970018,4.138541356976266,"widens",106.32863660000001,110.72909120000001
1,22,0.7,2.260722610063204,3.0456626459079983,2.7214843199492744,"widens",107.79545479999999,110.72909120000001
1,22,0.75,1.1177269520695088,1.4999890203118316,1.3424745428827212,"widens",109.262273,110.72909120000001
1,22,0.8,0,0,0,"mixed-or-unchanged",110.72909120000001,110.72909120000001
1,22,0.85,-1.4563003302002553,-1.093287024594769,-1.307372263252926,"narrows",112.19590939999999,110.72909120000001
1,22,0.9,-2.870793288264162,-2.1629270484176955,-2.581001232280833,"narrows",113.6627276,110.72909120000001
1,22,0.95,-4.2452537032055755,-3.2096790643019735,-3.8221766353915387,"narrows",115.12954580000002,110.72909120000001
1,22,1,-5.581357344488735,-4.234269927275358,-5.032123300174263,"narrows",116.596364,110.72909120000001
1,24,0,21.831418998910035,31.464015828335178,27.327408476104598,"widens",88.72000000000001,112.9648768
1,24,0.05,20.191450304112667,28.92863298522721,25.189222832879476,"widens",90.23530480000001,112.9648768
1,24,0.1,18.595046314793294,26.489193351191176,23.12166348810829,"widens",91.7506096,112.9648768
1,24,0.15,17.04049388303521,24.140352073505422,21.121288014734784,"widens",93.2659144,112.9648768
1,24,0.2,15.526168522999328,21.877154066669814,19.184874127468476,"widens",94.78121920000001,112.9648768
1,24,0.25,14.050528748428249,19.694999119382615,17.309402362228553,"widens",96.296524,112.9648768
1,24,0.3,12.612110838646796,17.58961068404552,15.49204036557179,"widens",97.81182880000001,112.9648768
1,24,0.35,11.2095239956999,15.557007903214792,13.730128622175396,"widens",99.32713360000001,112.9648768
1,24,0.4,9.841445858946285,13.593480487986698,12.021167469111882,"widens",100.8424384,112.9648768
1,24,0.45,8.50661834670079,11.695566114767075,10.362805263568987,"widens",102.3577432,112.9648768
1,24,0.5,7.20384379743777,9.860030050726243,8.752827586228129,"widens",103.87304800000001,112.9648768
1,24,0.55,5.931981385678564,8.083846755710567,7.189147376065641,"widens",105.3883528,112.9648768
1,24,0.6,4.689943790018325,6.364183240485755,5.669795904158104,"widens",106.9036576,112.9648768
1,24,0.65,3.4766940928375067,4.698383988767607,4.192914504409595,"widens",108.41896240000001,112.9648768
1,24,0.7,2.2912428931191275,3.0839572742472177,2.75674698816748,"widens",109.93426720000001,112.9648768
1,24,0.75,1.1326456154751696,1.5185627243232247,1.3596326776382783,"widens",111.449572,112.9648768
1,24,0.8,0,0,0,"mixed-or-unchanged",112.9648768,112.9648768
1,24,0.85,-1.4738015231995694,-1.107556241068386,-1.323639409740418,"narrows",114.4801816,112.9648768
1,24,0.9,-2.9047921750770866,-2.1908476126703436,-2.612696143666504,"narrows",115.99548640000002,112.9648768
1,24,0.95,-4.294810601472642,-3.250662883911448,-3.8685080353709766,"narrows",117.51079120000001,112.9648768
1,24,1,-5.645591645790448,-4.2877570033947325,-5.092344791347269,"narrows",119.02609600000001,112.9648768
1,26,0,22.17689799554563,31.9605897810219,27.759233532934147,"widens",90.18000000000002,115.21327680000002
1,26,0.05,20.506608764076862,29.376251468159296,25.580472493482386,"widens",91.74457980000001,115.21327680000002
1,26,0.1,18.881372895211236,26.891193070339913,23.474777067866782,"widens",93.30915960000002,115.21327680000002
1,26,0.15,17.299391783323802,24.499801499383533,21.438532441781266,"widens",94.8737394,115.21327680000002
1,26,0.2,15.758961303311025,22.196878977240033,19.468358382587848,"widens",96.43831920000001,115.21327680000002
1,26,0.25,14.25846568719422,19.977605322798997,17.56109051427146,"widens",98.00289900000001,115.21327680000002
1,26,0.3,12.796371870866242,17.837504274954764,15.713763357840516,"widens",99.5674788,115.21327680000002
1,26,0.35,11.37122426940136,15.772413356781323,13.92359494598483,"widens",101.13205860000001,115.21327680000002
1,26,0.4,9.981639943496834,13.77845685389647,12.187972844104333,"widens",102.69663840000001,115.21327680000002
1,26,0.45,8.626304123307293,11.852021537919821,10.504441429977485,"widens",104.2612182,115.21327680000002
1,26,0.5,7.303966059216083,9.989734815093264,8.870690301810914,"widens",105.825798,115.21327680000002
1,26,0.55,6.013435172020509,8.188445022047386,7.284543699593926,"widens",107.39037780000002,115.21327680000002
1,26,0.6,4.753577477622706,6.445203626534335,5.743950837901157,"widens",108.9549576,115.21327680000002
1,26,0.65,3.5233122636591174,4.757249121672413,4.2469770598225765,"widens",110.5195374,115.21327680000002
1,26,0.7,2.321608997597213,3.121992428651388,2.7917957317863618,"widens",112.0841172,115.21327680000002
1,26,0.75,1.1474844477066037,1.5370036456037628,1.3766808078758963,"widens",113.648697,115.21327680000002
1,26,0.8,0,2.220446049250313e-14,2.220446049250313e-14,"mixed-or-unchanged",115.21327680000002,115.21327680000002
1,26,0.85,-1.4911651210584909,-1.1217408442440902,-1.3397915029037977,"narrows",116.77785660000002,115.21327680000002
1,26,0.9,-2.9385121735075903,-2.2185948043989323,-2.6441568174440544,"narrows",118.34243640000001,115.21327680000002
1,26,0.95,-4.34394458996803,-3.2913810026396373,-3.9144826956339362,"narrows",119.90701620000002,115.21327680000002
1,26,1,-5.709257131198042,-4.3408830040059465,-5.152084442851956,"narrows",121.47159600000002,115.21327680000002
1,28,0,22.444823143106518,32.457170944758,28.191064164120494,"widens",91.64000000000001,117.47429120000001
1,28,0.05,20.750927387125206,29.823604124916137,25.971519667987963,"widens",93.2546432,117.47429120000001
1,28,0.1,19.103258672272982,27.292719018259646,23.82752696662005,"widens",94.86928640000001,117.47429120000001
1,28,0.15,17.49995014259218,24.858625179663374,21.7552930182479,"widens",96.48392960000001,117.47429120000001
1,28,0.2,15.93923412963909,22.51587425907484,19.75127450579994,"widens",98.0985728,117.47429120000001
1,28,0.25,14.419435651447765,20.259419289743796,17.81215761810351,"widens",99.713216,117.47429120000001
1,28,0.3,12.938966416193832,18.0845783939835,15.934839764186016,"widens",101.3278592,117.47429120000001
1,28,0.35,11.496319285430445,15.987002357172075,14.11641300843296,"widens",102.9425024,117.47429120000001
1,28,0.4,10.090063156321216,13.962645597399636,12.35414904057981,"widens",104.5571456,117.47429120000001
1,28,0.45,8.718838226339187,12.007740123020415,10.645485517147124,"widens",106.1717888,117.47429120000001
1,28,0.5,7.3813516074943575,10.118772125380882,8.98801363050965,"widens",107.786432,117.47429120000001
1,28,0.55,6.076373260356838,8.29246090079443,7.379466778768928,"widens",109.40107520000002,117.47429120000001
1,28,0.6,4.80273222099683,6.525739835761923,5.817710224356865,"widens",111.0157184,117.47429120000001
1,28,0.65,3.559313096514516,4.815739223596283,4.300731642150746,"widens",112.63036160000001,117.47429120000001
1,28,0.7,2.345052807115078,3.159770709913179,2.826632469098578,"widens",114.24500479999999,117.47429120000001
1,28,0.75,1.1589375547276015,1.5553131896496097,1.3936199771640956,"widens",115.85964800000002,117.47429120000001
1,28,0.8,0,0,0,"mixed-or-unchanged",117.47429120000001,117.47429120000001
1,28,0.85,-1.5083927275626352,-1.1326833688520388,-1.3558297486957693,"narrows",119.08893440000001,117.47429120000001
1,28,0.9,-2.971956676746901,-2.2399946903829515,-2.6753858205442183,"narrows",120.70357760000002,117.47429120000001
1,28,0.95,-4.392661023828081,-3.322777021150891,-3.9601046911238114,"narrows",122.3182208,117.47429120000001
1,28,1,-5.77236127711267,-4.381836476354306,-5.211347976272052,"narrows",123.93286400000001,117.47429120000001
1,30,0,22.444823143106518,32.95375897990549,28.622900107411375,"widens",93.10000000000002,119.74792000000001
1,30,0.05,20.750927387125206,30.270690886395492,26.36236427615348,"widens",94.76549500000002,119.74792000000001
1,30,0.1,19.103258672272982,27.693771757731334,24.17991353194653,"widens",96.43099000000002,119.74792000000001
1,30,0.15,17.49995014259218,25.216824502026313,22.071570658214725,"widens",98.09648500000002,119.74792000000001
1,30,0.2,15.93923412963909,22.83414218937523,20.033624031920795,"widens",99.76198000000001,119.74792000000001
1,30,0.25,14.419435651447765,20.540444154872883,18.062605817605125,"widens",101.42747500000002,119.74792000000001
1,30,0.3,12.938966416193832,18.33083692964317,16.155272275112466,"widens",103.09297000000002,119.74792000000001
1,30,0.35,11.496319285430445,16.20077939151976,14.308585945775377,"widens",104.75846500000002,119.74792000000001
1,30,0.4,10.090063156321216,14.14605161307918,12.519699511275473,"widens",106.42396000000001,119.74792000000001
1,30,0.45,8.718838226339187,12.16272695732663,10.785941144767541,"widens",108.08945500000003,119.74792000000001
1,30,0.5,7.3813516074943575,10.247147032778159,9.104801195754742,"widens",109.75495000000002,119.74792000000001
1,30,0.55,6.076373260356838,8.395899171838117,7.47392006915788,"widens",111.42044500000002,119.74792000000001
1,30,0.6,4.80273222099683,6.605796140775189,5.891077175464954,"widens",113.08594000000001,119.74792000000001
1,30,0.65,3.559313096514516,4.873857827512218,4.354180843141542,"widens",114.751435,119.74792000000001
1,30,0.7,2.345052807115078,3.1972946859023077,2.8612590969371965,"widens",116.41693000000002,119.74792000000001
1,30,0.75,1.1589375547276015,1.5734927430232748,1.4104512165972194,"widens",118.08242500000001,119.74792000000001
1,30,0.8,0,2.220446049250313e-14,0,"mixed-or-unchanged",119.74792000000001,119.74792000000001
1,30,0.85,-1.5254859224520412,-1.1326833688520388,-1.3717553369205326,"narrows",121.413415,119.74792000000001
1,30,0.9,-3.0051290246810525,-2.2399946903829515,-2.7063856837861056,"narrows",123.07891000000002,119.74792000000001
1,30,0.95,-4.440965170366217,-3.322777021150891,-4.005378036794505,"narrows",124.74440500000001,119.74792000000001
1,30,1,-5.83491143234427,-4.381836476354306,-5.270141025346908,"narrows",126.40990000000001,119.74792000000001
1,32,0,22.444823143106518,33.45035356782571,29.054741116751238,"widens",94.56000000000002,122.0341632
1,32,0.05,20.750927387125206,30.71751170284658,26.753006252724475,"widens",96.2771352,122.0341632
1,32,0.1,19.103258672272982,28.094351867801404,24.531937124356574,"widens",97.99427040000002,122.0341632
1,32,0.15,17.49995014259218,25.574400865302714,22.38736628540716,"widens",99.7114056,122.0341632
1,32,0.2,15.93923412963909,23.151685049386916,20.315408500878274,"widens",101.42854080000001,122.0341632
1,32,0.25,14.419435651447765,20.820683048233192,18.312437256216143,"widens",103.14567600000002,122.0341632
1,32,0.3,12.938966416193832,18.576283756299294,16.375063574492454,"widens",104.86281120000001,122.0341632
1,32,0.35,11.496319285430445,16.413748923167958,14.50011688127475,"widens",106.57994640000001,122.0341632
1,32,0.4,10.090063156321216,14.328679762786134,12.684627689911787,"widens",108.29708160000003,122.0341632
1,32,0.45,8.718838226339187,12.316987087906671,10.925811908338723,"widens",110.01421680000001,122.0341632
1,32,0.5,7.3813516074943575,10.374864543040797,9.221056592960576,"widens",111.73135200000002,122.0341632
1,32,0.55,6.076373260356838,8.498764567253247,7.567906996295304,"widens",113.4484872,122.0341632
1,32,0.6,4.80273222099683,6.685376767423179,5.964054773345251,"widens",115.16562240000002,122.0341632
1,32,0.65,3.559313096514516,4.931608424597811,4.4073272275362285,"widens",116.88275760000002,122.0341632
1,32,0.7,2.345052807115078,3.234566891950985,2.8956774908653005,"widens",118.5998928,122.0341632
1,32,0.75,1.1589375547276015,1.5915436736067878,1.4271755449278611,"widens",120.31702800000002,122.0341632
1,32,0.8,0,2.220446049250313e-14,0,"mixed-or-unchanged",122.0341632,122.0341632
1,32,0.85,-1.542446261809527,-1.1326833688520388,-1.3875694414532402,"narrows",123.75129840000001,122.0341632
1,32,0.9,-3.0380325048159795,-2.2399946903829515,-2.737158902412584,"narrows",125.46843360000001,122.0341632
1,32,0.95,-4.48886221069531,-3.322777021150891,-4.050306688568284,"narrows",127.1855688,122.0341632
1,32,1,-5.896914820600796,-4.381836476354306,-5.328469137466662,"narrows",128.902704,122.0341632
1,34,0,22.444823143106518,33.94695440928106,29.4865869610498,"widens",96.02000000000001,124.33302080000001
1,34,0.05,20.750927387125206,31.16406654237487,27.14344554628234,"widens",97.78956380000001,124.33302080000001
1,34,0.1,19.103258672272982,28.494459942394013,24.88359811622136,"widens",99.55912760000001,124.33302080000001
1,34,0.15,17.49995014259218,25.931355678205435,22.70268083221294,"widens",101.32869140000003,124.33302080000001
1,34,0.2,15.93923412963909,23.468505123276206,20.596629456829053,"widens",103.09825520000003,124.33302080000001
1,34,0.25,14.419435651447765,21.10013909430608,18.56165407616612,"widens",104.86781900000001,124.33302080000001
1,34,0.3,12.938966416193832,18.82092273340725,16.594216338925392,"widens",106.63738280000001,124.33302080000001
1,34,0.35,11.496319285430445,16.625915391118106,14.6910089246993,"widens",108.40694660000001,124.33302080000001
1,34,0.4,10.090063156321216,14.510534875308622,12.848936990837935,"widens",110.17651040000003,124.33302080000001
1,34,0.45,8.718838226339187,12.470525521528074,11.06510137896377,"widens",111.94607420000003,124.33302080000001
1,34,0.5,7.3813516074943575,10.501929616582828,9.336783389457825,"widens",113.71563800000001,124.33302080000001
1,34,0.55,6.076373260356838,8.601061771564256,7.661430955736548,"widens",115.48520180000001,124.33302080000001
1,34,0.6,4.80273222099683,6.764485895176842,6.0366460704433855,"widens",117.25476560000001,124.33302080000001
1,34,0.65,3.559313096514516,4.988994464664276,4.460173333268136,"widens",119.0243294,124.33302080000001
1,34,0.7,2.345052807115078,3.2715898312470237,2.92988950537445,"widens",120.7938932,124.33302080000001
1,34,0.75,1.1589375547276015,1.6094673308567398,1.4437939687030887,"widens",122.56345700000001,124.33302080000001
1,34,0.8,0,2.220446049250313e-14,2.220446049250313e-14,"mixed-or-unchanged",124.33302080000001,124.33302080000001
1,34,0.85,-1.5592752784472808,-1.1326833688520388,-1.4032732204602216,"narrows",126.10258460000001,124.33302080000001
1,34,0.9,-3.0706703531945823,-2.2399946903829515,-2.767707936625219,"narrows",127.87214840000001,124.33302080000001
1,34,0.95,-4.536357241329592,-3.322777021150891,-4.094894544288485,"narrows",129.6417122,124.33302080000001
1,34,1,-5.958378542939979,-4.381836476354306,-5.386337775154082,"narrows",131.41127600000002,124.33302080000001
1,36,0,22.444823143106518,34.44356122298089,29.91843742306113,"widens",97.48,126.64449279999998
1,36,0.05,20.750927387125206,31.610355389581322,27.533682118195003,"widens",99.3027808,126.64449279999998
1,36,0.1,19.103258672272982,28.894096589048736,25.234896890797586,"widens",101.1255616,126.64449279999998
1,36,0.15,17.49995014259218,26.287690358179372,23.01751523878832,"widens",102.94834239999999,126.64449279999998
1,36,0.2,15.93923412963909,23.784604697112186,20.877288447357213,"widens",104.77112319999999,126.64449279999998
1,36,0.25,14.419435651447765,21.3788154111473,18.81025841777968,"widens",106.593904,126.64449279999998
1,36,0.3,12.938966416193832,19.064757704834,16.812733237163123,"widens",108.4166848,126.64449279999998
1,36,0.35,11.496319285430445,16.837283209552822,14.881265171880509,"widens",110.2394656,126.64449279999998
1,36,0.4,10.090063156321216,14.691621746106055,13.012630808728808,"widens",112.06224639999999,126.64449279999998
1,36,0.45,8.718838226339187,12.623347224600812,11.2038131031855,"widens",113.8850272,126.64449279999998
1,36,0.5,7.3813516074943575,10.62834716861072,9.451985124461082,"widens",115.707808,126.64449279999998
1,36,0.55,6.076373260356838,8.702795422037578,7.75449531313841,"widens",117.5305888,126.64449279999998
1,36,0.6,4.80273222099683,6.8431276575293465,6.108854089696325,"widens",119.35336960000001,126.64449279999998
1,36,0.65,3.559313096514516,5.046019356598097,4.512721671673114,"widens",121.17615039999998,126.64449279999998
1,36,0.7,2.345052807115078,3.308365975232941,2.963896974090141,"widens",122.99893119999999,126.64449279999998
1,36,0.75,1.1589375547276015,1.6272650460610993,1.460307482403378,"widens",124.82171199999999,126.64449279999998
1,36,0.8,-1.1102230246251565e-14,0,-1.1102230246251565e-14,"mixed-or-unchanged",126.64449279999998,126.64449279999998
1,36,0.85,-1.5759744822907873,-1.1326833688520388,-1.4188678166203395,"narrows",128.4672736,126.64449279999998
1,36,0.9,-3.103045755304157,-2.2399946903829515,-2.798035212118233,"narrows",130.29005439999997,126.64449279999998
1,36,0.95,-4.583455275765791,-3.322777021150891,-4.139145444666081,"narrows",132.11283519999998,126.64449279999998
1,36,1,-6.019309580181842,-4.381836476354306,-5.443752317531436,"narrows",133.93561599999998,126.64449279999998
1,38,0,22.444823143106518,34.94017374425553,30.131406411293703,"widens",98.2,127.7890410958904
1,38,0.05,20.750927387125206,32.05637824432195,27.72605290541652,"widens",100.04931506849314,127.7890410958904
1,38,0.1,19.103258672272982,29.293262427770618,25.40800688301561,"widens",101.8986301369863,127.7890410958904
1,38,0.15,17.49995014259218,26.643406330354978,23.172599556353646,"widens",103.74794520547945,127.7890410958904
1,38,0.2,15.93923412963909,24.099986057944832,21.015489193887337,"widens",105.59726027397261,127.7890410958904
1,38,0.25,14.419435651447765,21.656715109613977,18.932632974654485,"widens",107.44657534246575,127.7890410958904
1,38,0.3,12.938966416193832,19.307792498257847,16.920261700047632,"widens",109.2958904109589,127.7890410958904
1,38,0.35,11.496319285430445,17.047856767426573,14.974857030171563,"widens",111.14520547945206,127.7890410958904
1,38,0.4,10.090063156321216,14.87194513710104,13.093130955556088,"widens",112.99452054794521,127.7890410958904
1,38,0.45,8.718838226339187,12.775457123167012,11.272007252254411,"widens",114.84383561643835,127.7890410958904
1,38,0.5,7.3813516074943575,10.754122069295157,9.508604700302858,"widens",116.69315068493151,127.7890410958904
1,38,0.55,6.076373260356838,8.803970109001579,7.800221872977708,"widens",118.54246575342466,127.7890410958904
1,38,0.6,4.80273222099683,6.921306142415129,6.144323327947587,"widens",120.39178082191779,127.7890410958904
1,38,0.65,3.559313096514516,5.102686468812823,4.538527051862484,"widens",122.24109589041095,127.7890410958904
1,38,0.7,2.345052807115078,3.3448977640086586,2.980593027620171,"widens",124.0904109589041,127.7890410958904
1,38,0.75,1.1589375547276015,1.6449381325960521,1.4684128089105686,"widens",125.93972602739724,127.7890410958904
1,38,0.8,0,2.220446049250313e-14,2.220446049250313e-14,"mixed-or-unchanged",127.7890410958904,127.7890410958904
1,38,0.85,-1.5925453607600115,-1.1326833688520388,-1.426518449638614,"narrows",129.63835616438354,127.7890410958904
1,38,0.9,-3.1351618469736997,-2.2399946903829515,-2.8129102160731834,"narrows",131.4876712328767,127.7890410958904
1,38,0.95,-4.63016124604092,-3.322777021150891,-4.160844908358663,"narrows",133.33698630136985,127.7890410958904
1,38,1,-6.079714795280921,-4.381836476354306,-5.471900776199257,"narrows",135.186301369863,127.7890410958904
1,40,0,22.444823143106518,35.4367917238467,30.131406411293703,"widens",98.2,127.7890410958904
1,40,0.05,20.750927387125206,32.502135120576185,27.72605290541652,"widens",100.04931506849314,127.7890410958904
1,40,0.1,19.103258672272982,29.691958089981085,25.40800688301561,"widens",101.8986301369863,127.7890410958904
1,40,0.15,17.49995014259218,26.9985050265954,23.172599556353646,"widens",103.74794520547945,127.7890410958904
1,40,0.2,15.93923412963909,24.414651492968463,21.015489193887337,"widens",105.59726027397261,127.7890410958904
1,40,0.25,14.419435651447765,21.93384129266893,18.932632974654485,"widens",107.44657534246575,127.7890410958904
1,40,0.3,12.938966416193832,19.55003092463743,16.920261700047632,"widens",109.2958904109589,127.7890410958904
1,40,0.35,11.496319285430445,17.257640428117703,14.974857030171563,"widens",111.14520547945206,127.7890410958904
1,40,0.4,10.090063156321216,15.051509776522941,13.093130955556088,"widens",112.99452054794521,127.7890410958904
1,40,0.45,8.718838226339187,12.926860102933734,11.272007252254411,"widens",114.84383561643835,127.7890410958904
1,40,0.5,7.3813516074943575,10.879259143975029,9.508604700302858,"widens",116.69315068493151,127.7890410958904
1,40,0.55,6.076373260356838,8.904590376190002,7.800221872977708,"widens",118.54246575342466,127.7890410958904
1,40,0.6,4.80273222099683,6.999025392643898,6.144323327947587,"widens",120.39178082191779,127.7890410958904
1,40,0.65,3.559313096514516,5.158999129709296,4.538527051862484,"widens",122.24109589041095,127.7890410958904
1,40,0.7,2.345052807115078,3.38118760673769,2.980593027620171,"widens",124.0904109589041,127.7890410958904
1,40,0.75,1.1589375547276015,1.6624878861832837,1.4684128089105686,"widens",125.93972602739724,127.7890410958904
1,40,0.8,0,2.220446049250313e-14,2.220446049250313e-14,"mixed-or-unchanged",127.7890410958904,127.7890410958904
1,40,0.85,-1.608989379146708,-1.1326833688520388,-1.426518449638614,"narrows",129.63835616438354,127.7890410958904
1,40,0.9,-3.167021715259599,-2.2399946903829515,-2.8129102160731834,"narrows",131.4876712328767,127.7890410958904
1,40,0.95,-4.676480004266947,-3.322777021150891,-4.160844908358663,"narrows",133.33698630136985,127.7890410958904
1,40,1,-6.139600935656675,-4.381836476354306,-5.471900776199257,"narrows",135.186301369863,127.7890410958904
1,42,0,22.444823143106518,35.933414926801845,30.131406411293703,"widens",98.2,127.7890410958904
1,42,0.05,20.750927387125206,32.947626045412434,27.72605290541652,"widens",100.04931506849314,127.7890410958904
1,42,0.1,19.103258672272982,30.09018421755978,25.40800688301561,"widens",101.8986301369863,127.7890410958904
1,42,0.15,17.49995014259218,27.352987884627545,23.172599556353646,"widens",103.74794520547945,127.7890410958904
1,42,0.2,15.93923412963909,24.728603288762898,21.015489193887337,"widens",105.59726027397261,127.7890410958904
1,42,0.25,14.419435651447765,22.210197054755753,18.932632974654485,"widens",107.44657534246575,127.7890410958904
1,42,0.3,12.938966416193832,19.791476777743135,16.920261700047632,"widens",109.2958904109589,127.7890410958904
1,42,0.35,11.496319285430445,17.466638529134215,14.974857030171563,"widens",111.14520547945206,127.7890410958904
1,42,0.4,10.090063156321216,15.230320358797055,13.093130955556088,"widens",112.99452054794521,127.7890410958904
1,42,0.45,8.718838226339187,13.077561009342409,11.272007252254411,"widens",114.84383561643835,127.7890410958904
1,42,0.5,7.3813516074943575,11.003763173390158,9.508604700302858,"widens",116.69315068493151,127.7890410958904
1,42,0.55,6.076373260356838,9.004660721105505,7.800221872977708,"widens",118.54246575342466,127.7890410958904
1,42,0.6,4.80273222099683,7.076289406347369,6.144323327947587,"widens",120.39178082191779,127.7890410958904
1,42,0.65,3.559313096514516,5.214960628141929,4.538527051862484,"widens",122.24109589041095,127.7890410958904
1,42,0.7,2.345052807115078,3.4172378820549243,2.980593027620171,"widens",124.0904109589041,127.7890410958904
1,42,0.75,1.1589375547276015,1.6799155851463743,1.4684128089105686,"widens",125.93972602739724,127.7890410958904
1,42,0.8,0,2.220446049250313e-14,2.220446049250313e-14,"mixed-or-unchanged",127.7890410958904,127.7890410958904
1,42,0.85,-1.625307980987889,-1.1326833688520388,-1.426518449638614,"narrows",129.63835616438354,127.7890410958904
1,42,0.9,-3.198628399319503,-2.2399946903829515,-2.8129102160731834,"narrows",131.4876712328767,127.7890410958904
1,42,0.95,-4.722416324140211,-3.322777021150891,-4.160844908358663,"narrows",133.33698630136985,127.7890410958904
1,42,1,-6.198974635481836,-4.381836476354306,-5.471900776199257,"narrows",135.186301369863,127.7890410958904
1,44,0,22.444823143106518,36.4300431314623,30.131406411293703,"widens",98.2,127.7890410958904
1,44,0.05,20.750927387125206,33.39285105804157,27.72605290541652,"widens",100.04931506849314,127.7890410958904
1,44,0.1,19.103258672272982,30.487941461968294,25.40800688301561,"widens",101.8986301369863,127.7890410958904
1,44,0.15,17.49995014259218,27.706856347249055,23.172599556353646,"widens",103.74794520547945,127.7890410958904
1,44,0.2,15.93923412963909,25.041843730603674,21.015489193887337,"widens",105.59726027397261,127.7890410958904
1,44,0.25,14.419435651447765,22.485785481235855,18.932632974654485,"widens",107.44657534246575,127.7890410958904
1,44,0.3,12.938966416193832,20.032133833744425,16.920261700047632,"widens",109.2958904109589,127.7890410958904
1,44,0.35,11.496319285430445,17.674855381868326,14.974857030171563,"widens",111.14520547945206,127.7890410958904
1,44,0.4,10.090063156321216,15.408381544474924,13.093130955556088,"widens",112.99452054794521,127.7890410958904
1,44,0.45,8.718838226339187,13.22756464767112,11.272007252254411,"widens",114.84383561643835,127.7890410958904
1,44,0.5,7.3813516074943575,11.127638893938819,9.508604700302858,"widens",116.69315068493151,127.7890410958904
1,44,0.55,6.076373260356838,9.104185595400649,7.800221872977708,"widens",118.54246575342466,127.7890410958904
1,44,0.6,4.80273222099683,7.153102137436362,6.144323327947587,"widens",120.39178082191779,127.7890410958904
1,44,0.65,3.559313096514516,5.2705742138900336,4.538527051862484,"widens",122.24109589041095,127.7890410958904
1,44,0.7,2.345052807115078,3.4530509384747665,2.980593027620171,"widens",124.0904109589041,127.7890410958904
1,44,0.75,1.1589375547276015,1.6972224906663946,1.4684128089105686,"widens",125.93972602739724,127.7890410958904
1,44,0.8,0,2.220446049250313e-14,2.220446049250313e-14,"mixed-or-unchanged",127.7890410958904,127.7890410958904
1,44,0.85,-1.641502588434851,-1.1326833688520388,-1.426518449638614,"narrows",129.63835616438354,127.7890410958904
1,44,0.9,-3.229984891273374,-2.2399946903829515,-2.8129102160731834,"narrows",131.4876712328767,127.7890410958904
1,44,0.95,-4.767974902426008,-3.322777021150891,-4.160844908358663,"narrows",133.33698630136985,127.7890410958904
1,44,1,-6.257842417927961,-4.381836476354306,-5.471900776199257,"narrows",135.186301369863,127.7890410958904
1,46,0,22.444823143106518,36.686462193301026,30.131406411293703,"widens",98.2,127.7890410958904
1,46,0.05,20.750927387125206,33.62262385686685,27.72605290541652,"widens",100.04931506849314,127.7890410958904
1,46,0.1,19.103258672272982,30.6931266319183,25.40800688301561,"widens",101.8986301369863,127.7890410958904
1,46,0.15,17.49995014259218,27.889324327312103,23.172599556353646,"widens",103.74794520547945,127.7890410958904
1,46,0.2,15.93923412963909,25.203297126986456,21.015489193887337,"widens",105.59726027397261,127.7890410958904
1,46,0.25,14.419435651447765,22.627776879718663,18.932632974654485,"widens",107.44657534246575,127.7890410958904
1,46,0.3,12.938966416193832,20.156081424077456,16.920261700047632,"widens",109.2958904109589,127.7890410958904
1,46,0.35,11.496319285430445,17.78205669895796,14.974857030171563,"widens",111.14520547945206,127.7890410958904
1,46,0.4,10.090063156321216,15.500025583778143,13.093130955556088,"widens",112.99452054794521,127.7890410958904
1,46,0.45,8.718838226339187,13.304742572972561,11.272007252254411,"widens",114.84383561643835,127.7890410958904
1,46,0.5,7.3813516074943575,11.191353523023672,9.508604700302858,"widens",116.69315068493151,127.7890410958904
1,46,0.55,6.076373260356838,9.1553598218582,7.800221872977708,"widens",118.54246575342466,127.7890410958904
1,46,0.6,4.80273222099683,7.192586423964165,6.144323327947587,"widens",120.39178082191779,127.7890410958904
1,46,0.65,3.559313096514516,5.299153273244017,4.538527051862484,"widens",122.24109589041095,127.7890410958904
1,46,0.7,2.345052807115078,3.47144970199198,2.980593027620171,"widens",124.0904109589041,127.7890410958904
1,46,0.75,1.1589375547276015,1.706111450562875,1.4684128089105686,"widens",125.93972602739724,127.7890410958904
1,46,0.8,0,2.220446049250313e-14,2.220446049250313e-14,"mixed-or-unchanged",127.7890410958904,127.7890410958904
1,46,0.85,-1.649816049495545,-1.1326833688520388,-1.426518449638614,"narrows",129.63835616438354,127.7890410958904
1,46,0.9,-3.246077786687196,-2.2399946903829515,-2.8129102160731834,"narrows",131.4876712328767,127.7890410958904
1,46,0.95,-4.791351186753124,-3.322777021150891,-4.160844908358663,"narrows",133.33698630136985,127.7890410958904
1,46,1,-6.288040875303391,-4.381836476354306,-5.471900776199257,"narrows",135.186301369863,127.7890410958904
1,48,0,22.444823143106518,36.686462193301026,30.131406411293703,"widens",98.2,127.7890410958904
1,48,0.05,20.750927387125206,33.62262385686685,27.72605290541652,"widens",100.04931506849314,127.7890410958904
1,48,0.1,19.103258672272982,30.6931266319183,25.40800688301561,"widens",101.8986301369863,127.7890410958904
1,48,0.15,17.49995014259218,27.889324327312103,23.172599556353646,"widens",103.74794520547945,127.7890410958904
1,48,0.2,15.93923412963909,25.203297126986456,21.015489193887337,"widens",105.59726027397261,127.7890410958904
1,48,0.25,14.419435651447765,22.627776879718663,18.932632974654485,"widens",107.44657534246575,127.7890410958904
1,48,0.3,12.938966416193832,20.156081424077456,16.920261700047632,"widens",109.2958904109589,127.7890410958904
1,48,0.35,11.496319285430445,17.78205669895796,14.974857030171563,"widens",111.14520547945206,127.7890410958904
1,48,0.4,10.090063156321216,15.500025583778143,13.093130955556088,"widens",112.99452054794521,127.7890410958904
1,48,0.45,8.718838226339187,13.304742572972561,11.272007252254411,"widens",114.84383561643835,127.7890410958904
1,48,0.5,7.3813516074943575,11.191353523023672,9.508604700302858,"widens",116.69315068493151,127.7890410958904
1,48,0.55,6.076373260356838,9.1553598218582,7.800221872977708,"widens",118.54246575342466,127.7890410958904
1,48,0.6,4.80273222099683,7.192586423964165,6.144323327947587,"widens",120.39178082191779,127.7890410958904
1,48,0.65,3.559313096514516,5.299153273244017,4.538527051862484,"widens",122.24109589041095,127.7890410958904
1,48,0.7,2.345052807115078,3.47144970199198,2.980593027620171,"widens",124.0904109589041,127.7890410958904
1,48,0.75,1.1589375547276015,1.706111450562875,1.4684128089105686,"widens",125.93972602739724,127.7890410958904
1,48,0.8,0,2.220446049250313e-14,2.220446049250313e-14,"mixed-or-unchanged",127.7890410958904,127.7890410958904
1,48,0.85,-1.649816049495545,-1.1326833688520388,-1.426518449638614,"narrows",129.63835616438354,127.7890410958904
1,48,0.9,-3.246077786687196,-2.2399946903829515,-2.8129102160731834,"narrows",131.4876712328767,127.7890410958904
1,48,0.95,-4.791351186753124,-3.322777021150891,-4.160844908358663,"narrows",133.33698630136985,127.7890410958904
1,48,1,-6.288040875303391,-4.381836476354306,-5.471900776199257,"narrows",135.186301369863,127.7890410958904
1,50,0,22.444823143106518,36.686462193301026,30.131406411293703,"widens",98.2,127.7890410958904
1,50,0.05,20.750927387125206,33.62262385686685,27.72605290541652,"widens",100.04931506849314,127.7890410958904
1,50,0.1,19.103258672272982,30.6931266319183,25.40800688301561,"widens",101.8986301369863,127.7890410958904
1,50,0.15,17.49995014259218,27.889324327312103,23.172599556353646,"widens",103.74794520547945,127.7890410958904
1,50,0.2,15.93923412963909,25.203297126986456,21.015489193887337,"widens",105.59726027397261,127.7890410958904
1,50,0.25,14.419435651447765,22.627776879718663,18.932632974654485,"widens",107.44657534246575,127.7890410958904
1,50,0.3,12.938966416193832,20.156081424077456,16.920261700047632,"widens",109.2958904109589,127.7890410958904
1,50,0.35,11.496319285430445,17.78205669895796,14.974857030171563,"widens",111.14520547945206,127.7890410958904
1,50,0.4,10.090063156321216,15.500025583778143,13.093130955556088,"widens",112.99452054794521,127.7890410958904
1,50,0.45,8.718838226339187,13.304742572972561,11.272007252254411,"widens",114.84383561643835,127.7890410958904
1,50,0.5,7.3813516074943575,11.191353523023672,9.508604700302858,"widens",116.69315068493151,127.7890410958904
1,50,0.55,6.076373260356838,9.1553598218582,7.800221872977708,"widens",118.54246575342466,127.7890410958904
1,50,0.6,4.80273222099683,7.192586423964165,6.144323327947587,"widens",120.39178082191779,127.7890410958904
1,50,0.65,3.559313096514516,5.299153273244017,4.538527051862484,"widens",122.24109589041095,127.7890410958904
1,50,0.7,2.345052807115078,3.47144970199198,2.980593027620171,"widens",124.0904109589041,127.7890410958904
1,50,0.75,1.1589375547276015,1.706111450562875,1.4684128089105686,"widens",125.93972602739724,127.7890410958904
1,50,0.8,0,2.220446049250313e-14,2.220446049250313e-14,"mixed-or-unchanged",127.7890410958904,127.7890410958904
1,50,0.85,-1.649816049495545,-1.1326833688520388,-1.426518449638614,"narrows",129.63835616438354,127.7890410958904
1,50,0.9,-3.246077786687196,-2.2399946903829515,-2.8129102160731834,"narrows",131.4876712328767,127.7890410958904
1,50,0.95,-4.791351186753124,-3.322777021150891,-4.160844908358663,"narrows",133.33698630136985,127.7890410958904
1,50,1,-6.288040875303391,-4.381836476354306,-5.471900776199257,"narrows",135.186301369863,127.7890410958904
1,52,0,22.444823143106518,36.686462193301026,30.131406411293703,"widens",98.2,127.7890410958904
1,52,0.05,20.750927387125206,33.62262385686685,27.72605290541652,"widens",100.04931506849314,127.7890410958904
1,52,0.1,19.103258672272982,30.6931266319183,25.40800688301561,"widens",101.8986301369863,127.7890410958904
1,52,0.15,17.49995014259218,27.889324327312103,23.172599556353646,"widens",103.74794520547945,127.7890410958904
1,52,0.2,15.93923412963909,25.203297126986456,21.015489193887337,"widens",105.59726027397261,127.7890410958904
1,52,0.25,14.419435651447765,22.627776879718663,18.932632974654485,"widens",107.44657534246575,127.7890410958904
1,52,0.3,12.938966416193832,20.156081424077456,16.920261700047632,"widens",109.2958904109589,127.7890410958904
1,52,0.35,11.496319285430445,17.78205669895796,14.974857030171563,"widens",111.14520547945206,127.7890410958904
1,52,0.4,10.090063156321216,15.500025583778143,13.093130955556088,"widens",112.99452054794521,127.7890410958904
1,52,0.45,8.718838226339187,13.304742572972561,11.272007252254411,"widens",114.84383561643835,127.7890410958904
1,52,0.5,7.3813516074943575,11.191353523023672,9.508604700302858,"widens",116.69315068493151,127.7890410958904
1,52,0.55,6.076373260356838,9.1553598218582,7.800221872977708,"widens",118.54246575342466,127.7890410958904
1,52,0.6,4.80273222099683,7.192586423964165,6.144323327947587,"widens",120.39178082191779,127.7890410958904
1,52,0.65,3.559313096514516,5.299153273244017,4.538527051862484,"widens",122.24109589041095,127.7890410958904
1,52,0.7,2.345052807115078,3.47144970199198,2.980593027620171,"widens",124.0904109589041,127.7890410958904
1,52,0.75,1.1589375547276015,1.706111450562875,1.4684128089105686,"widens",125.93972602739724,127.7890410958904
1,52,0.8,0,2.220446049250313e-14,2.220446049250313e-14,"mixed-or-unchanged",127.7890410958904,127.7890410958904
1,52,0.85,-1.649816049495545,-1.1326833688520388,-1.426518449638614,"narrows",129.63835616438354,127.7890410958904
1,52,0.9,-3.246077786687196,-2.2399946903829515,-2.8129102160731834,"narrows",131.4876712328767,127.7890410958904
1,52,0.95,-4.791351186753124,-3.322777021150891,-4.160844908358663,"narrows",133.33698630136985,127.7890410958904
1,52,1,-6.288040875303391,-4.381836476354306,-5.471900776199257,"narrows",135.186301369863,127.7890410958904
1,54,0,22.444823143106518,36.686462193301026,30.131406411293703,"widens",98.2,127.7890410958904
1,54,0.05,20.750927387125206,33.62262385686685,27.72605290541652,"widens",100.04931506849314,127.7890410958904
1,54,0.1,19.103258672272982,30.6931266319183,25.40800688301561,"widens",101.8986301369863,127.7890410958904
1,54,0.15,17.49995014259218,27.889324327312103,23.172599556353646,"widens",103.74794520547945,127.7890410958904
1,54,0.2,15.93923412963909,25.203297126986456,21.015489193887337,"widens",105.59726027397261,127.7890410958904
1,54,0.25,14.419435651447765,22.627776879718663,18.932632974654485,"widens",107.44657534246575,127.7890410958904
1,54,0.3,12.938966416193832,20.156081424077456,16.920261700047632,"widens",109.2958904109589,127.7890410958904
1,54,0.35,11.496319285430445,17.78205669895796,14.974857030171563,"widens",111.14520547945206,127.7890410958904
1,54,0.4,10.090063156321216,15.500025583778143,13.093130955556088,"widens",112.99452054794521,127.7890410958904
1,54,0.45,8.718838226339187,13.304742572972561,11.272007252254411,"widens",114.84383561643835,127.7890410958904
1,54,0.5,7.3813516074943575,11.191353523023672,9.508604700302858,"widens",116.69315068493151,127.7890410958904
1,54,0.55,6.076373260356838,9.1553598218582,7.800221872977708,"widens",118.54246575342466,127.7890410958904
1,54,0.6,4.80273222099683,7.192586423964165,6.144323327947587,"widens",120.39178082191779,127.7890410958904
1,54,0.65,3.559313096514516,5.299153273244017,4.538527051862484,"widens",122.24109589041095,127.7890410958904
1,54,0.7,2.345052807115078,3.47144970199198,2.980593027620171,"widens",124.0904109589041,127.7890410958904
1,54,0.75,1.1589375547276015,1.706111450562875,1.4684128089105686,"widens",125.93972602739724,127.7890410958904
1,54,0.8,0,2.220446049250313e-14,2.220446049250313e-14,"mixed-or-unchanged",127.7890410958904,127.7890410958904
1,54,0.85,-1.649816049495545,-1.1326833688520388,-1.426518449638614,"narrows",129.63835616438354,127.7890410958904
1,54,0.9,-3.246077786687196,-2.2399946903829515,-2.8129102160731834,"narrows",131.4876712328767,127.7890410958904
1,54,0.95,-4.791351186753124,-3.322777021150891,-4.160844908358663,"narrows",133.33698630136985,127.7890410958904
1,54,1,-6.288040875303391,-4.381836476354306,-5.471900776199257,"narrows",135.186301369863,127.7890410958904
1,56,0,22.444823143106518,36.686462193301026,30.131406411293703,"widens",98.2,127.7890410958904
1,56,0.05,20.750927387125206,33.62262385686685,27.72605290541652,"widens",100.04931506849314,127.7890410958904
1,56,0.1,19.103258672272982,30.6931266319183,25.40800688301561,"widens",101.8986301369863,127.7890410958904
1,56,0.15,17.49995014259218,27.889324327312103,23.172599556353646,"widens",103.74794520547945,127.7890410958904
1,56,0.2,15.93923412963909,25.203297126986456,21.015489193887337,"widens",105.59726027397261,127.7890410958904
1,56,0.25,14.419435651447765,22.627776879718663,18.932632974654485,"widens",107.44657534246575,127.7890410958904
1,56,0.3,12.938966416193832,20.156081424077456,16.920261700047632,"widens",109.2958904109589,127.7890410958904
1,56,0.35,11.496319285430445,17.78205669895796,14.974857030171563,"widens",111.14520547945206,127.7890410958904
1,56,0.4,10.090063156321216,15.500025583778143,13.093130955556088,"widens",112.99452054794521,127.7890410958904
1,56,0.45,8.718838226339187,13.304742572972561,11.272007252254411,"widens",114.84383561643835,127.7890410958904
1,56,0.5,7.3813516074943575,11.191353523023672,9.508604700302858,"widens",116.69315068493151,127.7890410958904
1,56,0.55,6.076373260356838,9.1553598218582,7.800221872977708,"widens",118.54246575342466,127.7890410958904
1,56,0.6,4.80273222099683,7.192586423964165,6.144323327947587,"widens",120.39178082191779,127.7890410958904
1,56,0.65,3.559313096514516,5.299153273244017,4.538527051862484,"widens",122.24109589041095,127.7890410958904
1,56,0.7,2.345052807115078,3.47144970199198,2.980593027620171,"widens",124.0904109589041,127.7890410958904
1,56,0.75,1.1589375547276015,1.706111450562875,1.4684128089105686,"widens",125.93972602739724,127.7890410958904
1,56,0.8,0,2.220446049250313e-14,2.220446049250313e-14,"mixed-or-unchanged",127.7890410958904,127.7890410958904
1,56,0.85,-1.649816049495545,-1.1326833688520388,-1.426518449638614,"narrows",129.63835616438354,127.7890410958904
1,56,0.9,-3.246077786687196,-2.2399946903829515,-2.8129102160731834,"narrows",131.4876712328767,127.7890410958904
1,56,0.95,-4.791351186753124,-3.322777021150891,-4.160844908358663,"narrows",133.33698630136985,127.7890410958904
1,56,1,-6.288040875303391,-4.381836476354306,-5.471900776199257,"narrows",135.186301369863,127.7890410958904
1,58,0,22.444823143106518,36.686462193301026,30.131406411293703,"widens",98.2,127.7890410958904
1,58,0.05,20.750927387125206,33.62262385686685,27.72605290541652,"widens",100.04931506849314,127.7890410958904
1,58,0.1,19.103258672272982,30.6931266319183,25.40800688301561,"widens",101.8986301369863,127.7890410958904
1,58,0.15,17.49995014259218,27.889324327312103,23.172599556353646,"widens",103.74794520547945,127.7890410958904
1,58,0.2,15.93923412963909,25.203297126986456,21.015489193887337,"widens",105.59726027397261,127.7890410958904
1,58,0.25,14.419435651447765,22.627776879718663,18.932632974654485,"widens",107.44657534246575,127.7890410958904
1,58,0.3,12.938966416193832,20.156081424077456,16.920261700047632,"widens",109.2958904109589,127.7890410958904
1,58,0.35,11.496319285430445,17.78205669895796,14.974857030171563,"widens",111.14520547945206,127.7890410958904
1,58,0.4,10.090063156321216,15.500025583778143,13.093130955556088,"widens",112.99452054794521,127.7890410958904
1,58,0.45,8.718838226339187,13.304742572972561,11.272007252254411,"widens",114.84383561643835,127.7890410958904
1,58,0.5,7.3813516074943575,11.191353523023672,9.508604700302858,"widens",116.69315068493151,127.7890410958904
1,58,0.55,6.076373260356838,9.1553598218582,7.800221872977708,"widens",118.54246575342466,127.7890410958904
1,58,0.6,4.80273222099683,7.192586423964165,6.144323327947587,"widens",120.39178082191779,127.7890410958904
1,58,0.65,3.559313096514516,5.299153273244017,4.538527051862484,"widens",122.24109589041095,127.7890410958904
1,58,0.7,2.345052807115078,3.47144970199198,2.980593027620171,"widens",124.0904109589041,127.7890410958904
1,58,0.75,1.1589375547276015,1.706111450562875,1.4684128089105686,"widens",125.93972602739724,127.7890410958904
1,58,0.8,0,2.220446049250313e-14,2.220446049250313e-14,"mixed-or-unchanged",127.7890410958904,127.7890410958904
1,58,0.85,-1.649816049495545,-1.1326833688520388,-1.426518449638614,"narrows",129.63835616438354,127.7890410958904
1,58,0.9,-3.246077786687196,-2.2399946903829515,-2.8129102160731834,"narrows",131.4876712328767,127.7890410958904
1,58,0.95,-4.791351186753124,-3.322777021150891,-4.160844908358663,"narrows",133.33698630136985,127.7890410958904
1,58,1,-6.288040875303391,-4.381836476354306,-5.471900776199257,"narrows",135.186301369863,127.7890410958904
1,60,0,22.444823143106518,36.686462193301026,30.131406411293703,"widens",98.2,127.7890410958904
1,60,0.05,20.750927387125206,33.62262385686685,27.72605290541652,"widens",100.04931506849314,127.7890410958904
1,60,0.1,19.103258672272982,30.6931266319183,25.40800688301561,"widens",101.8986301369863,127.7890410958904
1,60,0.15,17.49995014259218,27.889324327312103,23.172599556353646,"widens",103.74794520547945,127.7890410958904
1,60,0.2,15.93923412963909,25.203297126986456,21.015489193887337,"widens",105.59726027397261,127.7890410958904
1,60,0.25,14.419435651447765,22.627776879718663,18.932632974654485,"widens",107.44657534246575,127.7890410958904
1,60,0.3,12.938966416193832,20.156081424077456,16.920261700047632,"widens",109.2958904109589,127.7890410958904
1,60,0.35,11.496319285430445,17.78205669895796,14.974857030171563,"widens",111.14520547945206,127.7890410958904
1,60,0.4,10.090063156321216,15.500025583778143,13.093130955556088,"widens",112.99452054794521,127.7890410958904
1,60,0.45,8.718838226339187,13.304742572972561,11.272007252254411,"widens",114.84383561643835,127.7890410958904
1,60,0.5,7.3813516074943575,11.191353523023672,9.508604700302858,"widens",116.69315068493151,127.7890410958904
1,60,0.55,6.076373260356838,9.1553598218582,7.800221872977708,"widens",118.54246575342466,127.7890410958904
1,60,0.6,4.80273222099683,7.192586423964165,6.144323327947587,"widens",120.39178082191779,127.7890410958904
1,60,0.65,3.559313096514516,5.299153273244017,4.538527051862484,"widens",122.24109589041095,127.7890410958904
1,60,0.7,2.345052807115078,3.47144970199198,2.980593027620171,"widens",124.0904109589041,127.7890410958904
1,60,0.75,1.1589375547276015,1.706111450562875,1.4684128089105686,"widens",125.93972602739724,127.7890410958904
1,60,0.8,0,2.220446049250313e-14,2.220446049250313e-14,"mixed-or-unchanged",127.7890410958904,127.7890410958904
1,60,0.85,-1.649816049495545,-1.1326833688520388,-1.426518449638614,"narrows",129.63835616438354,127.7890410958904
1,60,0.9,-3.246077786687196,-2.2399946903829515,-2.8129102160731834,"narrows",131.4876712328767,127.7890410958904
1,60,0.95,-4.791351186753124,-3.322777021150891,-4.160844908358663,"narrows",133.33698630136985,127.7890410958904
1,60,1,-6.288040875303391,-4.381836476354306,-5.471900776199257,"narrows",135.186301369863,127.7890410958904
